Approach,Size,Difficulty,TimeStep,NumChanges,AdaptTime,SuccessRate,AvgPathLength
A* Static,20,Easy,0,0,0,1,5.54232
A* Static,20,Easy,1,1,0,0.996865,5.53774
A* Static,20,Easy,2,2,0,0.931034,5.38047
A* Static,20,Easy,3,1,0,0.880878,5.45907
A* Static,20,Easy,4,1,0,0.84326,5.36431
A* Static,20,Easy,5,1,0,0.84326,5.36431
A* Static,20,Easy,6,1,0,0.836991,5.37079
A* Static,20,Easy,7,1,0,0.736677,5.20426
A* Static,20,Easy,8,1,0,0.724138,5.1645
A* Static,20,Easy,9,1,0,0.724138,5.1645
A* Static,20,Easy,10,1,0,0.724138,5.1645
A* Static,20,Easy,11,1,0,0.724138,5.1645
A* Static,20,Easy,12,6,0,0.680251,5.11982
A* Static,20,Easy,13,1,0,0.605016,4.80311
A* Static,20,Easy,14,2,0,0.579937,4.83243
A* Static,20,Easy,15,1,0,0.579937,4.83243
A* Static,20,Easy,16,1,0,0.583072,4.84409
A* Static,20,Easy,17,1,0,0.583072,4.84409
A* Static,20,Easy,18,1,0,0.583072,4.84409
A* Static,20,Easy,19,1,0,0.586207,4.85027
A* Static,20,Easy,20,1,0,0.586207,4.85027
A* Static,20,Easy,21,1,0,0.579937,4.81081
A* Static,20,Easy,22,1,0,0.576803,4.80435
A* Static,20,Easy,23,1,0,0.570533,4.81868
A* Static,20,Easy,24,3,0,0.601881,4.72917
A* Static,20,Easy,25,1,0,0.601881,4.72917
A* Static,20,Easy,26,1,0,0.60815,4.7268
A* Static,20,Easy,27,1,0,0.595611,4.66316
A* Static,20,Easy,28,1,0,0.592476,4.66667
A* Static,20,Easy,29,1,0,0.589342,4.67553
A* Static,20,Easy,30,1,0,0.583072,4.62903
A* Static,20,Easy,31,1,0,0.583072,4.62903
A* Static,20,Easy,32,1,0,0.579937,4.60541
A* Static,20,Easy,33,1,0,0.579937,4.60541
A* Static,20,Easy,34,1,0,0.576803,4.59239
A* Static,20,Easy,35,1,0,0.576803,4.59239
A* Static,20,Easy,36,1,0,0.576803,4.61413
A* Static,20,Easy,37,1,0,0.579937,4.61081
A* Static,20,Easy,38,1,0,0.567398,4.61326
A* Static,20,Easy,39,2,0,0.545455,4.66092
A* Static,20,Easy,40,1,0,0.545455,4.66092
A* Static,20,Easy,41,1,0,0.54232,4.6763
A* Static,20,Easy,42,1,0,0.539185,4.68605
A* Static,20,Easy,43,1,0,0.520376,4.68675
A* Static,20,Easy,44,1,0,0.504702,4.73292
A* Static,20,Easy,45,1,0,0.501567,4.7375
A* Static,20,Easy,46,1,0,0.501567,4.73125
A* Static,20,Easy,47,4,0,0.470219,4.85333
A* Static,20,Easy,48,1,0,0.467085,4.87248
A* Static,20,Easy,49,1,0,0.467085,4.87248
A* Static,20,Easy,50,1,0,0.467085,4.87248
A* Oracle,20,Easy,0,0,0,1,5.54232
A* Oracle,20,Easy,1,1,0.0444582,1,5.53918
A* Oracle,20,Easy,2,2,0.0447319,1,5.59248
A* Oracle,20,Easy,3,1,0.044537,1,5.62382
A* Oracle,20,Easy,4,1,0.0442783,1,5.59875
A* Oracle,20,Easy,5,1,0.0444774,1,5.60188
A* Oracle,20,Easy,6,1,0.0443784,1,5.60188
A* Oracle,20,Easy,7,1,0.0445463,1,5.60188
A* Oracle,20,Easy,8,1,0.0448342,1,5.62069
A* Oracle,20,Easy,9,1,0.0446255,1,5.61755
A* Oracle,20,Easy,10,1,0.0450482,1,5.61442
A* Oracle,20,Easy,11,1,0.0445695,1,5.60188
A* Oracle,20,Easy,12,6,0.0443404,1,5.57994
A* Oracle,20,Easy,13,1,0.04389,1,5.57994
A* Oracle,20,Easy,14,2,0.0442219,1,5.58307
A* Oracle,20,Easy,15,1,0.0440101,1,5.58307
A* Oracle,20,Easy,16,1,0.0441296,1,5.58621
A* Oracle,20,Easy,17,1,0.0442505,1,5.57994
A* Oracle,20,Easy,18,1,0.0438652,1,5.57053
A* Oracle,20,Easy,19,1,0.0442842,1,5.5674
A* Oracle,20,Easy,20,1,0.043873,1,5.56426
A* Oracle,20,Easy,21,1,0.044106,1,5.5674
A* Oracle,20,Easy,22,1,0.0439062,1,5.57053
A* Oracle,20,Easy,23,1,0.0442839,1,5.5768
A* Oracle,20,Easy,24,3,0.0440595,1,5.5674
A* Oracle,20,Easy,25,1,0.0444263,1,5.56426
A* Oracle,20,Easy,26,1,0.0442747,1,5.56426
A* Oracle,20,Easy,27,1,0.0444256,1,5.56113
A* Oracle,20,Easy,28,1,0.044648,1,5.56113
A* Oracle,20,Easy,29,1,0.0447832,1,5.56426
A* Oracle,20,Easy,30,1,0.0443131,1,5.56426
A* Oracle,20,Easy,31,1,0.0440023,1,5.55799
A* Oracle,20,Easy,32,1,0.0439996,1,5.55486
A* Oracle,20,Easy,33,1,0.0441252,1,5.54859
A* Oracle,20,Easy,34,1,0.0452135,1,5.54232
A* Oracle,20,Easy,35,1,0.0445002,1,5.54232
A* Oracle,20,Easy,36,1,0.0443319,1,5.54232
A* Oracle,20,Easy,37,1,0.0443387,1,5.54232
A* Oracle,20,Easy,38,1,0.0439922,1,5.53918
A* Oracle,20,Easy,39,2,0.0437811,1,5.52038
A* Oracle,20,Easy,40,1,0.0439254,1,5.51724
A* Oracle,20,Easy,41,1,0.043722,1,5.52351
A* Oracle,20,Easy,42,1,0.0439965,1,5.51724
A* Oracle,20,Easy,43,1,0.0437658,1,5.51724
A* Oracle,20,Easy,44,1,0.0437095,1,5.52351
A* Oracle,20,Easy,45,1,0.0435628,1,5.52351
A* Oracle,20,Easy,46,1,0.0441776,1,5.52351
A* Oracle,20,Easy,47,4,0.0436366,1,5.51724
A* Oracle,20,Easy,48,1,0.0439014,1,5.52038
A* Oracle,20,Easy,49,1,0.0441528,1,5.52038
A* Oracle,20,Easy,50,1,0.044263,1,5.52038
Local,20,Easy,0,0,0,1,5.74608
Local,20,Easy,1,1,0.186004,1,5.57053
Local,20,Easy,2,2,0.157165,1,5.59248
Local,20,Easy,3,1,0.137675,1,5.62382
Local,20,Easy,4,1,0.143468,1,5.59875
Local,20,Easy,5,1,0.107211,1,5.60188
Local,20,Easy,6,1,0.139335,1,5.59875
Local,20,Easy,7,1,0.102113,1,5.59875
Local,20,Easy,8,1,0.140669,1,5.62696
Local,20,Easy,9,1,0.119576,1,5.61755
Local,20,Easy,10,1,0.114377,1,5.61442
Local,20,Easy,11,1,0.120883,1,5.61442
Local,20,Easy,12,6,0.167866,1,5.58934
Local,20,Easy,13,1,0.22085,1,5.57994
Local,20,Easy,14,2,0.135183,1,5.58307
Local,20,Easy,15,1,0.100169,1,5.58307
Local,20,Easy,16,1,0.140309,1,5.58621
Local,20,Easy,17,1,0.133588,1,5.57994
Local,20,Easy,18,1,0.0991265,1,5.57367
Local,20,Easy,19,1,0.101645,1,5.5674
Local,20,Easy,20,1,0.13616,1,5.56426
Local,20,Easy,21,1,0.109312,1,5.5674
Local,20,Easy,22,1,0.0934384,1,5.57053
Local,20,Easy,23,1,0.109612,1,5.5768
Local,20,Easy,24,3,0.117893,1,5.5674
Local,20,Easy,25,1,0.115524,1,5.56426
Local,20,Easy,26,1,0.0859103,1,5.56426
Local,20,Easy,27,1,0.0886614,1,5.56113
Local,20,Easy,28,1,0.109041,1,5.56113
Local,20,Easy,29,1,0.081774,1,5.56426
Local,20,Easy,30,1,0.0948659,1,5.56113
Local,20,Easy,31,1,0.0823001,1,5.55486
Local,20,Easy,32,1,0.148976,1,5.55172
Local,20,Easy,33,1,0.102805,1,5.54545
Local,20,Easy,34,1,0.129901,1,5.54232
Local,20,Easy,35,1,0.0736039,1,5.54232
Local,20,Easy,36,1,0.0831988,1,5.54232
Local,20,Easy,37,1,0.119854,1,5.54232
Local,20,Easy,38,1,0.0975214,1,5.53605
Local,20,Easy,39,2,0.11026,1,5.52978
Local,20,Easy,40,1,0.14785,1,5.51724
Local,20,Easy,41,1,0.111719,1,5.52351
Local,20,Easy,42,1,0.105366,1,5.51411
Local,20,Easy,43,1,0.118648,1,5.51411
Local,20,Easy,44,1,0.105164,1,5.52038
Local,20,Easy,45,1,0.126445,1,5.52038
Local,20,Easy,46,1,0.0905851,1,5.52038
Local,20,Easy,47,4,0.136027,1,5.51411
Local,20,Easy,48,1,0.109578,1,5.51724
Local,20,Easy,49,1,0.0790852,1,5.52038
Local,20,Easy,50,1,0.0945891,1,5.52038
Hierarchy,20,Easy,0,0,0,1,5.69279
Hierarchy,20,Easy,1,1,0.182275,1,5.54232
Hierarchy,20,Easy,2,2,0.201978,1,5.59561
Hierarchy,20,Easy,3,1,0.185027,1,5.62382
Hierarchy,20,Easy,4,1,0.184403,1,5.59875
Hierarchy,20,Easy,5,1,0.147869,1,5.59875
Hierarchy,20,Easy,6,1,0.134082,1,5.59875
Hierarchy,20,Easy,7,1,0.0941175,1,5.59875
Hierarchy,20,Easy,8,1,0.141501,1,5.62696
Hierarchy,20,Easy,9,1,0.101216,1,5.61755
Hierarchy,20,Easy,10,1,0.0832068,1,5.61442
Hierarchy,20,Easy,11,1,0.130213,1,5.60188
Hierarchy,20,Easy,12,6,0.119966,1,5.57994
Hierarchy,20,Easy,13,1,0.116042,1,5.57994
Hierarchy,20,Easy,14,2,0.127434,1,5.58307
Hierarchy,20,Easy,15,1,0.108313,1,5.58307
Hierarchy,20,Easy,16,1,0.080391,1,5.58621
Hierarchy,20,Easy,17,1,0.14471,1,5.57994
Hierarchy,20,Easy,18,1,0.0744512,1,5.57994
Hierarchy,20,Easy,19,1,0.141713,1,5.5674
Hierarchy,20,Easy,20,1,0.123164,1,5.56426
Hierarchy,20,Easy,21,1,0.127457,1,5.5674
Hierarchy,20,Easy,22,1,0.111341,1,5.57053
Hierarchy,20,Easy,23,1,0.113419,1,5.5768
Hierarchy,20,Easy,24,3,0.145192,1,5.5674
Hierarchy,20,Easy,25,1,0.0978755,1,5.56426
Hierarchy,20,Easy,26,1,0.0710124,1,5.56426
Hierarchy,20,Easy,27,1,0.0776436,1,5.56113
Hierarchy,20,Easy,28,1,0.082407,1,5.56113
Hierarchy,20,Easy,29,1,0.106442,1,5.56426
Hierarchy,20,Easy,30,1,0.13015,1,5.56113
Hierarchy,20,Easy,31,1,0.102777,1,5.55486
Hierarchy,20,Easy,32,1,0.0980554,1,5.55172
Hierarchy,20,Easy,33,1,0.104897,1,5.54545
Hierarchy,20,Easy,34,1,0.0817799,1,5.54232
Hierarchy,20,Easy,35,1,0.136293,1,5.54232
Hierarchy,20,Easy,36,1,0.108656,1,5.54232
Hierarchy,20,Easy,37,1,0.101109,1,5.54232
Hierarchy,20,Easy,38,1,0.0757429,1,5.53605
Hierarchy,20,Easy,39,2,0.0961395,1,5.53292
Hierarchy,20,Easy,40,1,0.137071,1,5.52038
Hierarchy,20,Easy,41,1,0.107768,1,5.52665
Hierarchy,20,Easy,42,1,0.0983325,1,5.52038
Hierarchy,20,Easy,43,1,0.125935,1,5.51411
Hierarchy,20,Easy,44,1,0.129806,1,5.52038
Hierarchy,20,Easy,45,1,0.10687,1,5.52038
Hierarchy,20,Easy,46,1,0.101593,1,5.52038
Hierarchy,20,Easy,47,4,0.108378,1,5.52038
Hierarchy,20,Easy,48,1,0.133168,1,5.51724
Hierarchy,20,Easy,49,1,0.0992292,1,5.52038
Hierarchy,20,Easy,50,1,0.108506,1,5.52038
A* Static,20,Medium,0,0,0,1,5.63669
A* Static,20,Medium,1,1,0,0.996403,5.62094
A* Static,20,Medium,2,2,0,0.978417,5.63971
A* Static,20,Medium,3,1,0,0.97482,5.63469
A* Static,20,Medium,4,1,0,0.971223,5.63333
A* Static,20,Medium,5,1,0,0.967626,5.62825
A* Static,20,Medium,6,1,0,0.964029,5.63433
A* Static,20,Medium,7,1,0,0.94964,5.58333
A* Static,20,Medium,8,1,0,0.942446,5.5458
A* Static,20,Medium,9,1,0,0.938849,5.5364
A* Static,20,Medium,10,1,0,0.910072,5.42292
A* Static,20,Medium,11,1,0,0.899281,5.372
A* Static,20,Medium,12,6,0,0.78777,5.04566
A* Static,20,Medium,13,1,0,0.78777,5.04566
A* Static,20,Medium,14,2,0,0.776978,5.06481
A* Static,20,Medium,15,1,0,0.773381,5.05581
A* Static,20,Medium,16,1,0,0.766187,5.02347
A* Static,20,Medium,17,1,0,0.766187,5.02347
A* Static,20,Medium,18,1,0,0.766187,5.02347
A* Static,20,Medium,19,1,0,0.741007,4.91262
A* Static,20,Medium,20,1,0,0.73741,4.91707
A* Static,20,Medium,21,1,0,0.733813,4.93627
A* Static,20,Medium,22,1,0,0.730216,4.94581
A* Static,20,Medium,23,1,0,0.723022,4.9204
A* Static,20,Medium,24,3,0,0.708633,4.83249
A* Static,20,Medium,25,1,0,0.705036,4.85204
A* Static,20,Medium,26,1,0,0.697842,4.80928
A* Static,20,Medium,27,1,0,0.694245,4.81865
A* Static,20,Medium,28,1,0,0.694245,4.81865
A* Static,20,Medium,29,1,0,0.672662,4.75401
A* Static,20,Medium,30,1,0,0.665468,4.73514
A* Static,20,Medium,31,1,0,0.665468,4.73514
A* Static,20,Medium,32,1,0,0.651079,4.70166
A* Static,20,Medium,33,1,0,0.651079,4.70166
A* Static,20,Medium,34,1,0,0.643885,4.69274
A* Static,20,Medium,35,1,0,0.643885,4.69274
A* Static,20,Medium,36,1,0,0.643885,4.69274
A* Static,20,Medium,37,1,0,0.633094,4.6875
A* Static,20,Medium,38,1,0,0.604317,4.57143
A* Static,20,Medium,39,2,0,0.600719,4.57485
A* Static,20,Medium,40,1,0,0.593525,4.55152
A* Static,20,Medium,41,1,0,0.589928,4.55488
A* Static,20,Medium,42,1,0,0.589928,4.55488
A* Static,20,Medium,43,1,0,0.589928,4.55488
A* Static,20,Medium,44,1,0,0.586331,4.53374
A* Static,20,Medium,45,1,0,0.589928,4.53049
A* Static,20,Medium,46,1,0,0.593525,4.53939
A* Static,20,Medium,47,4,0,0.589928,4.43293
A* Static,20,Medium,48,1,0,0.589928,4.43293
A* Static,20,Medium,49,1,0,0.589928,4.43293
A* Static,20,Medium,50,1,0,0.589928,4.43293
A* Oracle,20,Medium,0,0,0,1,5.63669
A* Oracle,20,Medium,1,1,0.0304817,1,5.63669
A* Oracle,20,Medium,2,2,0.030146,1,5.64029
A* Oracle,20,Medium,3,1,0.0302795,1,5.6223
A* Oracle,20,Medium,4,1,0.0304006,1,5.58633
A* Oracle,20,Medium,5,1,0.0303602,1,5.58993
A* Oracle,20,Medium,6,1,0.0304675,1,5.57914
A* Oracle,20,Medium,7,1,0.0304505,1,5.57914
A* Oracle,20,Medium,8,1,0.0305203,1,5.58633
A* Oracle,20,Medium,9,1,0.0307899,1,5.57554
A* Oracle,20,Medium,10,1,0.0305536,1,5.58273
A* Oracle,20,Medium,11,1,0.0306072,1,5.58273
A* Oracle,20,Medium,12,6,0.0302428,0.996403,5.6065
A* Oracle,20,Medium,13,1,0.0303473,0.996403,5.60289
A* Oracle,20,Medium,14,2,0.0305829,0.996403,5.61011
A* Oracle,20,Medium,15,1,0.0304325,0.996403,5.6065
A* Oracle,20,Medium,16,1,0.0302224,0.996403,5.61372
A* Oracle,20,Medium,17,1,0.0302172,0.996403,5.61011
A* Oracle,20,Medium,18,1,0.0300994,0.996403,5.59928
A* Oracle,20,Medium,19,1,0.030092,0.996403,5.59567
A* Oracle,20,Medium,20,1,0.030205,0.996403,5.59567
A* Oracle,20,Medium,21,1,0.0297988,0.996403,5.59567
A* Oracle,20,Medium,22,1,0.0300978,0.996403,5.59567
A* Oracle,20,Medium,23,1,0.0299927,0.996403,5.54874
A* Oracle,20,Medium,24,3,0.0299194,0.996403,5.53791
A* Oracle,20,Medium,25,1,0.0295593,0.996403,5.54513
A* Oracle,20,Medium,26,1,0.0298731,0.996403,5.55596
A* Oracle,20,Medium,27,1,0.0298094,0.996403,5.54874
A* Oracle,20,Medium,28,1,0.0297475,0.996403,5.54513
A* Oracle,20,Medium,29,1,0.0299521,0.996403,5.54513
A* Oracle,20,Medium,30,1,0.029673,0.996403,5.54874
A* Oracle,20,Medium,31,1,0.0296045,0.996403,5.54152
A* Oracle,20,Medium,32,1,0.0298884,0.996403,5.54513
A* Oracle,20,Medium,33,1,0.0297658,0.996403,5.49097
A* Oracle,20,Medium,34,1,0.0320956,0.996403,5.47292
A* Oracle,20,Medium,35,1,0.0292821,0.97482,5.4428
A* Oracle,20,Medium,36,1,0.029472,0.97482,5.43911
A* Oracle,20,Medium,37,1,0.0291721,0.97482,5.43542
A* Oracle,20,Medium,38,1,0.0291881,0.97482,5.43173
A* Oracle,20,Medium,39,2,0.02958,0.996403,5.46209
A* Oracle,20,Medium,40,1,0.0294902,0.992806,5.45652
A* Oracle,20,Medium,41,1,0.029399,0.992806,5.4529
A* Oracle,20,Medium,42,1,0.0297069,0.996403,5.45848
A* Oracle,20,Medium,43,1,0.0298235,0.996403,5.45848
A* Oracle,20,Medium,44,1,0.0297262,0.996403,5.45126
A* Oracle,20,Medium,45,1,0.029865,0.996403,5.45487
A* Oracle,20,Medium,46,1,0.0296188,0.996403,5.45126
A* Oracle,20,Medium,47,4,0.0299352,1,5.46763
A* Oracle,20,Medium,48,1,0.0301146,1,5.46403
A* Oracle,20,Medium,49,1,0.0299668,1,5.46403
A* Oracle,20,Medium,50,1,0.0301487,1,5.46403
Local,20,Medium,0,0,0,1,5.85252
Local,20,Medium,1,1,0.202233,1,5.65468
Local,20,Medium,2,2,0.149367,1,5.63669
Local,20,Medium,3,1,0.129099,1,5.61871
Local,20,Medium,4,1,0.175413,1,5.61151
Local,20,Medium,5,1,0.127408,1,5.58633
Local,20,Medium,6,1,0.136167,1,5.57554
Local,20,Medium,7,1,0.121497,1,5.57554
Local,20,Medium,8,1,0.142041,1,5.58273
Local,20,Medium,9,1,0.0947905,1,5.57194
Local,20,Medium,10,1,0.0947773,1,5.57914
Local,20,Medium,11,1,0.0732272,1,5.57914
Local,20,Medium,12,6,0.173034,0.996403,5.6065
Local,20,Medium,13,1,0.10963,0.996403,5.59928
Local,20,Medium,14,2,0.122698,0.996403,5.6065
Local,20,Medium,15,1,0.105851,0.996403,5.6065
Local,20,Medium,16,1,0.103302,0.996403,5.61372
Local,20,Medium,17,1,0.103298,0.996403,5.61011
Local,20,Medium,18,1,0.121311,0.996403,5.61011
Local,20,Medium,19,1,0.12241,0.996403,5.59928
Local,20,Medium,20,1,0.113176,0.996403,5.59567
Local,20,Medium,21,1,0.0829247,0.996403,5.59567
Local,20,Medium,22,1,0.101038,0.996403,5.59567
Local,20,Medium,23,1,0.138127,0.996403,5.54874
Local,20,Medium,24,3,0.150291,0.996403,5.53069
Local,20,Medium,25,1,0.121831,0.996403,5.53791
Local,20,Medium,26,1,0.0982622,0.996403,5.54874
Local,20,Medium,27,1,0.1413,0.996403,5.54874
Local,20,Medium,28,1,0.134927,0.996403,5.54152
Local,20,Medium,29,1,0.149242,0.996403,5.53791
Local,20,Medium,30,1,0.149569,0.996403,5.54152
Local,20,Medium,31,1,0.123233,0.996403,5.5343
Local,20,Medium,32,1,0.122624,0.996403,5.53791
Local,20,Medium,33,1,0.130165,0.996403,5.48375
Local,20,Medium,34,1,0.14416,0.996403,5.4657
Local,20,Medium,35,1,0.152803,0.97482,5.43542
Local,20,Medium,36,1,0.130679,0.97482,5.43542
Local,20,Medium,37,1,0.135741,0.97482,5.42804
Local,20,Medium,38,1,0.106578,0.97482,5.42435
Local,20,Medium,39,2,0.131345,0.996403,5.45848
Local,20,Medium,40,1,0.138216,0.992806,5.44928
Local,20,Medium,41,1,0.0913803,0.992806,5.4529
Local,20,Medium,42,1,0.127604,0.996403,5.45126
Local,20,Medium,43,1,0.113869,0.996403,5.45126
Local,20,Medium,44,1,0.11185,0.996403,5.44765
Local,20,Medium,45,1,0.100064,0.996403,5.44765
Local,20,Medium,46,1,0.140213,0.996403,5.44404
Local,20,Medium,47,4,0.121092,1,5.46043
Local,20,Medium,48,1,0.140287,1,5.45683
Local,20,Medium,49,1,0.107445,1,5.45683
Local,20,Medium,50,1,0.0661541,1,5.45683
Hierarchy,20,Medium,0,0,0,1,5.73022
Hierarchy,20,Medium,1,1,0.190502,1,5.63669
Hierarchy,20,Medium,2,2,0.166096,1,5.63669
Hierarchy,20,Medium,3,1,0.121277,1,5.61871
Hierarchy,20,Medium,4,1,0.183502,1,5.58993
Hierarchy,20,Medium,5,1,0.118692,1,5.59353
Hierarchy,20,Medium,6,1,0.103096,1,5.57554
Hierarchy,20,Medium,7,1,0.0859082,1,5.57554
Hierarchy,20,Medium,8,1,0.113766,1,5.58273
Hierarchy,20,Medium,9,1,0.109325,1,5.57194
Hierarchy,20,Medium,10,1,0.0862694,1,5.57914
Hierarchy,20,Medium,11,1,0.121502,1,5.57914
Hierarchy,20,Medium,12,6,0.159835,0.996403,5.60289
Hierarchy,20,Medium,13,1,0.131921,0.996403,5.59928
Hierarchy,20,Medium,14,2,0.166804,0.996403,5.6065
Hierarchy,20,Medium,15,1,0.0921217,0.996403,5.6065
Hierarchy,20,Medium,16,1,0.103843,0.996403,5.61372
Hierarchy,20,Medium,17,1,0.100638,0.996403,5.61011
Hierarchy,20,Medium,18,1,0.126872,0.996403,5.60289
Hierarchy,20,Medium,19,1,0.158804,0.996403,5.59567
Hierarchy,20,Medium,20,1,0.142203,0.996403,5.59567
Hierarchy,20,Medium,21,1,0.10026,0.996403,5.59567
Hierarchy,20,Medium,22,1,0.108182,0.996403,5.59567
Hierarchy,20,Medium,23,1,0.140573,0.996403,5.54874
Hierarchy,20,Medium,24,3,0.108968,0.996403,5.53069
Hierarchy,20,Medium,25,1,0.0850343,0.996403,5.53791
Hierarchy,20,Medium,26,1,0.130381,0.996403,5.54874
Hierarchy,20,Medium,27,1,0.11438,0.996403,5.54513
Hierarchy,20,Medium,28,1,0.12758,0.996403,5.53791
Hierarchy,20,Medium,29,1,0.125976,0.996403,5.53791
Hierarchy,20,Medium,30,1,0.107279,0.996403,5.54152
Hierarchy,20,Medium,31,1,0.140101,0.996403,5.5343
Hierarchy,20,Medium,32,1,0.0855979,0.996403,5.53791
Hierarchy,20,Medium,33,1,0.134142,0.996403,5.48375
Hierarchy,20,Medium,34,1,0.127424,0.996403,5.4657
Hierarchy,20,Medium,35,1,0.124317,0.97482,5.43542
Hierarchy,20,Medium,36,1,0.132648,0.97482,5.43542
Hierarchy,20,Medium,37,1,0.166985,0.97482,5.42804
Hierarchy,20,Medium,38,1,0.115409,0.97482,5.42435
Hierarchy,20,Medium,39,2,0.115778,0.996403,5.46209
Hierarchy,20,Medium,40,1,0.124802,0.992806,5.44928
Hierarchy,20,Medium,41,1,0.111568,0.992806,5.4529
Hierarchy,20,Medium,42,1,0.139202,0.996403,5.45126
Hierarchy,20,Medium,43,1,0.0795048,0.996403,5.45126
Hierarchy,20,Medium,44,1,0.115095,0.996403,5.44765
Hierarchy,20,Medium,45,1,0.11072,0.996403,5.44765
Hierarchy,20,Medium,46,1,0.1289,0.996403,5.44404
Hierarchy,20,Medium,47,4,0.141675,1,5.46043
Hierarchy,20,Medium,48,1,0.12273,1,5.45683
Hierarchy,20,Medium,49,1,0.108324,1,5.45683
Hierarchy,20,Medium,50,1,0.121443,1,5.45683
A* Static,20,Hard,0,0,0,0.941176,6.85096
A* Static,20,Hard,1,1,0,0.927602,6.83902
A* Static,20,Hard,2,1,0,0.923077,6.83824
A* Static,20,Hard,3,1,0,0.923077,6.83824
A* Static,20,Hard,4,1,0,0.900452,6.81407
A* Static,20,Hard,5,1,0,0.891403,6.80711
A* Static,20,Hard,6,1,0,0.819005,6.8453
A* Static,20,Hard,7,2,0,0.782805,6.67052
A* Static,20,Hard,8,1,0,0.778281,6.63953
A* Static,20,Hard,9,1,0,0.737557,6.55828
A* Static,20,Hard,10,1,0,0.656109,6.38621
A* Static,20,Hard,11,1,0,0.656109,6.38621
A* Static,20,Hard,12,1,0,0.651584,6.40972
A* Static,20,Hard,13,1,0,0.651584,6.40972
A* Static,20,Hard,14,1,0,0.728507,6.5528
A* Static,20,Hard,15,1,0,0.683258,6.54305
A* Static,20,Hard,16,1,0,0.660633,6.5274
A* Static,20,Hard,17,1,0,0.642534,6.30282
A* Static,20,Hard,18,1,0,0.628959,6.22302
A* Static,20,Hard,19,1,0,0.624434,6.23188
A* Static,20,Hard,20,1,0,0.624434,6.23188
A* Static,20,Hard,21,1,0,0.615385,6.28676
A* Static,20,Hard,22,1,0,0.615385,6.28676
A* Static,20,Hard,23,1,0,0.606335,6.23134
A* Static,20,Hard,24,2,0,0.60181,6.20301
A* Static,20,Hard,25,1,0,0.497738,6.13636
A* Static,20,Hard,26,1,0,0.479638,6.26415
A* Static,20,Hard,27,1,0,0.479638,6.26415
A* Static,20,Hard,28,1,0,0.429864,5.82105
A* Static,20,Hard,29,1,0,0.384615,5.56471
A* Static,20,Hard,30,1,0,0.38009,5.58333
A* Static,20,Hard,31,1,0,0.38009,5.58333
A* Static,20,Hard,32,1,0,0.402715,5.85393
A* Static,20,Hard,33,1,0,0.38914,5.86047
A* Static,20,Hard,34,1,0,0.38914,5.86047
A* Static,20,Hard,35,1,0,0.38914,5.86047
A* Static,20,Hard,36,1,0,0.384615,5.87059
A* Static,20,Hard,37,1,0,0.384615,5.87059
A* Static,20,Hard,38,2,0,0.371041,5.90244
A* Static,20,Hard,39,1,0,0.366516,5.8642
A* Static,20,Hard,40,1,0,0.366516,5.8642
A* Static,20,Hard,41,1,0,0.366516,5.8642
A* Static,20,Hard,42,1,0,0.366516,5.8642
A* Static,20,Hard,43,1,0,0.371041,5.85366
A* Static,20,Hard,44,1,0,0.361991,5.8875
A* Static,20,Hard,45,1,0,0.361991,5.8875
A* Static,20,Hard,46,1,0,0.339367,6.01333
A* Static,20,Hard,47,1,0,0.334842,6.05405
A* Static,20,Hard,48,1,0,0.330317,6.0411
A* Static,20,Hard,49,1,0,0.330317,6.0411
A* Static,20,Hard,50,1,0,0.330317,6.0411
A* Oracle,20,Hard,0,0,0,0.941176,6.85096
A* Oracle,20,Hard,1,1,0.0183624,0.941176,6.86058
A* Oracle,20,Hard,2,1,0.0185697,0.941176,6.86538
A* Oracle,20,Hard,3,1,0.0191993,0.954751,6.93365
A* Oracle,20,Hard,4,1,0.0190165,0.954751,6.80095
A* Oracle,20,Hard,5,1,0.0190739,0.954751,6.80095
A* Oracle,20,Hard,6,1,0.0190446,0.868778,6.8125
A* Oracle,20,Hard,7,2,0.0189538,0.855204,6.71429
A* Oracle,20,Hard,8,1,0.0200262,0.873303,6.8342
A* Oracle,20,Hard,9,1,0.0204043,0.873303,6.8342
A* Oracle,20,Hard,10,1,0.0201168,0.873303,6.84456
A* Oracle,20,Hard,11,1,0.0199584,0.873303,6.84456
A* Oracle,20,Hard,12,1,0.0203275,0.873303,6.83938
A* Oracle,20,Hard,13,1,0.0199981,0.873303,6.83938
A* Oracle,20,Hard,14,1,0.0202391,0.873303,6.82902
A* Oracle,20,Hard,15,1,0.0198943,0.873303,6.82383
A* Oracle,20,Hard,16,1,0.0198495,0.873303,6.82902
A* Oracle,20,Hard,17,1,0.0199668,0.873303,6.85492
A* Oracle,20,Hard,18,1,0.020086,0.873303,6.85492
A* Oracle,20,Hard,19,1,0.0202453,0.873303,6.85492
A* Oracle,20,Hard,20,1,0.0204969,0.873303,6.89119
A* Oracle,20,Hard,21,1,0.0200547,0.873303,6.8342
A* Oracle,20,Hard,22,1,0.0200492,0.873303,6.8342
A* Oracle,20,Hard,23,1,0.0199946,0.873303,6.79793
A* Oracle,20,Hard,24,2,0.0194827,0.859729,6.74211
A* Oracle,20,Hard,25,1,0.0198652,0.859729,6.95789
A* Oracle,20,Hard,26,1,0.0195563,0.859729,6.95789
A* Oracle,20,Hard,27,1,0.0192654,0.859729,6.95789
A* Oracle,20,Hard,28,1,0.0191931,0.859729,6.94211
A* Oracle,20,Hard,29,1,0.0191644,0.859729,6.94211
A* Oracle,20,Hard,30,1,0.0190869,0.859729,6.94737
A* Oracle,20,Hard,31,1,0.0192145,0.859729,6.91579
A* Oracle,20,Hard,32,1,0.0195591,0.873303,6.97927
A* Oracle,20,Hard,33,1,0.0195172,0.873303,6.99482
A* Oracle,20,Hard,34,1,0.0197968,0.873303,6.99482
A* Oracle,20,Hard,35,1,0.0197132,0.873303,7
A* Oracle,20,Hard,36,1,0.0196097,0.873303,6.98964
A* Oracle,20,Hard,37,1,0.0197142,0.873303,6.97927
A* Oracle,20,Hard,38,2,0.0194154,0.877828,6.81959
A* Oracle,20,Hard,39,1,0.0193187,0.877828,6.81959
A* Oracle,20,Hard,40,1,0.0197006,0.877828,6.81959
A* Oracle,20,Hard,41,1,0.0225699,1,8.57466
A* Oracle,20,Hard,42,1,0.0228368,1,8.57919
A* Oracle,20,Hard,43,1,0.0225272,1,8.58824
A* Oracle,20,Hard,44,1,0.022374,1,8.60181
A* Oracle,20,Hard,45,1,0.0205417,0.914027,7.22772
A* Oracle,20,Hard,46,1,0.0207632,0.914027,7.25248
A* Oracle,20,Hard,47,1,0.0204898,0.914027,7.27723
A* Oracle,20,Hard,48,1,0.020506,0.914027,7.27228
A* Oracle,20,Hard,49,1,0.0205484,0.914027,7.15842
A* Oracle,20,Hard,50,1,0.0206472,0.914027,7.16337
Local,20,Hard,0,0,0,0.941176,6.96154
Local,20,Hard,1,1,0.27131,0.941176,6.86538
Local,20,Hard,2,1,0.238893,0.941176,6.86058
Local,20,Hard,3,1,0.184266,0.954751,6.92891
Local,20,Hard,4,1,0.234964,0.954751,6.79621
Local,20,Hard,5,1,0.192276,0.954751,6.79621
Local,20,Hard,6,1,0.228881,0.868778,6.80729
Local,20,Hard,7,2,0.218581,0.855204,6.71429
Local,20,Hard,8,1,0.165991,0.873303,6.8342
Local,20,Hard,9,1,0.178651,0.873303,6.8342
Local,20,Hard,10,1,0.182696,0.873303,6.84456
Local,20,Hard,11,1,0.175205,0.873303,6.84456
Local,20,Hard,12,1,0.161363,0.873303,6.83938
Local,20,Hard,13,1,0.1463,0.868778,6.81771
Local,20,Hard,14,1,0.149781,0.873303,6.82902
Local,20,Hard,15,1,0.143392,0.873303,6.82383
Local,20,Hard,16,1,0.127304,0.873303,6.82902
Local,20,Hard,17,1,0.147112,0.873303,6.8342
Local,20,Hard,18,1,0.175774,0.873303,6.8342
Local,20,Hard,19,1,0.12246,0.873303,6.82902
Local,20,Hard,20,1,0.339391,0.873303,6.86528
Local,20,Hard,21,1,0.230318,0.873303,6.82383
Local,20,Hard,22,1,0.169549,0.873303,6.82383
Local,20,Hard,23,1,0.215748,0.873303,6.80311
Local,20,Hard,24,2,0.23875,0.859729,6.74737
Local,20,Hard,25,1,0.215184,0.859729,6.96316
Local,20,Hard,26,1,0.273973,0.859729,6.96316
Local,20,Hard,27,1,0.17463,0.859729,6.96316
Local,20,Hard,28,1,0.203781,0.859729,6.94737
Local,20,Hard,29,1,0.24713,0.859729,6.94737
Local,20,Hard,30,1,0.226016,0.859729,6.95263
Local,20,Hard,31,1,0.299427,0.859729,6.92105
Local,20,Hard,32,1,0.185446,0.873303,6.98446
Local,20,Hard,33,1,0.224511,0.873303,7
Local,20,Hard,34,1,0.158467,0.873303,7
Local,20,Hard,35,1,0.181433,0.859729,6.85789
Local,20,Hard,36,1,0.183373,0.859729,6.84737
Local,20,Hard,37,1,0.157719,0.859729,6.83684
Local,20,Hard,38,2,0.265897,0.864253,6.7644
Local,20,Hard,39,1,0.24459,0.864253,6.65445
Local,20,Hard,40,1,0.24979,0.864253,6.65445
Local,20,Hard,41,1,0.182354,0.882353,6.83077
Local,20,Hard,42,1,0.133807,0.882353,6.8359
Local,20,Hard,43,1,0.141548,0.882353,6.84615
Local,20,Hard,44,1,0.256144,0.882353,6.86154
Local,20,Hard,45,1,0.367507,0.882353,6.86154
Local,20,Hard,46,1,0.317712,0.882353,6.88718
Local,20,Hard,47,1,0.19528,0.882353,6.91282
Local,20,Hard,48,1,0.23634,0.882353,6.90769
Local,20,Hard,49,1,0.283691,0.882353,7.03077
Local,20,Hard,50,1,0.289903,0.882353,6.8359
Hierarchy,20,Hard,0,0,0,0.941176,6.94712
Hierarchy,20,Hard,1,1,0.399152,0.941176,6.85577
Hierarchy,20,Hard,2,1,0.276239,0.941176,6.86058
Hierarchy,20,Hard,3,1,0.272727,0.954751,6.92891
Hierarchy,20,Hard,4,1,0.228856,0.954751,6.79621
Hierarchy,20,Hard,5,1,0.182664,0.954751,6.79621
Hierarchy,20,Hard,6,1,0.278999,0.868778,6.80729
Hierarchy,20,Hard,7,2,0.258198,0.855204,6.71429
Hierarchy,20,Hard,8,1,0.20787,0.873303,6.83938
Hierarchy,20,Hard,9,1,0.142705,0.873303,6.8342
Hierarchy,20,Hard,10,1,0.212449,0.873303,6.84456
Hierarchy,20,Hard,11,1,0.166475,0.873303,6.84456
Hierarchy,20,Hard,12,1,0.180105,0.873303,6.83938
Hierarchy,20,Hard,13,1,0.102347,0.868778,6.81771
Hierarchy,20,Hard,14,1,0.13158,0.873303,6.82902
Hierarchy,20,Hard,15,1,0.155235,0.873303,6.82383
Hierarchy,20,Hard,16,1,0.171339,0.873303,6.82902
Hierarchy,20,Hard,17,1,0.226994,0.873303,6.8342
Hierarchy,20,Hard,18,1,0.225511,0.873303,6.8342
Hierarchy,20,Hard,19,1,0.14624,0.873303,6.82902
Hierarchy,20,Hard,20,1,0.209054,0.873303,6.89119
Hierarchy,20,Hard,21,1,0.140723,0.873303,6.82383
Hierarchy,20,Hard,22,1,0.209875,0.873303,6.82383
Hierarchy,20,Hard,23,1,0.156984,0.873303,6.80311
Hierarchy,20,Hard,24,2,0.143269,0.859729,6.74737
Hierarchy,20,Hard,25,1,0.339923,0.859729,6.96316
Hierarchy,20,Hard,26,1,0.23361,0.859729,6.96316
Hierarchy,20,Hard,27,1,0.211848,0.859729,6.96316
Hierarchy,20,Hard,28,1,0.299801,0.859729,6.94737
Hierarchy,20,Hard,29,1,0.222996,0.859729,6.94737
Hierarchy,20,Hard,30,1,0.189888,0.859729,6.95263
Hierarchy,20,Hard,31,1,0.259412,0.859729,6.92105
Hierarchy,20,Hard,32,1,0.191723,0.873303,6.98446
Hierarchy,20,Hard,33,1,0.147051,0.873303,7
Hierarchy,20,Hard,34,1,0.148679,0.873303,7
Hierarchy,20,Hard,35,1,0.258795,0.859729,6.85789
Hierarchy,20,Hard,36,1,0.183541,0.859729,6.84737
Hierarchy,20,Hard,37,1,0.144581,0.859729,6.83684
Hierarchy,20,Hard,38,2,0.187406,0.864253,6.7644
Hierarchy,20,Hard,39,1,0.326662,0.864253,6.65969
Hierarchy,20,Hard,40,1,0.186046,0.864253,6.65445
Hierarchy,20,Hard,41,1,0.206544,0.882353,6.83077
Hierarchy,20,Hard,42,1,0.216839,0.882353,6.8359
Hierarchy,20,Hard,43,1,0.15542,0.882353,6.84615
Hierarchy,20,Hard,44,1,0.237713,0.882353,6.86154
Hierarchy,20,Hard,45,1,0.29689,0.882353,6.86154
Hierarchy,20,Hard,46,1,0.21624,0.882353,6.88718
Hierarchy,20,Hard,47,1,0.270459,0.882353,6.91282
Hierarchy,20,Hard,48,1,0.176058,0.882353,6.90769
Hierarchy,20,Hard,49,1,0.292033,0.882353,6.83077
Hierarchy,20,Hard,50,1,0.179554,0.882353,6.81538
A* Static,50,Easy,0,0,0,1,5.02514
A* Static,50,Easy,1,1,0,0.998029,5.02765
A* Static,50,Easy,2,1,0,0.992607,5.02085
A* Static,50,Easy,3,1,0,0.991129,5.00895
A* Static,50,Easy,4,1,0,0.978314,4.96272
A* Static,50,Easy,5,1,0,0.976836,4.96165
A* Static,50,Easy,6,1,0,0.974372,4.95802
A* Static,50,Easy,7,1,0,0.973879,4.95547
A* Static,50,Easy,8,1,0,0.973386,4.95342
A* Static,50,Easy,9,1,0,0.971414,4.95485
A* Static,50,Easy,10,1,0,0.965993,4.93929
A* Static,50,Easy,11,1,0,0.95515,4.94582
A* Static,50,Easy,12,2,0,0.952193,4.94048
A* Static,50,Easy,13,2,0,0.9517,4.93941
A* Static,50,Easy,14,1,0,0.942336,4.93096
A* Static,50,Easy,15,3,0,0.944308,4.92797
A* Static,50,Easy,16,1,0,0.942829,4.92054
A* Static,50,Easy,17,1,0,0.942336,4.91841
A* Static,50,Easy,18,1,0,0.939872,4.91872
A* Static,50,Easy,19,1,0,0.935929,4.9247
A* Static,50,Easy,20,1,0,0.933958,4.92401
A* Static,50,Easy,21,1,0,0.933465,4.92186
A* Static,50,Easy,22,1,0,0.930015,4.91839
A* Static,50,Easy,23,1,0,0.930015,4.91839
A* Static,50,Easy,24,1,0,0.928043,4.91928
A* Static,50,Easy,25,1,0,0.924593,4.91098
A* Static,50,Easy,26,1,0,0.923115,4.9023
A* Static,50,Easy,27,1,0,0.921636,4.90107
A* Static,50,Easy,28,1,0,0.920158,4.90466
A* Static,50,Easy,29,1,0,0.918679,4.90612
A* Static,50,Easy,30,1,0,0.918186,4.90446
A* Static,50,Easy,31,1,0,0.917201,4.90489
A* Static,50,Easy,32,1,0,0.912765,4.90983
A* Static,50,Easy,33,1,0,0.912272,4.91194
A* Static,50,Easy,34,1,0,0.911286,4.91022
A* Static,50,Easy,35,1,0,0.910793,4.90693
A* Static,50,Easy,36,1,0,0.910301,4.9085
A* Static,50,Easy,37,1,0,0.909808,4.90899
A* Static,50,Easy,38,1,0,0.906358,4.89668
A* Static,50,Easy,39,1,0,0.905865,4.89499
A* Static,50,Easy,40,1,0,0.905372,4.89439
A* Static,50,Easy,41,2,0,0.901922,4.88361
A* Static,50,Easy,42,4,0,0.895515,4.87617
A* Static,50,Easy,43,1,0,0.882208,4.82011
A* Static,50,Easy,44,1,0,0.882208,4.82011
A* Static,50,Easy,45,1,0,0.880729,4.81477
A* Static,50,Easy,46,1,0,0.877772,4.81808
A* Static,50,Easy,47,1,0,0.870872,4.7957
A* Static,50,Easy,48,1,0,0.867915,4.79898
A* Static,50,Easy,49,1,0,0.864465,4.80274
A* Static,50,Easy,50,1,0,0.864958,4.80342
A* Oracle,50,Easy,0,0,0,1,5.02514
A* Oracle,50,Easy,1,1,0.390033,1,5.02464
A* Oracle,50,Easy,2,1,0.386243,1,5.02661
A* Oracle,50,Easy,3,1,0.387557,1,5.02612
A* Oracle,50,Easy,4,1,0.390561,1,5.02021
A* Oracle,50,Easy,5,1,0.385065,1,5.0207
A* Oracle,50,Easy,6,1,0.390805,1,5.0207
A* Oracle,50,Easy,7,1,0.399176,1,5.01971
A* Oracle,50,Easy,8,1,0.389466,1,5.02021
A* Oracle,50,Easy,9,1,0.389793,1,5.02169
A* Oracle,50,Easy,10,1,0.385534,1,5.02169
A* Oracle,50,Easy,11,1,0.386625,1,5.02661
A* Oracle,50,Easy,12,2,0.38645,1,5.02661
A* Oracle,50,Easy,13,2,0.386454,1,5.02563
A* Oracle,50,Easy,14,1,0.387283,1,5.02711
A* Oracle,50,Easy,15,3,0.388517,1,5.02464
A* Oracle,50,Easy,16,1,0.387722,1,5.02415
A* Oracle,50,Easy,17,1,0.438021,1,5.02415
A* Oracle,50,Easy,18,1,0.39704,1,5.02514
A* Oracle,50,Easy,19,1,0.393745,1,5.02464
A* Oracle,50,Easy,20,1,0.38824,1,5.02366
A* Oracle,50,Easy,21,1,0.386862,1,5.02366
A* Oracle,50,Easy,22,1,0.437442,1,5.02464
A* Oracle,50,Easy,23,1,0.408317,1,5.02464
A* Oracle,50,Easy,24,1,0.39339,1,5.02514
A* Oracle,50,Easy,25,1,0.429232,1,5.02514
A* Oracle,50,Easy,26,1,0.401372,1,5.02563
A* Oracle,50,Easy,27,1,0.402978,1,5.02612
A* Oracle,50,Easy,28,1,0.392977,1,5.02661
A* Oracle,50,Easy,29,1,0.44118,1,5.02612
A* Oracle,50,Easy,30,1,0.403138,1,5.02563
A* Oracle,50,Easy,31,1,0.389628,1,5.02612
A* Oracle,50,Easy,32,1,0.427921,1,5.0276
A* Oracle,50,Easy,33,1,0.386833,1,5.02908
A* Oracle,50,Easy,34,1,0.398033,1,5.02957
A* Oracle,50,Easy,35,1,0.389962,1,5.02859
A* Oracle,50,Easy,36,1,0.391191,1,5.02908
A* Oracle,50,Easy,37,1,0.389721,1,5.02957
A* Oracle,50,Easy,38,1,0.391529,1,5.02957
A* Oracle,50,Easy,39,1,0.387978,1,5.02908
A* Oracle,50,Easy,40,1,0.38841,1,5.02908
A* Oracle,50,Easy,41,2,0.391139,1,5.02908
A* Oracle,50,Easy,42,4,0.386372,1,5.02908
A* Oracle,50,Easy,43,1,0.386206,1,5.02661
A* Oracle,50,Easy,44,1,0.386642,1,5.02661
A* Oracle,50,Easy,45,1,0.390047,1,5.0276
A* Oracle,50,Easy,46,1,0.387348,1,5.02809
A* Oracle,50,Easy,47,1,0.388307,1,5.03302
A* Oracle,50,Easy,48,1,0.38781,1,5.03154
A* Oracle,50,Easy,49,1,0.389146,1,5.03302
A* Oracle,50,Easy,50,1,0.3876,1,5.03351
Local,50,Easy,0,0,0,0.999507,5.1499
Local,50,Easy,1,1,0.114577,0.999507,5.14398
Local,50,Easy,2,1,0.131077,0.999507,5.14103
Local,50,Easy,3,1,0.240267,0.999507,5.13955
Local,50,Easy,4,1,0.200822,0.999507,5.13363
Local,50,Easy,5,1,0.50069,0.999507,5.12623
Local,50,Easy,6,1,0.184913,0.999507,5.12475
Local,50,Easy,7,1,0.145864,0.999507,5.12426
Local,50,Easy,8,1,0.110554,0.999507,5.12377
Local,50,Easy,9,1,0.127017,0.999507,5.11538
Local,50,Easy,10,1,0.102815,0.999507,5.11144
Local,50,Easy,11,1,0.108268,0.999507,5.11686
Local,50,Easy,12,2,0.334736,0.999507,5.11686
Local,50,Easy,13,2,0.470276,0.999507,5.10799
Local,50,Easy,14,1,0.11831,0.999507,5.10947
Local,50,Easy,15,3,0.947331,0.999507,5.107
Local,50,Easy,16,1,0.130898,0.999507,5.10306
Local,50,Easy,17,1,0.114557,0.999507,5.10158
Local,50,Easy,18,1,0.104889,0.999507,5.10158
Local,50,Easy,19,1,0.10873,0.999507,5.10404
Local,50,Easy,20,1,0.0880686,0.999507,5.10306
Local,50,Easy,21,1,0.105483,0.999507,5.10306
Local,50,Easy,22,1,0.0935833,0.999507,5.10158
Local,50,Easy,23,1,0.0873316,0.999507,5.10158
Local,50,Easy,24,1,0.136212,0.999507,5.1001
Local,50,Easy,25,1,0.232439,0.999507,5.10158
Local,50,Easy,26,1,0.198885,0.999507,5.10108
Local,50,Easy,27,1,0.0658335,0.999507,5.10158
Local,50,Easy,28,1,0.109343,0.999507,5.10207
Local,50,Easy,29,1,0.127293,0.999507,5.10108
Local,50,Easy,30,1,0.209631,0.999507,5.09961
Local,50,Easy,31,1,0.0735897,0.999507,5.1001
Local,50,Easy,32,1,0.101777,0.998029,5.10617
Local,50,Easy,33,1,0.115765,0.998029,5.10765
Local,50,Easy,34,1,0.101095,0.998029,5.10815
Local,50,Easy,35,1,0.137779,0.998029,5.10716
Local,50,Easy,36,1,0.086656,0.998029,5.10765
Local,50,Easy,37,1,0.0872252,0.998029,5.10815
Local,50,Easy,38,1,0.0793113,0.998029,5.10815
Local,50,Easy,39,1,0.122468,0.998029,5.10716
Local,50,Easy,40,1,0.137919,0.998029,5.10716
Local,50,Easy,41,2,0.270494,0.998029,5.10716
Local,50,Easy,42,4,0.918732,0.999507,5.10108
Local,50,Easy,43,1,0.151519,0.999507,5.09763
Local,50,Easy,44,1,0.0754321,0.999507,5.09763
Local,50,Easy,45,1,0.111483,0.999507,5.1001
Local,50,Easy,46,1,0.0795689,0.999507,5.10059
Local,50,Easy,47,1,0.142267,0.999507,5.10355
Local,50,Easy,48,1,0.13173,0.999507,5.10059
Local,50,Easy,49,1,0.0603328,0.999507,5.10158
Local,50,Easy,50,1,0.0807634,0.999507,5.10207
Hierarchy,50,Easy,0,0,0,0.999507,5.1716
Hierarchy,50,Easy,1,1,0.38199,0.999507,5.16026
Hierarchy,50,Easy,2,1,0.354983,0.999507,5.14645
Hierarchy,50,Easy,3,1,0.557327,0.999507,5.14349
Hierarchy,50,Easy,4,1,0.470811,0.999507,5.13609
Hierarchy,50,Easy,5,1,0.703435,0.999507,5.11292
Hierarchy,50,Easy,6,1,0.351055,0.999507,5.10799
Hierarchy,50,Easy,7,1,0.344648,0.999507,5.08974
Hierarchy,50,Easy,8,1,0.301205,0.999507,5.08679
Hierarchy,50,Easy,9,1,0.372879,0.999507,5.07939
Hierarchy,50,Easy,10,1,0.260354,0.999507,5.07544
Hierarchy,50,Easy,11,1,0.225675,0.999507,5.07988
Hierarchy,50,Easy,12,2,0.910867,0.999507,5.07544
Hierarchy,50,Easy,13,2,1.25565,0.999507,5.07002
Hierarchy,50,Easy,14,1,0.305368,0.999507,5.0715
Hierarchy,50,Easy,15,3,1.72542,0.999507,5.06953
Hierarchy,50,Easy,16,1,0.301819,0.999507,5.06953
Hierarchy,50,Easy,17,1,0.21954,0.999507,5.07002
Hierarchy,50,Easy,18,1,0.213633,0.999507,5.0715
Hierarchy,50,Easy,19,1,0.362437,0.999507,5.0715
Hierarchy,50,Easy,20,1,0.186928,0.999507,5.07002
Hierarchy,50,Easy,21,1,0.215984,0.999507,5.06953
Hierarchy,50,Easy,22,1,0.196261,0.999507,5.07002
Hierarchy,50,Easy,23,1,0.217242,0.999507,5.07051
Hierarchy,50,Easy,24,1,0.22508,0.999507,5.07101
Hierarchy,50,Easy,25,1,0.302344,0.999507,5.07298
Hierarchy,50,Easy,26,1,0.346659,0.999507,5.07347
Hierarchy,50,Easy,27,1,0.218717,0.999507,5.07347
Hierarchy,50,Easy,28,1,0.291118,0.999507,5.0715
Hierarchy,50,Easy,29,1,0.239024,0.999507,5.07298
Hierarchy,50,Easy,30,1,0.336761,0.999507,5.07199
Hierarchy,50,Easy,31,1,0.168496,0.999507,5.07249
Hierarchy,50,Easy,32,1,0.255639,0.999507,5.07544
Hierarchy,50,Easy,33,1,0.207806,0.999507,5.07495
Hierarchy,50,Easy,34,1,0.187938,0.999507,5.07594
Hierarchy,50,Easy,35,1,0.274213,0.999507,5.07495
Hierarchy,50,Easy,36,1,0.239467,0.999507,5.07347
Hierarchy,50,Easy,37,1,0.185936,0.999507,5.07396
Hierarchy,50,Easy,38,1,0.187517,0.999507,5.07396
Hierarchy,50,Easy,39,1,0.211152,0.999507,5.07347
Hierarchy,50,Easy,40,1,0.231703,0.999507,5.07347
Hierarchy,50,Easy,41,2,0.838219,0.999507,5.06903
Hierarchy,50,Easy,42,4,1.32304,0.999507,5.07692
Hierarchy,50,Easy,43,1,0.336849,0.999507,5.07298
Hierarchy,50,Easy,44,1,0.196585,0.999507,5.07298
Hierarchy,50,Easy,45,1,0.324826,0.999507,5.07544
Hierarchy,50,Easy,46,1,0.170415,0.999507,5.07594
Hierarchy,50,Easy,47,1,0.368925,0.999507,5.07742
Hierarchy,50,Easy,48,1,0.295108,0.999507,5.06706
Hierarchy,50,Easy,49,1,0.178511,0.999507,5.06854
Hierarchy,50,Easy,50,1,0.164486,0.999507,5.06903
A* Static,50,Medium,0,0,0,0.997744,5.09045
A* Static,50,Medium,1,1,0,0.99718,5.09219
A* Static,50,Medium,2,1,0,0.994924,5.08107
A* Static,50,Medium,3,1,0,0.985336,5.06411
A* Static,50,Medium,4,1,0,0.984772,5.06644
A* Static,50,Medium,5,1,0,0.984208,5.06648
A* Static,50,Medium,6,1,0,0.983644,5.06365
A* Static,50,Medium,7,1,0,0.98308,5.06368
A* Static,50,Medium,8,1,0,0.978003,5.07093
A* Static,50,Medium,9,1,0,0.972927,5.06783
A* Static,50,Medium,10,1,0,0.967287,5.06822
A* Static,50,Medium,11,1,0,0.967287,5.06822
A* Static,50,Medium,12,2,0,0.965595,5.06893
A* Static,50,Medium,13,2,0,0.965031,5.06897
A* Static,50,Medium,14,1,0,0.964467,5.06784
A* Static,50,Medium,15,3,0,0.958263,5.07416
A* Static,50,Medium,16,1,0,0.957699,5.07597
A* Static,50,Medium,17,1,0,0.957135,5.07366
A* Static,50,Medium,18,1,0,0.956571,5.0737
A* Static,50,Medium,19,1,0,0.954315,5.07329
A* Static,50,Medium,20,1,0,0.94529,5.05967
A* Static,50,Medium,21,1,0,0.944726,5.05552
A* Static,50,Medium,22,1,0,0.943598,5.04901
A* Static,50,Medium,23,1,0,0.93965,5.05282
A* Static,50,Medium,24,1,0,0.939086,5.05165
A* Static,50,Medium,25,1,0,0.93683,5.04275
A* Static,50,Medium,26,1,0,0.936266,5.04398
A* Static,50,Medium,27,1,0,0.935702,5.044
A* Static,50,Medium,28,1,0,0.934574,5.03862
A* Static,50,Medium,29,1,0,0.933446,5.03263
A* Static,50,Medium,30,1,0,0.932882,5.03023
A* Static,50,Medium,31,1,0,0.932882,5.03023
A* Static,50,Medium,32,1,0,0.930626,5.02606
A* Static,50,Medium,33,1,0,0.926678,5.01096
A* Static,50,Medium,34,1,0,0.91709,4.96002
A* Static,50,Medium,35,1,0,0.918218,4.9656
A* Static,50,Medium,36,1,0,0.914834,4.97041
A* Static,50,Medium,37,1,0,0.912578,4.96786
A* Static,50,Medium,38,1,0,0.910321,4.95601
A* Static,50,Medium,39,1,0,0.910321,4.95601
A* Static,50,Medium,40,1,0,0.908065,4.94845
A* Static,50,Medium,41,2,0,0.895657,4.95781
A* Static,50,Medium,42,4,0,0.888325,4.95048
A* Static,50,Medium,43,1,0,0.886069,4.94017
A* Static,50,Medium,44,1,0,0.885505,4.93822
A* Static,50,Medium,45,1,0,0.884377,4.93814
A* Static,50,Medium,46,1,0,0.882685,4.94249
A* Static,50,Medium,47,1,0,0.87084,4.92811
A* Static,50,Medium,48,1,0,0.870276,4.92806
A* Static,50,Medium,49,1,0,0.865764,4.9329
A* Static,50,Medium,50,1,0,0.864636,4.92955
A* Oracle,50,Medium,0,0,0,0.997744,5.09045
A* Oracle,50,Medium,1,1,0.266217,0.997744,5.08932
A* Oracle,50,Medium,2,1,0.266189,0.997744,5.08875
A* Oracle,50,Medium,3,1,0.26656,0.997744,5.0978
A* Oracle,50,Medium,4,1,0.265954,0.997744,5.09893
A* Oracle,50,Medium,5,1,0.266144,0.997744,5.09723
A* Oracle,50,Medium,6,1,0.266488,0.997744,5.0961
A* Oracle,50,Medium,7,1,0.266543,0.997744,5.0944
A* Oracle,50,Medium,8,1,0.266969,0.997744,5.09553
A* Oracle,50,Medium,9,1,0.266404,0.997744,5.09497
A* Oracle,50,Medium,10,1,0.266644,0.997744,5.09497
A* Oracle,50,Medium,11,1,0.266425,0.999436,5.10102
A* Oracle,50,Medium,12,2,0.266893,0.999436,5.10158
A* Oracle,50,Medium,13,2,0.266708,0.999436,5.09876
A* Oracle,50,Medium,14,1,0.267124,0.999436,5.09876
A* Oracle,50,Medium,15,3,0.267552,0.999436,5.09424
A* Oracle,50,Medium,16,1,0.267572,0.999436,5.09424
A* Oracle,50,Medium,17,1,0.268274,0.999436,5.09424
A* Oracle,50,Medium,18,1,0.267276,0.999436,5.09312
A* Oracle,50,Medium,19,1,0.267586,0.999436,5.09255
A* Oracle,50,Medium,20,1,0.267195,0.999436,5.09368
A* Oracle,50,Medium,21,1,0.267661,0.999436,5.09424
A* Oracle,50,Medium,22,1,0.267715,0.999436,5.09481
A* Oracle,50,Medium,23,1,0.267727,0.999436,5.09481
A* Oracle,50,Medium,24,1,0.267914,0.999436,5.09537
A* Oracle,50,Medium,25,1,0.267485,0.999436,5.0965
A* Oracle,50,Medium,26,1,0.268133,0.999436,5.09763
A* Oracle,50,Medium,27,1,0.268644,0.999436,5.09763
A* Oracle,50,Medium,28,1,0.267736,0.999436,5.09819
A* Oracle,50,Medium,29,1,0.267131,0.999436,5.0965
A* Oracle,50,Medium,30,1,0.26762,0.999436,5.09594
A* Oracle,50,Medium,31,1,0.267527,0.999436,5.09594
A* Oracle,50,Medium,32,1,0.267832,0.999436,5.09481
A* Oracle,50,Medium,33,1,0.268403,0.999436,5.09763
A* Oracle,50,Medium,34,1,0.268113,0.999436,5.09312
A* Oracle,50,Medium,35,1,0.267586,0.999436,5.09312
A* Oracle,50,Medium,36,1,0.269674,0.999436,5.09368
A* Oracle,50,Medium,37,1,0.285797,0.999436,5.09537
A* Oracle,50,Medium,38,1,0.26681,0.999436,5.09424
A* Oracle,50,Medium,39,1,0.2671,0.999436,5.09424
A* Oracle,50,Medium,40,1,0.267549,0.999436,5.09481
A* Oracle,50,Medium,41,2,0.268086,0.999436,5.09763
A* Oracle,50,Medium,42,4,0.267898,0.999436,5.10045
A* Oracle,50,Medium,43,1,0.267605,0.999436,5.10102
A* Oracle,50,Medium,44,1,0.267767,0.999436,5.10102
A* Oracle,50,Medium,45,1,0.267456,0.999436,5.10102
A* Oracle,50,Medium,46,1,0.268232,0.999436,5.10158
A* Oracle,50,Medium,47,1,0.268668,0.999436,5.10271
A* Oracle,50,Medium,48,1,0.267219,0.999436,5.10271
A* Oracle,50,Medium,49,1,0.267786,0.999436,5.10045
A* Oracle,50,Medium,50,1,0.267856,0.999436,5.10102
Local,50,Medium,0,0,0,0.989848,5.1698
Local,50,Medium,1,1,0.15291,0.989848,5.16467
Local,50,Medium,2,1,0.145093,0.989848,5.16353
Local,50,Medium,3,1,0.172403,0.989848,5.15897
Local,50,Medium,4,1,0.433471,0.989848,5.15726
Local,50,Medium,5,1,0.230424,0.996616,5.22524
Local,50,Medium,6,1,0.179499,0.996616,5.22298
Local,50,Medium,7,1,0.150196,0.996616,5.21845
Local,50,Medium,8,1,0.129179,0.996616,5.20826
Local,50,Medium,9,1,0.423151,0.996616,5.19694
Local,50,Medium,10,1,0.0974156,0.99718,5.19683
Local,50,Medium,11,1,0.129766,0.998872,5.20271
Local,50,Medium,12,2,0.304822,0.998872,5.20158
Local,50,Medium,13,2,0.289981,0.998872,5.19706
Local,50,Medium,14,1,0.133415,0.998872,5.19706
Local,50,Medium,15,3,1.36043,0.998872,5.17222
Local,50,Medium,16,1,0.112875,0.998872,5.17053
Local,50,Medium,17,1,0.089538,0.998872,5.17053
Local,50,Medium,18,1,0.107901,0.998872,5.16544
Local,50,Medium,19,1,0.0725914,0.998872,5.16431
Local,50,Medium,20,1,0.351372,0.998872,5.16375
Local,50,Medium,21,1,0.152619,0.998872,5.16318
Local,50,Medium,22,1,0.0957197,0.998872,5.16375
Local,50,Medium,23,1,0.104116,0.998872,5.16318
Local,50,Medium,24,1,0.0760593,0.998872,5.16375
Local,50,Medium,25,1,0.183602,0.998872,5.16431
Local,50,Medium,26,1,0.0599957,0.998872,5.16488
Local,50,Medium,27,1,0.297344,0.998872,5.16488
Local,50,Medium,28,1,0.109189,0.998872,5.16431
Local,50,Medium,29,1,0.0983601,0.998872,5.16262
Local,50,Medium,30,1,0.124553,0.998872,5.15641
Local,50,Medium,31,1,0.0851583,0.998872,5.15641
Local,50,Medium,32,1,0.178446,0.998872,5.15528
Local,50,Medium,33,1,0.206325,0.998872,5.15867
Local,50,Medium,34,1,0.146546,0.998872,5.15471
Local,50,Medium,35,1,0.1228,0.998872,5.15528
Local,50,Medium,36,1,0.0997874,0.998872,5.15584
Local,50,Medium,37,1,0.191355,0.998872,5.15584
Local,50,Medium,38,1,0.257143,0.998872,5.16318
Local,50,Medium,39,1,0.0913737,0.998872,5.16318
Local,50,Medium,40,1,0.0924001,0.998872,5.16375
Local,50,Medium,41,2,0.209324,0.998872,5.17109
Local,50,Medium,42,4,0.789851,0.998872,5.17222
Local,50,Medium,43,1,0.116454,0.998872,5.17278
Local,50,Medium,44,1,0.192837,0.998872,5.17222
Local,50,Medium,45,1,0.308329,0.998872,5.17222
Local,50,Medium,46,1,0.091045,0.998872,5.17278
Local,50,Medium,47,1,0.0825205,0.998872,5.17391
Local,50,Medium,48,1,0.0658783,0.998872,5.17391
Local,50,Medium,49,1,0.094342,0.998872,5.17165
Local,50,Medium,50,1,0.105918,0.998872,5.17165
Hierarchy,50,Medium,0,0,0,0.99718,5.25339
Hierarchy,50,Medium,1,1,0.303113,0.99718,5.21437
Hierarchy,50,Medium,2,1,0.424547,0.99718,5.20814
Hierarchy,50,Medium,3,1,0.593841,0.99718,5.20928
Hierarchy,50,Medium,4,1,0.737067,0.99718,5.19174
Hierarchy,50,Medium,5,1,0.507606,0.99718,5.19231
Hierarchy,50,Medium,6,1,0.324591,0.99718,5.17477
Hierarchy,50,Medium,7,1,0.26452,0.99718,5.15328
Hierarchy,50,Medium,8,1,0.389018,0.99718,5.15102
Hierarchy,50,Medium,9,1,0.655579,0.99718,5.14649
Hierarchy,50,Medium,10,1,0.248171,0.99718,5.14536
Hierarchy,50,Medium,11,1,0.272248,0.998872,5.15246
Hierarchy,50,Medium,12,2,0.601449,0.998872,5.15641
Hierarchy,50,Medium,13,2,0.447823,0.998872,5.15189
Hierarchy,50,Medium,14,1,0.231795,0.998872,5.14794
Hierarchy,50,Medium,15,3,2.12213,0.998872,5.13156
Hierarchy,50,Medium,16,1,0.219785,0.998872,5.13213
Hierarchy,50,Medium,17,1,0.209082,0.998872,5.13269
Hierarchy,50,Medium,18,1,0.212282,0.998872,5.13156
Hierarchy,50,Medium,19,1,0.203437,0.998872,5.131
Hierarchy,50,Medium,20,1,0.525603,0.998872,5.14455
Hierarchy,50,Medium,21,1,0.269108,0.998872,5.14568
Hierarchy,50,Medium,22,1,0.257714,0.998872,5.14625
Hierarchy,50,Medium,23,1,0.247846,0.998872,5.14512
Hierarchy,50,Medium,24,1,0.29476,0.998872,5.14512
Hierarchy,50,Medium,25,1,0.3456,0.998872,5.13269
Hierarchy,50,Medium,26,1,0.180737,0.998872,5.13326
Hierarchy,50,Medium,27,1,0.927201,0.998872,5.12874
Hierarchy,50,Medium,28,1,0.244581,0.998872,5.12761
Hierarchy,50,Medium,29,1,0.261336,0.998872,5.1214
Hierarchy,50,Medium,30,1,0.35152,0.998872,5.12422
Hierarchy,50,Medium,31,1,0.23193,0.998872,5.12705
Hierarchy,50,Medium,32,1,0.302301,0.998872,5.12592
Hierarchy,50,Medium,33,1,0.438531,0.998872,5.1406
Hierarchy,50,Medium,34,1,0.327109,0.998872,5.13382
Hierarchy,50,Medium,35,1,0.270472,0.998872,5.13326
Hierarchy,50,Medium,36,1,0.237322,0.998872,5.13382
Hierarchy,50,Medium,37,1,0.255395,0.998872,5.13552
Hierarchy,50,Medium,38,1,0.539217,0.998872,5.12366
Hierarchy,50,Medium,39,1,0.208493,0.998872,5.12366
Hierarchy,50,Medium,40,1,0.229305,0.998872,5.12253
Hierarchy,50,Medium,41,2,0.51007,0.998308,5.13164
Hierarchy,50,Medium,42,4,1.20663,0.998308,5.1322
Hierarchy,50,Medium,43,1,0.24537,0.998308,5.13277
Hierarchy,50,Medium,44,1,0.302351,0.998308,5.1322
Hierarchy,50,Medium,45,1,0.348504,0.998308,5.13164
Hierarchy,50,Medium,46,1,0.288665,0.998308,5.13051
Hierarchy,50,Medium,47,1,0.217258,0.998308,5.13164
Hierarchy,50,Medium,48,1,0.236543,0.998872,5.12648
Hierarchy,50,Medium,49,1,0.223074,0.998872,5.12422
Hierarchy,50,Medium,50,1,0.24933,0.998872,5.12535
A* Static,50,Hard,0,0,0,0.998642,7.6601
A* Static,50,Hard,1,1,0,0.994569,7.67031
A* Static,50,Hard,2,1,0,0.993211,7.67738
A* Static,50,Hard,3,1,0,0.992532,7.68057
A* Static,50,Hard,4,1,0,0.98778,7.67285
A* Static,50,Hard,5,1,0,0.987101,7.67607
A* Static,50,Hard,6,1,0,0.983707,7.67633
A* Static,50,Hard,7,3,0,0.971487,7.63871
A* Static,50,Hard,8,1,0,0.970808,7.63497
A* Static,50,Hard,9,1,0,0.970129,7.63261
A* Static,50,Hard,10,1,0,0.96945,7.63095
A* Static,50,Hard,11,1,0,0.968771,7.62999
A* Static,50,Hard,12,1,0,0.967413,7.62456
A* Static,50,Hard,13,1,0,0.966735,7.62289
A* Static,50,Hard,14,2,0,0.924644,7.49266
A* Static,50,Hard,15,1,0,0.923965,7.48641
A* Static,50,Hard,16,1,0,0.91446,7.45434
A* Static,50,Hard,17,1,0,0.912424,7.45759
A* Static,50,Hard,18,1,0,0.911066,7.44709
A* Static,50,Hard,19,1,0,0.902919,7.42632
A* Static,50,Hard,20,1,0,0.90224,7.42739
A* Static,50,Hard,21,2,0,0.89613,7.40682
A* Static,50,Hard,22,1,0,0.89613,7.40682
A* Static,50,Hard,23,1,0,0.895451,7.40637
A* Static,50,Hard,24,1,0,0.888663,7.37357
A* Static,50,Hard,25,2,0,0.887984,7.37462
A* Static,50,Hard,26,1,0,0.886626,7.37443
A* Static,50,Hard,27,1,0,0.885947,7.37241
A* Static,50,Hard,28,1,0,0.885268,7.37347
A* Static,50,Hard,29,1,0,0.885268,7.37347
A* Static,50,Hard,30,1,0,0.884589,7.37606
A* Static,50,Hard,31,1,0,0.88391,7.37788
A* Static,50,Hard,32,1,0,0.883232,7.37894
A* Static,50,Hard,33,1,0,0.879158,7.35985
A* Static,50,Hard,34,2,0,0.877122,7.35372
A* Static,50,Hard,35,1,0,0.875764,7.34264
A* Static,50,Hard,36,1,0,0.869654,7.34738
A* Static,50,Hard,37,1,0,0.869654,7.34738
A* Static,50,Hard,38,1,0,0.867617,7.3349
A* Static,50,Hard,39,1,0,0.858792,7.30356
A* Static,50,Hard,40,3,0,0.857434,7.29533
A* Static,50,Hard,41,1,0,0.856076,7.28707
A* Static,50,Hard,42,1,0,0.847929,7.27542
A* Static,50,Hard,43,1,0,0.847251,7.27644
A* Static,50,Hard,44,2,0,0.844535,7.27331
A* Static,50,Hard,45,1,0,0.840462,7.27464
A* Static,50,Hard,46,1,0,0.841141,7.27845
A* Static,50,Hard,47,1,0,0.840462,7.27868
A* Static,50,Hard,48,1,0,0.838425,7.27287
A* Static,50,Hard,49,1,0,0.835031,7.27561
A* Static,50,Hard,50,1,0,0.832994,7.28117
A* Oracle,50,Hard,0,0,0,0.998642,7.6601
A* Oracle,50,Hard,1,1,0.276784,0.998642,7.66485
A* Oracle,50,Hard,2,1,0.276456,0.998642,7.66485
A* Oracle,50,Hard,3,1,0.276222,0.998642,7.66485
A* Oracle,50,Hard,4,1,0.276715,0.998642,7.66553
A* Oracle,50,Hard,5,1,0.276748,0.998642,7.66485
A* Oracle,50,Hard,6,1,0.277385,0.998642,7.66485
A* Oracle,50,Hard,7,3,0.28159,0.997963,7.66667
A* Oracle,50,Hard,8,1,0.276665,0.997963,7.66735
A* Oracle,50,Hard,9,1,0.279122,0.997963,7.66054
A* Oracle,50,Hard,10,1,0.278868,0.997963,7.65714
A* Oracle,50,Hard,11,1,0.27979,0.997963,7.6585
A* Oracle,50,Hard,12,1,0.279327,0.997963,7.65918
A* Oracle,50,Hard,13,1,0.280249,0.997963,7.65918
A* Oracle,50,Hard,14,2,0.27922,0.997963,7.64082
A* Oracle,50,Hard,15,1,0.281547,0.997963,7.63946
A* Oracle,50,Hard,16,1,0.279464,0.997963,7.6381
A* Oracle,50,Hard,17,1,0.279484,0.997963,7.64218
A* Oracle,50,Hard,18,1,0.279047,0.997963,7.64354
A* Oracle,50,Hard,19,1,0.278722,0.997963,7.64354
A* Oracle,50,Hard,20,1,0.279047,0.997963,7.64286
A* Oracle,50,Hard,21,2,0.27774,0.997963,7.63469
A* Oracle,50,Hard,22,1,0.278583,0.997963,7.63469
A* Oracle,50,Hard,23,1,0.278111,0.997963,7.63469
A* Oracle,50,Hard,24,1,0.278205,0.997963,7.63401
A* Oracle,50,Hard,25,2,0.277667,0.997963,7.63605
A* Oracle,50,Hard,26,1,0.277471,0.997963,7.63673
A* Oracle,50,Hard,27,1,0.278077,0.997963,7.63741
A* Oracle,50,Hard,28,1,0.278124,0.997963,7.63673
A* Oracle,50,Hard,29,1,0.277932,0.997963,7.62993
A* Oracle,50,Hard,30,1,0.278341,0.997963,7.63129
A* Oracle,50,Hard,31,1,0.278458,0.997963,7.63197
A* Oracle,50,Hard,32,1,0.278946,0.997963,7.63197
A* Oracle,50,Hard,33,1,0.278891,0.997963,7.65374
A* Oracle,50,Hard,34,2,0.278955,0.997963,7.65034
A* Oracle,50,Hard,35,1,0.278707,0.997963,7.65034
A* Oracle,50,Hard,36,1,0.279709,0.997963,7.65102
A* Oracle,50,Hard,37,1,0.279505,0.998642,7.65398
A* Oracle,50,Hard,38,1,0.278816,0.998642,7.65806
A* Oracle,50,Hard,39,1,0.278749,0.998642,7.65602
A* Oracle,50,Hard,40,3,0.278829,0.998642,7.6567
A* Oracle,50,Hard,41,1,0.278505,0.998642,7.65602
A* Oracle,50,Hard,42,1,0.27841,0.998642,7.64446
A* Oracle,50,Hard,43,1,0.278739,0.998642,7.64242
A* Oracle,50,Hard,44,2,0.279314,0.998642,7.64446
A* Oracle,50,Hard,45,1,0.278978,0.998642,7.63902
A* Oracle,50,Hard,46,1,0.278682,0.998642,7.63902
A* Oracle,50,Hard,47,1,0.278861,0.998642,7.63834
A* Oracle,50,Hard,48,1,0.27866,0.998642,7.63698
A* Oracle,50,Hard,49,1,0.278113,0.998642,7.6329
A* Oracle,50,Hard,50,1,0.278229,0.997284,7.63581
Local,50,Hard,0,0,0,0.965377,7.62166
Local,50,Hard,1,1,0.13957,0.966056,7.62614
Local,50,Hard,2,1,0.246809,0.966056,7.62122
Local,50,Hard,3,1,0.169664,0.966056,7.61982
Local,50,Hard,4,1,0.129931,0.966056,7.6156
Local,50,Hard,5,1,0.170931,0.966056,7.60365
Local,50,Hard,6,1,0.204679,0.966056,7.60576
Local,50,Hard,7,3,0.904708,0.965377,7.59564
Local,50,Hard,8,1,0.135214,0.965377,7.59634
Local,50,Hard,9,1,0.395534,0.965377,7.5872
Local,50,Hard,10,1,0.145298,0.965377,7.58368
Local,50,Hard,11,1,0.324118,0.984386,7.68345
Local,50,Hard,12,1,0.623903,0.984386,7.68345
Local,50,Hard,13,1,0.29166,0.984386,7.68
Local,50,Hard,14,2,0.448613,0.984386,7.66552
Local,50,Hard,15,1,0.586827,0.984386,7.67931
Local,50,Hard,16,1,0.523633,0.984386,7.68069
Local,50,Hard,17,1,0.138218,0.984386,7.68276
Local,50,Hard,18,1,0.19546,0.984386,7.68414
Local,50,Hard,19,1,0.19163,0.984386,7.68414
Local,50,Hard,20,1,0.428479,0.984386,7.67862
Local,50,Hard,21,2,0.432391,0.984386,7.67379
Local,50,Hard,22,1,0.223743,0.984386,7.67379
Local,50,Hard,23,1,0.10524,0.984386,7.67379
Local,50,Hard,24,1,0.166838,0.984386,7.6731
Local,50,Hard,25,2,0.471227,0.984386,7.67103
Local,50,Hard,26,1,0.153913,0.984386,7.66897
Local,50,Hard,27,1,0.174548,0.984386,7.66621
Local,50,Hard,28,1,0.107696,0.984386,7.66621
Local,50,Hard,29,1,0.132008,0.984386,7.65931
Local,50,Hard,30,1,0.0900113,0.984386,7.66
Local,50,Hard,31,1,0.120887,0.984386,7.66069
Local,50,Hard,32,1,0.0995409,0.984386,7.66069
Local,50,Hard,33,1,0.0625035,0.983707,7.65839
Local,50,Hard,34,2,0.359161,0.983707,7.65839
Local,50,Hard,35,1,0.139365,0.983707,7.65839
Local,50,Hard,36,1,0.502907,0.983707,7.6363
Local,50,Hard,37,1,0.11534,0.984386,7.63931
Local,50,Hard,38,1,0.168302,0.984386,7.64
Local,50,Hard,39,1,0.300688,0.984386,7.62345
Local,50,Hard,40,3,1.30979,0.985743,7.62948
Local,50,Hard,41,1,0.222391,0.985743,7.62879
Local,50,Hard,42,1,0.118345,0.985743,7.61708
Local,50,Hard,43,1,0.172615,0.985743,7.61501
Local,50,Hard,44,2,0.404768,0.985743,7.61777
Local,50,Hard,45,1,0.146771,0.985743,7.61226
Local,50,Hard,46,1,0.209991,0.985743,7.61088
Local,50,Hard,47,1,0.164173,0.985743,7.61019
Local,50,Hard,48,1,0.148953,0.985743,7.60882
Local,50,Hard,49,1,0.270429,0.985743,7.60124
Local,50,Hard,50,1,0.173648,0.984386,7.60345
Hierarchy,50,Hard,0,0,0,0.97556,7.62422
Hierarchy,50,Hard,1,1,0.390261,0.97556,7.62422
Hierarchy,50,Hard,2,1,0.561642,0.97556,7.6096
Hierarchy,50,Hard,3,1,0.401326,0.97556,7.6096
Hierarchy,50,Hard,4,1,0.35125,0.97556,7.60125
Hierarchy,50,Hard,5,1,0.530243,0.97556,7.59847
Hierarchy,50,Hard,6,1,0.428049,0.97556,7.59569
Hierarchy,50,Hard,7,3,1.77439,0.974881,7.59401
Hierarchy,50,Hard,8,1,0.37202,0.974881,7.59471
Hierarchy,50,Hard,9,1,0.569478,0.974881,7.58914
Hierarchy,50,Hard,10,1,0.328805,0.974881,7.58565
Hierarchy,50,Hard,11,1,0.584042,0.974881,7.58635
Hierarchy,50,Hard,12,1,1.25894,0.974881,7.58565
Hierarchy,50,Hard,13,1,1.09598,0.974881,7.55084
Hierarchy,50,Hard,14,2,0.663448,0.974881,7.53482
Hierarchy,50,Hard,15,1,0.857334,0.974881,7.52228
Hierarchy,50,Hard,16,1,0.784782,0.974881,7.52925
Hierarchy,50,Hard,17,1,0.370206,0.974881,7.53134
Hierarchy,50,Hard,18,1,0.338296,0.974881,7.53134
Hierarchy,50,Hard,19,1,0.402548,0.974881,7.53064
Hierarchy,50,Hard,20,1,0.556392,0.974881,7.53134
Hierarchy,50,Hard,21,2,1.52117,0.974881,7.51114
Hierarchy,50,Hard,22,1,0.270916,0.974881,7.50905
Hierarchy,50,Hard,23,1,0.366817,0.974881,7.50905
Hierarchy,50,Hard,24,1,0.266393,0.974881,7.50836
Hierarchy,50,Hard,25,2,0.817603,0.974881,7.50905
Hierarchy,50,Hard,26,1,0.257159,0.974881,7.51114
Hierarchy,50,Hard,27,1,0.525172,0.974881,7.51462
Hierarchy,50,Hard,28,1,0.333395,0.974881,7.51462
Hierarchy,50,Hard,29,1,0.375227,0.974881,7.50627
Hierarchy,50,Hard,30,1,0.300274,0.974881,7.50696
Hierarchy,50,Hard,31,1,0.315826,0.974881,7.50766
Hierarchy,50,Hard,32,1,0.279951,0.974881,7.50766
Hierarchy,50,Hard,33,1,0.292166,0.974202,7.51289
Hierarchy,50,Hard,34,2,1.09889,0.974202,7.5108
Hierarchy,50,Hard,35,1,0.405946,0.974202,7.5108
Hierarchy,50,Hard,36,1,0.552267,0.974202,7.5108
Hierarchy,50,Hard,37,1,0.307027,0.974881,7.51393
Hierarchy,50,Hard,38,1,0.458681,0.974881,7.52089
Hierarchy,50,Hard,39,1,0.472901,0.974881,7.52298
Hierarchy,50,Hard,40,3,2.17899,0.97556,7.5254
Hierarchy,50,Hard,41,1,0.579944,0.97556,7.52818
Hierarchy,50,Hard,42,1,0.298931,0.97556,7.51635
Hierarchy,50,Hard,43,1,0.24003,0.97556,7.51496
Hierarchy,50,Hard,44,2,0.508753,0.97556,7.51775
Hierarchy,50,Hard,45,1,0.395538,0.97556,7.51218
Hierarchy,50,Hard,46,1,0.426364,0.97556,7.51009
Hierarchy,50,Hard,47,1,0.242706,0.97556,7.5087
Hierarchy,50,Hard,48,1,0.341732,0.97556,7.50731
Hierarchy,50,Hard,49,1,0.555561,0.97556,7.50383
Hierarchy,50,Hard,50,1,0.204777,0.96334,7.47428
A* Static,100,Easy,0,0,0,0.999877,4.43758
A* Static,100,Easy,1,1,0,0.999755,4.43715
A* Static,100,Easy,2,1,0,0.999632,4.43634
A* Static,100,Easy,3,1,0,0.9973,4.43625
A* Static,100,Easy,4,2,0,0.994477,4.42873
A* Static,100,Easy,5,1,0,0.994232,4.42871
A* Static,100,Easy,6,1,0,0.994109,4.4284
A* Static,100,Easy,7,1,0,0.993864,4.42862
A* Static,100,Easy,8,1,0,0.993618,4.4291
A* Static,100,Easy,9,1,0,0.993004,4.42776
A* Static,100,Easy,10,1,0,0.992391,4.42592
A* Static,100,Easy,11,1,0,0.992268,4.4256
A* Static,100,Easy,12,2,0,0.991777,4.42495
A* Static,100,Easy,13,1,0,0.991041,4.42353
A* Static,100,Easy,14,1,0,0.988709,4.4136
A* Static,100,Easy,15,1,0,0.988095,4.41448
A* Static,100,Easy,16,1,0,0.98785,4.41409
A* Static,100,Easy,17,1,0,0.986745,4.41443
A* Static,100,Easy,18,1,0,0.985272,4.41592
A* Static,100,Easy,19,1,0,0.984904,4.41458
A* Static,100,Easy,20,2,0,0.9838,4.4113
A* Static,100,Easy,21,1,0,0.9838,4.4113
A* Static,100,Easy,22,1,0,0.983432,4.41008
A* Static,100,Easy,23,1,0,0.983063,4.41086
A* Static,100,Easy,24,1,0,0.979872,4.40994
A* Static,100,Easy,25,1,0,0.979627,4.41017
A* Static,100,Easy,26,1,0,0.979381,4.4099
A* Static,100,Easy,27,1,0,0.979259,4.40983
A* Static,100,Easy,28,1,0,0.979136,4.40975
A* Static,100,Easy,29,2,0,0.978768,4.40966
A* Static,100,Easy,30,3,0,0.978277,4.40848
A* Static,100,Easy,31,1,0,0.977909,4.40725
A* Static,100,Easy,32,1,0,0.977541,4.40565
A* Static,100,Easy,33,1,0,0.977295,4.40412
A* Static,100,Easy,34,1,0,0.976804,4.4047
A* Static,100,Easy,35,1,0,0.976068,4.40249
A* Static,100,Easy,36,1,0,0.975822,4.40247
A* Static,100,Easy,37,1,0,0.975454,4.40237
A* Static,100,Easy,38,1,0,0.975209,4.40159
A* Static,100,Easy,39,1,0,0.975086,4.40138
A* Static,100,Easy,40,1,0,0.974963,4.40131
A* Static,100,Easy,41,1,0,0.971895,4.39904
A* Static,100,Easy,42,1,0,0.971772,4.39922
A* Static,100,Easy,43,1,0,0.971036,4.39977
A* Static,100,Easy,44,1,0,0.970668,4.39992
A* Static,100,Easy,45,1,0,0.970545,4.4001
A* Static,100,Easy,46,3,0,0.970177,4.39937
A* Static,100,Easy,47,1,0,0.969931,4.3996
A* Static,100,Easy,48,1,0,0.968827,4.39574
A* Static,100,Easy,49,1,0,0.968581,4.39597
A* Static,100,Easy,50,3,0,0.961831,4.38676
A* Oracle,100,Easy,0,0,0,0.999877,4.43758
A* Oracle,100,Easy,1,1,1.30385,0.999877,4.43734
A* Oracle,100,Easy,2,1,1.30465,0.999877,4.43709
A* Oracle,100,Easy,3,1,1.30324,0.999877,4.43709
A* Oracle,100,Easy,4,2,1.30749,0.999877,4.43746
A* Oracle,100,Easy,5,1,1.30749,0.999877,4.43758
A* Oracle,100,Easy,6,1,1.30976,0.999877,4.43758
A* Oracle,100,Easy,7,1,1.3072,0.999877,4.43746
A* Oracle,100,Easy,8,1,1.30588,0.999877,4.43746
A* Oracle,100,Easy,9,1,1.30821,0.999877,4.43758
A* Oracle,100,Easy,10,1,1.30722,0.999877,4.43746
A* Oracle,100,Easy,11,1,1.30788,0.999877,4.43734
A* Oracle,100,Easy,12,2,1.30672,0.999877,4.43734
A* Oracle,100,Easy,13,1,1.30724,0.999877,4.43746
A* Oracle,100,Easy,14,1,1.30704,0.999877,4.43758
A* Oracle,100,Easy,15,1,1.30779,0.999877,4.43771
A* Oracle,100,Easy,16,1,1.30837,0.999877,4.43709
A* Oracle,100,Easy,17,1,1.30688,0.999877,4.43771
A* Oracle,100,Easy,18,1,1.30768,0.999877,4.43869
A* Oracle,100,Easy,19,1,1.30633,0.999877,4.43857
A* Oracle,100,Easy,20,2,1.30946,0.999877,4.43893
A* Oracle,100,Easy,21,1,1.31047,0.999877,4.43906
A* Oracle,100,Easy,22,1,1.30842,0.999877,4.43893
A* Oracle,100,Easy,23,1,1.30679,0.999877,4.43893
A* Oracle,100,Easy,24,1,1.30837,0.999877,4.43918
A* Oracle,100,Easy,25,1,1.30745,0.999877,4.43893
A* Oracle,100,Easy,26,1,1.30774,0.999877,4.43906
A* Oracle,100,Easy,27,1,1.31006,0.999877,4.43906
A* Oracle,100,Easy,28,1,1.30822,0.999877,4.43906
A* Oracle,100,Easy,29,2,1.30809,0.999877,4.43881
A* Oracle,100,Easy,30,3,1.30857,0.999877,4.43906
A* Oracle,100,Easy,31,1,1.30741,0.999877,4.43918
A* Oracle,100,Easy,32,1,1.30813,0.999877,4.43943
A* Oracle,100,Easy,33,1,1.3104,0.999877,4.4393
A* Oracle,100,Easy,34,1,1.3072,0.999877,4.43992
A* Oracle,100,Easy,35,1,1.3113,0.999877,4.43967
A* Oracle,100,Easy,36,1,1.30958,0.999877,4.43955
A* Oracle,100,Easy,37,1,1.30838,0.999877,4.43967
A* Oracle,100,Easy,38,1,1.30872,0.999877,4.43955
A* Oracle,100,Easy,39,1,1.30924,0.999877,4.43943
A* Oracle,100,Easy,40,1,1.30973,0.999877,4.43955
A* Oracle,100,Easy,41,1,1.30986,0.999877,4.44249
A* Oracle,100,Easy,42,1,1.31044,0.999877,4.44249
A* Oracle,100,Easy,43,1,1.30912,0.999877,4.44237
A* Oracle,100,Easy,44,1,1.31114,0.999877,4.44249
A* Oracle,100,Easy,45,1,1.31153,0.999877,4.44249
A* Oracle,100,Easy,46,3,1.31062,0.999877,4.44249
A* Oracle,100,Easy,47,1,1.30913,0.999877,4.44262
A* Oracle,100,Easy,48,1,1.30943,0.999877,4.44274
A* Oracle,100,Easy,49,1,1.30968,0.999877,4.44274
A* Oracle,100,Easy,50,3,1.30953,0.999877,4.44397
Local,100,Easy,0,0,0,0.999509,4.60584
Local,100,Easy,1,1,0.168048,0.999509,4.60548
Local,100,Easy,2,1,0.203671,0.999509,4.60474
Local,100,Easy,3,1,0.167481,0.999509,4.59958
Local,100,Easy,4,2,0.893104,0.999509,4.58927
Local,100,Easy,5,1,0.143675,0.999509,4.58939
Local,100,Easy,6,1,0.190208,0.999509,4.58313
Local,100,Easy,7,1,0.102171,0.999509,4.58153
Local,100,Easy,8,1,0.384743,0.999509,4.57773
Local,100,Easy,9,1,0.117394,0.999509,4.57797
Local,100,Easy,10,1,0.31192,0.999509,4.57748
Local,100,Easy,11,1,0.197081,0.999509,4.57711
Local,100,Easy,12,2,0.321868,0.999386,4.57694
Local,100,Easy,13,1,0.236043,0.999386,4.57657
Local,100,Easy,14,1,0.174461,0.999386,4.57632
Local,100,Easy,15,1,0.121799,0.999386,4.57583
Local,100,Easy,16,1,0.464218,0.999386,4.5719
Local,100,Easy,17,1,0.121995,0.999386,4.5719
Local,100,Easy,18,1,0.132839,0.999386,4.57178
Local,100,Easy,19,1,0.173867,0.999386,4.57166
Local,100,Easy,20,2,0.37575,0.999386,4.57141
Local,100,Easy,21,1,0.267731,0.999386,4.57153
Local,100,Easy,22,1,0.12581,0.999386,4.57117
Local,100,Easy,23,1,0.111506,0.999386,4.5708
Local,100,Easy,24,1,0.156163,0.999386,4.56736
Local,100,Easy,25,1,0.192837,0.999386,4.56711
Local,100,Easy,26,1,0.166599,0.999386,4.56601
Local,100,Easy,27,1,0.278537,0.999386,4.56404
Local,100,Easy,28,1,0.132296,0.999386,4.56294
Local,100,Easy,29,2,0.329895,0.999386,4.55999
Local,100,Easy,30,3,0.997552,0.999386,4.55324
Local,100,Easy,31,1,0.149934,0.999386,4.55385
Local,100,Easy,32,1,0.119555,0.999386,4.5541
Local,100,Easy,33,1,0.165178,0.999386,4.55397
Local,100,Easy,34,1,0.36156,0.999386,4.55569
Local,100,Easy,35,1,0.0955904,0.999386,4.55569
Local,100,Easy,36,1,0.108134,0.999386,4.55545
Local,100,Easy,37,1,0.164464,0.999386,4.5552
Local,100,Easy,38,1,0.241846,0.999386,4.55287
Local,100,Easy,39,1,0.125657,0.999386,4.55127
Local,100,Easy,40,1,0.180715,0.999386,4.55139
Local,100,Easy,41,1,0.138016,0.999509,4.55501
Local,100,Easy,42,1,0.279339,0.999509,4.55403
Local,100,Easy,43,1,0.276462,0.999509,4.5539
Local,100,Easy,44,1,0.13426,0.999509,4.55366
Local,100,Easy,45,1,0.118541,0.999509,4.55292
Local,100,Easy,46,3,0.657115,0.999509,4.55243
Local,100,Easy,47,1,0.423515,0.999509,4.54887
Local,100,Easy,48,1,0.197427,0.999509,4.54801
Local,100,Easy,49,1,0.166655,0.999509,4.54826
Local,100,Easy,50,3,0.831029,0.999509,4.54924
Hierarchy,100,Easy,0,0,0,0.999877,4.5931
Hierarchy,100,Easy,1,1,0.633293,0.999877,4.58905
Hierarchy,100,Easy,2,1,0.451331,0.999877,4.58721
Hierarchy,100,Easy,3,1,0.337879,0.999877,4.58881
Hierarchy,100,Easy,4,2,1.22539,0.999877,4.58169
Hierarchy,100,Easy,5,1,0.354711,0.999877,4.5812
Hierarchy,100,Easy,6,1,0.411789,0.999877,4.58058
Hierarchy,100,Easy,7,1,0.424373,0.999877,4.57629
Hierarchy,100,Easy,8,1,0.547193,0.999877,4.5715
Hierarchy,100,Easy,9,1,0.261744,0.999877,4.57174
Hierarchy,100,Easy,10,1,0.636081,0.999877,4.56941
Hierarchy,100,Easy,11,1,0.337789,0.999877,4.56855
Hierarchy,100,Easy,12,2,0.784865,0.999877,4.56855
Hierarchy,100,Easy,13,1,0.359294,0.999877,4.56818
Hierarchy,100,Easy,14,1,0.376104,0.999877,4.56794
Hierarchy,100,Easy,15,1,0.270872,0.999877,4.5645
Hierarchy,100,Easy,16,1,0.715629,0.999877,4.56266
Hierarchy,100,Easy,17,1,0.308299,0.999877,4.56242
Hierarchy,100,Easy,18,1,0.276729,0.999877,4.56278
Hierarchy,100,Easy,19,1,0.368687,0.999877,4.56192
Hierarchy,100,Easy,20,2,1.16231,0.999877,4.55321
Hierarchy,100,Easy,21,1,0.495298,0.999877,4.55125
Hierarchy,100,Easy,22,1,0.332713,0.999877,4.55088
Hierarchy,100,Easy,23,1,0.307554,0.999877,4.5483
Hierarchy,100,Easy,24,1,0.255046,0.999877,4.55137
Hierarchy,100,Easy,25,1,0.353482,0.999877,4.54818
Hierarchy,100,Easy,26,1,0.281068,0.999877,4.54572
Hierarchy,100,Easy,27,1,0.452985,0.999877,4.54437
Hierarchy,100,Easy,28,1,0.248387,0.999877,4.54314
Hierarchy,100,Easy,29,2,0.846839,0.999877,4.54278
Hierarchy,100,Easy,30,3,2.29255,0.999877,4.5332
Hierarchy,100,Easy,31,1,0.472169,0.999877,4.52805
Hierarchy,100,Easy,32,1,0.31157,0.999877,4.52805
Hierarchy,100,Easy,33,1,0.38969,0.999877,4.52743
Hierarchy,100,Easy,34,1,0.727644,0.999877,4.52682
Hierarchy,100,Easy,35,1,0.229985,0.999877,4.52657
Hierarchy,100,Easy,36,1,0.240072,0.999877,4.52596
Hierarchy,100,Easy,37,1,0.331477,0.999877,4.52326
Hierarchy,100,Easy,38,1,0.523824,0.999877,4.51884
Hierarchy,100,Easy,39,1,0.270409,0.999877,4.5159
Hierarchy,100,Easy,40,1,0.531374,0.999877,4.51565
Hierarchy,100,Easy,41,1,0.320844,0.999877,4.51896
Hierarchy,100,Easy,42,1,0.624598,0.999877,4.51737
Hierarchy,100,Easy,43,1,0.477373,0.999877,4.5154
Hierarchy,100,Easy,44,1,0.236839,0.999877,4.51516
Hierarchy,100,Easy,45,1,0.247763,0.999877,4.51491
Hierarchy,100,Easy,46,3,1.48103,0.999877,4.51516
Hierarchy,100,Easy,47,1,1.31604,0.999877,4.51393
Hierarchy,100,Easy,48,1,0.378174,0.999877,4.51234
Hierarchy,100,Easy,49,1,0.457335,0.999877,4.51418
Hierarchy,100,Easy,50,3,1.49229,0.999877,4.51405
A* Static,100,Medium,0,0,0,0.999165,4.5825
A* Static,100,Medium,1,1,0,0.998886,4.58141
A* Static,100,Medium,2,1,0,0.995266,4.57009
A* Static,100,Medium,3,1,0,0.994987,4.57039
A* Static,100,Medium,4,2,0,0.994431,4.57071
A* Static,100,Medium,5,1,0,0.994291,4.57037
A* Static,100,Medium,6,1,0,0.994152,4.57031
A* Static,100,Medium,7,1,0,0.99095,4.56161
A* Static,100,Medium,8,1,0,0.990393,4.55982
A* Static,100,Medium,9,1,0,0.989836,4.55901
A* Static,100,Medium,10,1,0,0.989696,4.55923
A* Static,100,Medium,11,1,0,0.989557,4.55945
A* Static,100,Medium,12,2,0,0.988583,4.55901
A* Static,100,Medium,13,1,0,0.988443,4.55895
A* Static,100,Medium,14,1,0,0.987608,4.55703
A* Static,100,Medium,15,1,0,0.987469,4.55711
A* Static,100,Medium,16,1,0,0.98719,4.55698
A* Static,100,Medium,17,1,0,0.986633,4.55673
A* Static,100,Medium,18,1,0,0.984405,4.55417
A* Static,100,Medium,19,1,0,0.983431,4.55047
A* Static,100,Medium,20,2,0,0.984405,4.55488
A* Static,100,Medium,21,1,0,0.983988,4.55398
A* Static,100,Medium,22,1,0,0.983849,4.55406
A* Static,100,Medium,23,1,0,0.983152,4.5529
A* Static,100,Medium,24,1,0,0.982735,4.55271
A* Static,100,Medium,25,1,0,0.982595,4.55293
A* Static,100,Medium,26,1,0,0.982456,4.553
A* Static,100,Medium,27,1,0,0.982317,4.55322
A* Static,100,Medium,28,1,0,0.982038,4.55381
A* Static,100,Medium,29,2,0,0.98176,4.5534
A* Static,100,Medium,30,3,0,0.981342,4.55321
A* Static,100,Medium,31,1,0,0.981203,4.55329
A* Static,100,Medium,32,1,0,0.981064,4.55322
A* Static,100,Medium,33,1,0,0.980646,4.55104
A* Static,100,Medium,34,1,0,0.980228,4.55213
A* Static,100,Medium,35,1,0,0.980089,4.55192
A* Static,100,Medium,36,1,0,0.97995,4.55229
A* Static,100,Medium,37,1,0,0.979254,4.55026
A* Static,100,Medium,38,1,0,0.978836,4.55021
A* Static,100,Medium,39,1,0,0.978418,4.54874
A* Static,100,Medium,40,1,0,0.97814,4.54904
A* Static,100,Medium,41,1,0,0.978001,4.54883
A* Static,100,Medium,42,1,0,0.976608,4.54847
A* Static,100,Medium,43,1,0,0.976469,4.5487
A* Static,100,Medium,44,1,0,0.976051,4.54793
A* Static,100,Medium,45,1,0,0.976051,4.54793
A* Static,100,Medium,46,3,0,0.975216,4.54854
A* Static,100,Medium,47,1,0,0.975077,4.54819
A* Static,100,Medium,48,1,0,0.974659,4.54729
A* Static,100,Medium,49,1,0,0.973545,4.54934
A* Static,100,Medium,50,3,0,0.971735,4.54707
A* Oracle,100,Medium,0,0,0,0.999165,4.5825
A* Oracle,100,Medium,1,1,0.932377,0.999165,4.5825
A* Oracle,100,Medium,2,1,0.932331,0.999165,4.5825
A* Oracle,100,Medium,3,1,0.932391,0.999165,4.5825
A* Oracle,100,Medium,4,2,0.933559,0.999165,4.58236
A* Oracle,100,Medium,5,1,0.932838,0.999165,4.58264
A* Oracle,100,Medium,6,1,0.933796,0.999165,4.5825
A* Oracle,100,Medium,7,1,0.931912,0.999165,4.58027
A* Oracle,100,Medium,8,1,0.934028,0.999165,4.58041
A* Oracle,100,Medium,9,1,0.933385,0.999165,4.58055
A* Oracle,100,Medium,10,1,0.933678,0.999165,4.58027
A* Oracle,100,Medium,11,1,0.932267,0.999165,4.58027
A* Oracle,100,Medium,12,2,0.934298,0.999165,4.58013
A* Oracle,100,Medium,13,1,0.933042,0.999165,4.58027
A* Oracle,100,Medium,14,1,0.932844,0.999165,4.58041
A* Oracle,100,Medium,15,1,0.933748,0.999165,4.58055
A* Oracle,100,Medium,16,1,0.934469,0.999165,4.58069
A* Oracle,100,Medium,17,1,0.93373,0.999165,4.57999
A* Oracle,100,Medium,18,1,0.933755,0.999165,4.58208
A* Oracle,100,Medium,19,1,0.93341,0.999165,4.57999
A* Oracle,100,Medium,20,2,0.93311,0.999165,4.58027
A* Oracle,100,Medium,21,1,0.933409,0.999165,4.58055
A* Oracle,100,Medium,22,1,0.93338,0.999165,4.58055
A* Oracle,100,Medium,23,1,0.935975,0.999165,4.58027
A* Oracle,100,Medium,24,1,0.933922,0.999165,4.58055
A* Oracle,100,Medium,25,1,0.932688,0.999165,4.57915
A* Oracle,100,Medium,26,1,0.933865,0.999165,4.57915
A* Oracle,100,Medium,27,1,0.933228,0.999165,4.57915
A* Oracle,100,Medium,28,1,0.932802,0.999165,4.57929
A* Oracle,100,Medium,29,2,0.934828,0.999165,4.57915
A* Oracle,100,Medium,30,3,0.93356,0.999165,4.57887
A* Oracle,100,Medium,31,1,0.934339,0.999165,4.57887
A* Oracle,100,Medium,32,1,0.932239,0.999165,4.57887
A* Oracle,100,Medium,33,1,0.932909,0.999165,4.57901
A* Oracle,100,Medium,34,1,0.93386,0.999165,4.57901
A* Oracle,100,Medium,35,1,0.93295,0.999165,4.57929
A* Oracle,100,Medium,36,1,0.933112,0.999165,4.57929
A* Oracle,100,Medium,37,1,0.932824,0.999165,4.57901
A* Oracle,100,Medium,38,1,0.933298,0.999165,4.57915
A* Oracle,100,Medium,39,1,0.933035,0.999165,4.57846
A* Oracle,100,Medium,40,1,0.93614,0.999165,4.57818
A* Oracle,100,Medium,41,1,0.932403,0.999165,4.57832
A* Oracle,100,Medium,42,1,0.933067,0.999165,4.57887
A* Oracle,100,Medium,43,1,0.932911,0.999165,4.57901
A* Oracle,100,Medium,44,1,0.932753,0.999165,4.57776
A* Oracle,100,Medium,45,1,0.932738,0.999165,4.57832
A* Oracle,100,Medium,46,3,0.932161,0.999165,4.57846
A* Oracle,100,Medium,47,1,0.932392,0.999165,4.57818
A* Oracle,100,Medium,48,1,0.933026,0.999165,4.57302
A* Oracle,100,Medium,49,1,0.934187,0.999165,4.57386
A* Oracle,100,Medium,50,3,0.93217,0.999165,4.57316
Local,100,Medium,0,0,0,0.997494,4.7239
Local,100,Medium,1,1,0.158073,0.997494,4.72376
Local,100,Medium,2,1,0.221108,0.997494,4.72111
Local,100,Medium,3,1,0.10835,0.997494,4.71985
Local,100,Medium,4,2,0.342378,0.997633,4.71863
Local,100,Medium,5,1,0.122925,0.997633,4.71849
Local,100,Medium,6,1,0.0974492,0.997633,4.71835
Local,100,Medium,7,1,0.166317,0.997633,4.715
Local,100,Medium,8,1,0.152028,0.997633,4.71389
Local,100,Medium,9,1,0.140175,0.997633,4.71221
Local,100,Medium,10,1,0.397086,0.997633,4.71137
Local,100,Medium,11,1,0.0899799,0.997633,4.71124
Local,100,Medium,12,2,0.415886,0.997633,4.71054
Local,100,Medium,13,1,0.125376,0.997633,4.71012
Local,100,Medium,14,1,0.184937,0.997633,4.71151
Local,100,Medium,15,1,0.0781983,0.997633,4.71068
Local,100,Medium,16,1,0.220899,0.997633,4.70914
Local,100,Medium,17,1,0.360452,0.997633,4.70705
Local,100,Medium,18,1,0.298632,0.997633,4.70384
Local,100,Medium,19,1,0.128796,0.997633,4.70147
Local,100,Medium,20,2,0.766753,0.997633,4.70035
Local,100,Medium,21,1,0.0695588,0.997633,4.70049
Local,100,Medium,22,1,0.0795644,0.997772,4.69997
Local,100,Medium,23,1,0.110306,0.997772,4.69983
Local,100,Medium,24,1,0.107607,0.997772,4.69913
Local,100,Medium,25,1,0.349606,0.997772,4.69746
Local,100,Medium,26,1,0.195345,0.997772,4.69662
Local,100,Medium,27,1,0.0690491,0.997772,4.6962
Local,100,Medium,28,1,0.064314,0.997772,4.69634
Local,100,Medium,29,2,0.772332,0.997772,4.69397
Local,100,Medium,30,3,0.611321,0.997772,4.6923
Local,100,Medium,31,1,0.318146,0.997772,4.69202
Local,100,Medium,32,1,0.116863,0.997772,4.69146
Local,100,Medium,33,1,0.154537,0.997772,4.6916
Local,100,Medium,34,1,0.12871,0.997772,4.69118
Local,100,Medium,35,1,0.111342,0.997633,4.6903
Local,100,Medium,36,1,0.115232,0.997633,4.68904
Local,100,Medium,37,1,0.23625,0.997633,4.68751
Local,100,Medium,38,1,0.174685,0.997633,4.68751
Local,100,Medium,39,1,0.144021,0.997633,4.68667
Local,100,Medium,40,1,0.092086,0.997633,4.68458
Local,100,Medium,41,1,0.180471,0.997772,4.68337
Local,100,Medium,42,1,0.107136,0.997772,4.68448
Local,100,Medium,43,1,0.0663847,0.997772,4.68462
Local,100,Medium,44,1,0.206491,0.997772,4.68295
Local,100,Medium,45,1,0.154851,0.997772,4.68323
Local,100,Medium,46,3,0.323519,0.997772,4.68309
Local,100,Medium,47,1,0.122377,0.997772,4.68267
Local,100,Medium,48,1,0.209011,0.997772,4.67709
Local,100,Medium,49,1,0.111935,0.997772,4.67709
Local,100,Medium,50,3,0.570031,0.997772,4.67555
Hierarchy,100,Medium,0,0,0,0.997076,4.72239
Hierarchy,100,Medium,1,1,0.417082,0.997076,4.70968
Hierarchy,100,Medium,2,1,0.639719,0.997076,4.70954
Hierarchy,100,Medium,3,1,0.332846,0.997076,4.70758
Hierarchy,100,Medium,4,2,1.08499,0.997076,4.70591
Hierarchy,100,Medium,5,1,0.361697,0.997076,4.70311
Hierarchy,100,Medium,6,1,0.279765,0.997076,4.70172
Hierarchy,100,Medium,7,1,0.440566,0.997076,4.70074
Hierarchy,100,Medium,8,1,0.393425,0.997076,4.68831
Hierarchy,100,Medium,9,1,0.330976,0.997076,4.68831
Hierarchy,100,Medium,10,1,0.688612,0.997076,4.68412
Hierarchy,100,Medium,11,1,0.469969,0.999025,4.69603
Hierarchy,100,Medium,12,2,0.782758,0.999025,4.69352
Hierarchy,100,Medium,13,1,0.33991,0.999025,4.69213
Hierarchy,100,Medium,14,1,0.495696,0.999025,4.68725
Hierarchy,100,Medium,15,1,0.313033,0.999025,4.68697
Hierarchy,100,Medium,16,1,0.335083,0.999025,4.68711
Hierarchy,100,Medium,17,1,0.671523,0.999025,4.68014
Hierarchy,100,Medium,18,1,0.44356,0.999025,4.68028
Hierarchy,100,Medium,19,1,0.296041,0.999025,4.67847
Hierarchy,100,Medium,20,2,1.46708,0.999025,4.68028
Hierarchy,100,Medium,21,1,0.232705,0.999025,4.68028
Hierarchy,100,Medium,22,1,0.258441,0.999025,4.6793
Hierarchy,100,Medium,23,1,0.200219,0.999025,4.6793
Hierarchy,100,Medium,24,1,0.254154,0.999025,4.67833
Hierarchy,100,Medium,25,1,1.07662,0.999025,4.67498
Hierarchy,100,Medium,26,1,0.437324,0.999025,4.67387
Hierarchy,100,Medium,27,1,0.20864,0.999025,4.67359
Hierarchy,100,Medium,28,1,0.187694,0.999025,4.67415
Hierarchy,100,Medium,29,2,2.07391,0.999025,4.66439
Hierarchy,100,Medium,30,3,1.49205,0.999025,4.65645
Hierarchy,100,Medium,31,1,1.04423,0.999025,4.65422
Hierarchy,100,Medium,32,1,0.238897,0.999025,4.65408
Hierarchy,100,Medium,33,1,0.437812,0.999025,4.6538
Hierarchy,100,Medium,34,1,0.350655,0.999025,4.65268
Hierarchy,100,Medium,35,1,0.296739,0.999025,4.65436
Hierarchy,100,Medium,36,1,0.203401,0.999025,4.65352
Hierarchy,100,Medium,37,1,0.543536,0.999025,4.64571
Hierarchy,100,Medium,38,1,0.403023,0.999025,4.64641
Hierarchy,100,Medium,39,1,0.44216,0.999025,4.64474
Hierarchy,100,Medium,40,1,0.212705,0.999025,4.64279
Hierarchy,100,Medium,41,1,0.218763,0.999025,4.64195
Hierarchy,100,Medium,42,1,0.239611,0.999025,4.64265
Hierarchy,100,Medium,43,1,0.223511,0.999025,4.64279
Hierarchy,100,Medium,44,1,0.358231,0.999025,4.64111
Hierarchy,100,Medium,45,1,0.393912,0.999025,4.63972
Hierarchy,100,Medium,46,3,1.05435,0.999025,4.63847
Hierarchy,100,Medium,47,1,0.319754,0.999025,4.63526
Hierarchy,100,Medium,48,1,0.330983,0.999025,4.62537
Hierarchy,100,Medium,49,1,0.329951,0.999025,4.62314
Hierarchy,100,Medium,50,3,1.36457,0.999025,4.62146
A* Static,100,Hard,0,0,0,0.998667,7.34713
A* Static,100,Hard,1,1,0,0.9985,7.34585
A* Static,100,Hard,2,1,0,0.998333,7.34608
A* Static,100,Hard,3,2,0,0.995667,7.34884
A* Static,100,Hard,4,1,0,0.983833,7.31137
A* Static,100,Hard,5,1,0,0.983667,7.31193
A* Static,100,Hard,6,1,0,0.983,7.3118
A* Static,100,Hard,7,1,0,0.982667,7.31242
A* Static,100,Hard,8,1,0,0.981,7.30309
A* Static,100,Hard,9,1,0,0.980167,7.30318
A* Static,100,Hard,10,2,0,0.979667,7.3035
A* Static,100,Hard,11,1,0,0.979333,7.30344
A* Static,100,Hard,12,1,0,0.977833,7.30561
A* Static,100,Hard,13,1,0,0.976833,7.30131
A* Static,100,Hard,14,1,0,0.9765,7.30227
A* Static,100,Hard,15,1,0,0.9765,7.30227
A* Static,100,Hard,16,1,0,0.976333,7.30232
A* Static,100,Hard,17,1,0,0.976167,7.30169
A* Static,100,Hard,18,1,0,0.975833,7.30094
A* Static,100,Hard,19,1,0,0.975667,7.30184
A* Static,100,Hard,20,1,0,0.974167,7.30334
A* Static,100,Hard,21,2,0,0.971833,7.28983
A* Static,100,Hard,22,4,0,0.968667,7.28217
A* Static,100,Hard,23,1,0,0.9685,7.28308
A* Static,100,Hard,24,1,0,0.968333,7.28382
A* Static,100,Hard,25,1,0,0.967,7.28214
A* Static,100,Hard,26,1,0,0.9665,7.28126
A* Static,100,Hard,27,1,0,0.966167,7.27945
A* Static,100,Hard,28,1,0,0.965,7.28221
A* Static,100,Hard,29,1,0,0.964833,7.28191
A* Static,100,Hard,30,1,0,0.958833,7.23483
A* Static,100,Hard,31,1,0,0.9585,7.23405
A* Static,100,Hard,32,2,0,0.955667,7.24311
A* Static,100,Hard,33,1,0,0.9555,7.24246
A* Static,100,Hard,34,1,0,0.955333,7.2425
A* Static,100,Hard,35,2,0,0.954833,7.24228
A* Static,100,Hard,36,1,0,0.954667,7.24319
A* Static,100,Hard,37,1,0,0.953833,7.23659
A* Static,100,Hard,38,1,0,0.953667,7.23593
A* Static,100,Hard,39,1,0,0.952833,7.23579
A* Static,100,Hard,40,1,0,0.948833,7.22695
A* Static,100,Hard,41,1,0,0.9445,7.21669
A* Static,100,Hard,42,1,0,0.943667,7.21547
A* Static,100,Hard,43,1,0,0.943333,7.21572
A* Static,100,Hard,44,1,0,0.943167,7.21364
A* Static,100,Hard,45,1,0,0.9395,7.21288
A* Static,100,Hard,46,1,0,0.939333,7.21221
A* Static,100,Hard,47,1,0,0.936,7.20976
A* Static,100,Hard,48,1,0,0.935167,7.20691
A* Static,100,Hard,49,1,0,0.931333,7.19596
A* Static,100,Hard,50,1,0,0.931,7.19549
A* Oracle,100,Hard,0,0,0,0.998667,7.34713
A* Oracle,100,Hard,1,1,1.26269,0.998667,7.34713
A* Oracle,100,Hard,2,1,1.2622,0.998667,7.34713
A* Oracle,100,Hard,3,2,1.26085,0.998667,7.3488
A* Oracle,100,Hard,4,1,1.26468,0.998667,7.35631
A* Oracle,100,Hard,5,1,1.26258,0.998667,7.35648
A* Oracle,100,Hard,6,1,1.2633,0.998667,7.35731
A* Oracle,100,Hard,7,1,1.26275,0.998667,7.35748
A* Oracle,100,Hard,8,1,1.2629,0.998667,7.35648
A* Oracle,100,Hard,9,1,1.26178,0.998667,7.35731
A* Oracle,100,Hard,10,2,1.26384,0.998667,7.35681
A* Oracle,100,Hard,11,1,1.26176,0.998667,7.35648
A* Oracle,100,Hard,12,1,1.2618,0.998667,7.35631
A* Oracle,100,Hard,13,1,1.26138,0.998667,7.35614
A* Oracle,100,Hard,14,1,1.26225,0.998667,7.35531
A* Oracle,100,Hard,15,1,1.26277,0.998667,7.3533
A* Oracle,100,Hard,16,1,1.26226,0.998667,7.35264
A* Oracle,100,Hard,17,1,1.26398,0.998667,7.35147
A* Oracle,100,Hard,18,1,1.27252,0.998333,7.35075
A* Oracle,100,Hard,19,1,1.26251,0.998333,7.34758
A* Oracle,100,Hard,20,1,1.26347,0.998333,7.34791
A* Oracle,100,Hard,21,2,1.26476,0.998333,7.34641
A* Oracle,100,Hard,22,4,1.2631,0.998333,7.34641
A* Oracle,100,Hard,23,1,1.26245,0.998333,7.34324
A* Oracle,100,Hard,24,1,1.26246,0.998333,7.34324
A* Oracle,100,Hard,25,1,1.26277,0.998333,7.34391
A* Oracle,100,Hard,26,1,1.26212,0.998333,7.34257
A* Oracle,100,Hard,27,1,1.26447,0.998333,7.3419
A* Oracle,100,Hard,28,1,1.26393,0.998333,7.3424
A* Oracle,100,Hard,29,1,1.26414,0.998333,7.3424
A* Oracle,100,Hard,30,1,1.26391,0.998333,7.34307
A* Oracle,100,Hard,31,1,1.26463,0.998333,7.34324
A* Oracle,100,Hard,32,2,1.26582,0.998333,7.34474
A* Oracle,100,Hard,33,1,1.26662,0.998333,7.34457
A* Oracle,100,Hard,34,1,1.26605,0.998333,7.34441
A* Oracle,100,Hard,35,2,1.2615,0.998333,7.34474
A* Oracle,100,Hard,36,1,1.26182,0.998333,7.34725
A* Oracle,100,Hard,37,1,1.26265,0.998333,7.34641
A* Oracle,100,Hard,38,1,1.26516,0.998333,7.34691
A* Oracle,100,Hard,39,1,1.26571,0.998333,7.34691
A* Oracle,100,Hard,40,1,1.26733,0.998333,7.35008
A* Oracle,100,Hard,41,1,1.26604,0.998333,7.34841
A* Oracle,100,Hard,42,1,1.26554,0.998333,7.34841
A* Oracle,100,Hard,43,1,1.2663,0.998333,7.34825
A* Oracle,100,Hard,44,1,1.26589,0.998333,7.34958
A* Oracle,100,Hard,45,1,1.27514,0.998333,7.35326
A* Oracle,100,Hard,46,1,1.26603,0.998333,7.35309
A* Oracle,100,Hard,47,1,1.26558,0.998333,7.35659
A* Oracle,100,Hard,48,1,1.26746,0.998333,7.35609
A* Oracle,100,Hard,49,1,1.26665,0.998333,7.35609
A* Oracle,100,Hard,50,1,1.26743,0.998333,7.35609
Local,100,Hard,0,0,0,0.971,7.40457
Local,100,Hard,1,1,0.4569,0.971,7.40199
Local,100,Hard,2,1,0.147176,0.971333,7.40048
Local,100,Hard,3,2,0.404155,0.971333,7.39928
Local,100,Hard,4,1,0.23171,0.971333,7.40254
Local,100,Hard,5,1,0.200041,0.971333,7.40202
Local,100,Hard,6,1,0.197697,0.971333,7.39945
Local,100,Hard,7,1,0.0854781,0.971333,7.39911
Local,100,Hard,8,1,0.392998,0.971333,7.39602
Local,100,Hard,9,1,0.317451,0.971667,7.38971
Local,100,Hard,10,2,0.510214,0.971667,7.38765
Local,100,Hard,11,1,0.494451,0.971667,7.38593
Local,100,Hard,12,1,0.171438,0.971667,7.38473
Local,100,Hard,13,1,0.223079,0.971667,7.38182
Local,100,Hard,14,1,0.172637,0.971667,7.38079
Local,100,Hard,15,1,0.368291,0.971667,7.37959
Local,100,Hard,16,1,0.159296,0.972,7.35854
Local,100,Hard,17,1,0.12604,0.972,7.35854
Local,100,Hard,18,1,0.133053,0.971667,7.35729
Local,100,Hard,19,1,0.129372,0.971667,7.34494
Local,100,Hard,20,1,0.323387,0.971667,7.34288
Local,100,Hard,21,2,0.552485,0.971667,7.34168
Local,100,Hard,22,4,1.21433,0.971833,7.33768
Local,100,Hard,23,1,0.171674,0.971833,7.33459
Local,100,Hard,24,1,0.131127,0.971833,7.33476
Local,100,Hard,25,1,0.154291,0.971833,7.33511
Local,100,Hard,26,1,0.160792,0.971833,7.33356
Local,100,Hard,27,1,0.242365,0.971833,7.33202
Local,100,Hard,28,1,0.121249,0.971833,7.33168
Local,100,Hard,29,1,0.207221,0.971833,7.33168
Local,100,Hard,30,1,0.199077,0.971833,7.31247
Local,100,Hard,31,1,0.247755,0.971833,7.31007
Local,100,Hard,32,2,0.318076,0.972,7.31121
Local,100,Hard,33,1,0.215804,0.972,7.31173
Local,100,Hard,34,1,0.412196,0.972,7.31173
Local,100,Hard,35,2,0.541115,0.972,7.30264
Local,100,Hard,36,1,0.1839,0.971833,7.30321
Local,100,Hard,37,1,0.259798,0.971833,7.30355
Local,100,Hard,38,1,0.223285,0.971833,7.30389
Local,100,Hard,39,1,0.305649,0.971833,7.30509
Local,100,Hard,40,1,0.253942,0.971833,7.30715
Local,100,Hard,41,1,0.594467,0.971833,7.30115
Local,100,Hard,42,1,0.211699,0.971833,7.30166
Local,100,Hard,43,1,0.148216,0.971833,7.29137
Local,100,Hard,44,1,0.45111,0.973333,7.29572
Local,100,Hard,45,1,0.19971,0.9735,7.29858
Local,100,Hard,46,1,0.292047,0.9735,7.2967
Local,100,Hard,47,1,0.11943,0.9735,7.30817
Local,100,Hard,48,1,0.564677,0.9735,7.30474
Local,100,Hard,49,1,0.126415,0.974333,7.30859
Local,100,Hard,50,1,0.225708,0.974333,7.30739
Hierarchy,100,Hard,0,0,0,0.9765,7.27291
Hierarchy,100,Hard,1,1,1.49583,0.9765,7.27701
Hierarchy,100,Hard,2,1,0.458623,0.9765,7.27718
Hierarchy,100,Hard,3,2,0.686747,0.9765,7.2782
Hierarchy,100,Hard,4,1,0.673819,0.974167,7.24756
Hierarchy,100,Hard,5,1,0.559704,0.974167,7.24636
Hierarchy,100,Hard,6,1,0.559983,0.974167,7.24517
Hierarchy,100,Hard,7,1,0.316232,0.974167,7.24346
Hierarchy,100,Hard,8,1,0.79115,0.973833,7.23464
Hierarchy,100,Hard,9,1,0.460491,0.973833,7.22694
Hierarchy,100,Hard,10,2,1.27631,0.973833,7.2242
Hierarchy,100,Hard,11,1,0.692677,0.973833,7.223
Hierarchy,100,Hard,12,1,0.552391,0.973833,7.2218
Hierarchy,100,Hard,13,1,0.558861,0.973833,7.22112
Hierarchy,100,Hard,14,1,0.546423,0.973833,7.22112
Hierarchy,100,Hard,15,1,0.833401,0.973833,7.21855
Hierarchy,100,Hard,16,1,0.450088,0.973833,7.21718
Hierarchy,100,Hard,17,1,0.435229,0.974,7.21697
Hierarchy,100,Hard,18,1,0.43829,0.973833,7.21393
Hierarchy,100,Hard,19,1,0.306689,0.973833,7.20195
Hierarchy,100,Hard,20,1,0.479794,0.973833,7.20264
Hierarchy,100,Hard,21,2,1.71397,0.978167,7.2215
Hierarchy,100,Hard,22,4,2.97755,0.978167,7.20446
Hierarchy,100,Hard,23,1,0.367459,0.978167,7.2014
Hierarchy,100,Hard,24,1,0.300369,0.978167,7.20106
Hierarchy,100,Hard,25,1,0.741347,0.978833,7.20364
Hierarchy,100,Hard,26,1,0.40425,0.978833,7.20228
Hierarchy,100,Hard,27,1,0.693527,0.978833,7.20262
Hierarchy,100,Hard,28,1,0.301221,0.978833,7.20347
Hierarchy,100,Hard,29,1,0.371783,0.978833,7.20347
Hierarchy,100,Hard,30,1,0.859674,0.979167,7.20102
Hierarchy,100,Hard,31,1,0.372743,0.979167,7.20136
Hierarchy,100,Hard,32,2,0.954801,0.979167,7.20323
Hierarchy,100,Hard,33,1,0.499993,0.979167,7.2046
Hierarchy,100,Hard,34,1,0.57109,0.979167,7.20426
Hierarchy,100,Hard,35,2,1.44247,0.979167,7.19796
Hierarchy,100,Hard,36,1,0.57546,0.979167,7.19966
Hierarchy,100,Hard,37,1,0.828475,0.979167,7.2
Hierarchy,100,Hard,38,1,0.560243,0.979167,7.20051
Hierarchy,100,Hard,39,1,0.500388,0.979167,7.19932
Hierarchy,100,Hard,40,1,0.667722,0.979167,7.20136
Hierarchy,100,Hard,41,1,1.21938,0.979167,7.20017
Hierarchy,100,Hard,42,1,0.650772,0.979167,7.19762
Hierarchy,100,Hard,43,1,0.416086,0.979167,7.19574
Hierarchy,100,Hard,44,1,1.39339,0.977667,7.18121
Hierarchy,100,Hard,45,1,0.377809,0.977833,7.18544
Hierarchy,100,Hard,46,1,0.500139,0.977833,7.18442
Hierarchy,100,Hard,47,1,0.254958,0.975667,7.18449
Hierarchy,100,Hard,48,1,0.912857,0.977167,7.20041
Hierarchy,100,Hard,49,1,0.572144,0.977,7.20027
Hierarchy,100,Hard,50,1,0.44062,0.977,7.19942
A* Static,200,Easy,0,0,0,1,4.43207
A* Static,200,Easy,1,1,0,0.999815,4.43169
A* Static,200,Easy,2,6,0,0.999385,4.4315
A* Static,200,Easy,3,1,0,0.999262,4.43137
A* Static,200,Easy,4,1,0,0.999231,4.43129
A* Static,200,Easy,5,1,0,0.999077,4.43121
A* Static,200,Easy,6,1,0,0.998769,4.43042
A* Static,200,Easy,7,1,0,0.998708,4.43041
A* Static,200,Easy,8,1,0,0.998585,4.43009
A* Static,200,Easy,9,1,0,0.998369,4.42982
A* Static,200,Easy,10,1,0,0.998216,4.42948
A* Static,200,Easy,11,4,0,0.997662,4.42861
A* Static,200,Easy,12,1,0,0.997416,4.42878
A* Static,200,Easy,13,1,0,0.997385,4.4287
A* Static,200,Easy,14,1,0,0.997354,4.42868
A* Static,200,Easy,15,1,0,0.997293,4.42871
A* Static,200,Easy,16,3,0,0.996985,4.42835
A* Static,200,Easy,17,1,0,0.996954,4.42839
A* Static,200,Easy,18,1,0,0.996893,4.42851
A* Static,200,Easy,19,1,0,0.9968,4.42877
A* Static,200,Easy,20,1,0,0.996708,4.42884
A* Static,200,Easy,21,1,0,0.996677,4.42885
A* Static,200,Easy,22,2,0,0.996462,4.42876
A* Static,200,Easy,23,1,0,0.996431,4.42871
A* Static,200,Easy,24,1,0,0.996031,4.42922
A* Static,200,Easy,25,1,0,0.996,4.42917
A* Static,200,Easy,26,1,0,0.995939,4.42917
A* Static,200,Easy,27,1,0,0.995508,4.42784
A* Static,200,Easy,28,1,0,0.995477,4.42788
A* Static,200,Easy,29,1,0,0.995293,4.4279
A* Static,200,Easy,30,1,0,0.994893,4.42804
A* Static,200,Easy,31,2,0,0.994801,4.42777
A* Static,200,Easy,32,1,0,0.99477,4.42775
A* Static,200,Easy,33,2,0,0.994401,4.42791
A* Static,200,Easy,34,9,0,0.993324,4.4277
A* Static,200,Easy,35,1,0,0.993262,4.42769
A* Static,200,Easy,36,1,0,0.99317,4.42761
A* Static,200,Easy,37,1,0,0.993109,4.42766
A* Static,200,Easy,38,1,0,0.993078,4.42762
A* Static,200,Easy,39,1,0,0.993047,4.42763
A* Static,200,Easy,40,1,0,0.992985,4.42756
A* Static,200,Easy,41,1,0,0.992955,4.42751
A* Static,200,Easy,42,1,0,0.992832,4.42769
A* Static,200,Easy,43,1,0,0.992647,4.426
A* Static,200,Easy,44,1,0,0.992647,4.42607
A* Static,200,Easy,45,1,0,0.992524,4.42609
A* Static,200,Easy,46,1,0,0.992493,4.4261
A* Static,200,Easy,47,2,0,0.992278,4.42489
A* Static,200,Easy,48,1,0,0.991724,4.42414
A* Static,200,Easy,49,1,0,0.991693,4.42415
A* Static,200,Easy,50,2,0,0.991601,4.42382
A* Oracle,200,Easy,0,0,0,1,4.43207
A* Oracle,200,Easy,1,1,5.54609,1,4.43207
A* Oracle,200,Easy,2,6,5.43581,1,4.43192
A* Oracle,200,Easy,3,1,5.43731,1,4.43192
A* Oracle,200,Easy,4,1,5.43879,1,4.43192
A* Oracle,200,Easy,5,1,5.44071,1,4.43198
A* Oracle,200,Easy,6,1,5.4412,1,4.43198
A* Oracle,200,Easy,7,1,5.44295,1,4.43201
A* Oracle,200,Easy,8,1,5.44732,1,4.43204
A* Oracle,200,Easy,9,1,5.4417,1,4.4321
A* Oracle,200,Easy,10,1,5.45158,1,4.43219
A* Oracle,200,Easy,11,4,5.44417,1,4.43219
A* Oracle,200,Easy,12,1,5.44622,1,4.43213
A* Oracle,200,Easy,13,1,5.44202,1,4.43213
A* Oracle,200,Easy,14,1,5.44689,1,4.4321
A* Oracle,200,Easy,15,1,5.44579,1,4.43213
A* Oracle,200,Easy,16,3,5.44588,1,4.43198
A* Oracle,200,Easy,17,1,5.44692,1,4.43198
A* Oracle,200,Easy,18,1,5.44762,1,4.43201
A* Oracle,200,Easy,19,1,5.44699,1,4.43207
A* Oracle,200,Easy,20,1,5.45006,1,4.43201
A* Oracle,200,Easy,21,1,5.45603,1,4.43204
A* Oracle,200,Easy,22,2,5.44975,1,4.43204
A* Oracle,200,Easy,23,1,5.44527,1,4.43204
A* Oracle,200,Easy,24,1,5.44616,1,4.4321
A* Oracle,200,Easy,25,1,5.44534,1,4.43207
A* Oracle,200,Easy,26,1,5.44549,1,4.4321
A* Oracle,200,Easy,27,1,5.44668,1,4.43139
A* Oracle,200,Easy,28,1,5.4466,1,4.4313
A* Oracle,200,Easy,29,1,5.44726,1,4.43145
A* Oracle,200,Easy,30,1,5.44998,1,4.43152
A* Oracle,200,Easy,31,2,5.4512,1,4.43152
A* Oracle,200,Easy,32,1,5.44667,1,4.43149
A* Oracle,200,Easy,33,2,5.4612,1,4.43161
A* Oracle,200,Easy,34,9,5.45125,1,4.43136
A* Oracle,200,Easy,35,1,5.4533,1,4.43099
A* Oracle,200,Easy,36,1,5.44883,1,4.43102
A* Oracle,200,Easy,37,1,5.45315,1,4.43096
A* Oracle,200,Easy,38,1,5.44823,1,4.43093
A* Oracle,200,Easy,39,1,5.45025,1,4.43084
A* Oracle,200,Easy,40,1,5.45035,1,4.43084
A* Oracle,200,Easy,41,1,5.45142,1,4.43087
A* Oracle,200,Easy,42,1,5.44504,1,4.43093
A* Oracle,200,Easy,43,1,5.44929,1,4.43099
A* Oracle,200,Easy,44,1,5.44165,1,4.43102
A* Oracle,200,Easy,45,1,5.45373,1,4.43102
A* Oracle,200,Easy,46,1,5.44394,1,4.43102
A* Oracle,200,Easy,47,2,5.44755,1,4.43102
A* Oracle,200,Easy,48,1,5.44168,1,4.4309
A* Oracle,200,Easy,49,1,5.44477,1,4.4309
A* Oracle,200,Easy,50,2,5.45107,1,4.4309
Local,200,Easy,0,0,0,0.99717,4.58867
Local,200,Easy,1,1,0.316804,0.99717,4.58818
Local,200,Easy,2,6,1.93568,0.997262,4.58559
Local,200,Easy,3,1,0.210508,0.997262,4.58556
Local,200,Easy,4,1,0.260512,0.997262,4.58553
Local,200,Easy,5,1,0.299533,0.997262,4.58535
Local,200,Easy,6,1,0.176391,0.997262,4.5851
Local,200,Easy,7,1,0.324995,0.997293,4.58471
Local,200,Easy,8,1,0.304718,0.997293,4.58459
Local,200,Easy,9,1,0.303929,0.997293,4.58403
Local,200,Easy,10,1,0.252201,0.997293,4.58385
Local,200,Easy,11,4,1.74905,0.997323,4.58278
Local,200,Easy,12,1,0.192369,0.997323,4.58235
Local,200,Easy,13,1,0.219202,0.997323,4.58223
Local,200,Easy,14,1,0.295074,0.997323,4.58152
Local,200,Easy,15,1,0.206948,0.997323,4.58133
Local,200,Easy,16,3,0.68165,0.997323,4.58111
Local,200,Easy,17,1,0.133584,0.997323,4.58108
Local,200,Easy,18,1,0.288762,0.997323,4.58118
Local,200,Easy,19,1,0.241135,0.997323,4.58124
Local,200,Easy,20,1,0.456839,0.997323,4.58047
Local,200,Easy,21,1,0.257864,0.997323,4.57976
Local,200,Easy,22,2,0.625089,0.997323,4.57754
Local,200,Easy,23,1,0.185744,0.997323,4.57738
Local,200,Easy,24,1,0.183472,0.997323,4.57673
Local,200,Easy,25,1,0.216675,0.997323,4.57633
Local,200,Easy,26,1,0.233532,0.997323,4.5763
Local,200,Easy,27,1,0.247551,0.997323,4.57541
Local,200,Easy,28,1,0.191621,0.997323,4.57544
Local,200,Easy,29,1,0.243161,0.997323,4.57535
Local,200,Easy,30,1,0.416195,0.997323,4.57538
Local,200,Easy,31,2,0.41623,0.997323,4.57519
Local,200,Easy,32,1,0.22307,0.997323,4.57436
Local,200,Easy,33,2,0.382319,0.997323,4.57411
Local,200,Easy,34,9,2.90025,0.997323,4.57134
Local,200,Easy,35,1,0.34195,0.997323,4.57072
Local,200,Easy,36,1,0.290046,0.997323,4.57066
Local,200,Easy,37,1,0.19346,0.997323,4.57053
Local,200,Easy,38,1,0.38522,0.997323,4.57016
Local,200,Easy,39,1,0.187911,0.997323,4.56973
Local,200,Easy,40,1,0.231385,0.997323,4.56964
Local,200,Easy,41,1,0.219241,0.997323,4.57001
Local,200,Easy,42,1,0.195821,0.997323,4.56992
Local,200,Easy,43,1,0.233984,0.997323,4.56982
Local,200,Easy,44,1,0.206832,0.997323,4.56995
Local,200,Easy,45,1,0.21854,0.997323,4.56986
Local,200,Easy,46,1,0.238884,0.997323,4.56942
Local,200,Easy,47,2,0.704506,0.997323,4.56813
Local,200,Easy,48,1,0.237673,0.997323,4.56807
Local,200,Easy,49,1,0.208292,0.997323,4.56804
Local,200,Easy,50,2,0.470887,0.997323,4.56748
Hierarchy,200,Easy,0,0,0,0.997723,4.57055
Hierarchy,200,Easy,1,1,0.706554,0.997723,4.57018
Hierarchy,200,Easy,2,6,4.28316,0.997723,4.56701
Hierarchy,200,Easy,3,1,0.578376,0.997723,4.56623
Hierarchy,200,Easy,4,1,0.620402,0.997723,4.5663
Hierarchy,200,Easy,5,1,0.713978,0.997723,4.56657
Hierarchy,200,Easy,6,1,0.783863,0.997723,4.5662
Hierarchy,200,Easy,7,1,0.74054,0.997723,4.5659
Hierarchy,200,Easy,8,1,0.838171,0.997723,4.5658
Hierarchy,200,Easy,9,1,0.46545,0.997723,4.5659
Hierarchy,200,Easy,10,1,0.881951,0.997723,4.565
Hierarchy,200,Easy,11,4,3.7313,0.997723,4.56142
Hierarchy,200,Easy,12,1,0.457091,0.997723,4.56096
Hierarchy,200,Easy,13,1,0.602848,0.997723,4.56062
Hierarchy,200,Easy,14,1,0.646677,0.997723,4.55782
Hierarchy,200,Easy,15,1,0.507366,0.997723,4.55742
Hierarchy,200,Easy,16,3,1.47262,0.997785,4.55593
Hierarchy,200,Easy,17,1,0.431991,0.997785,4.5559
Hierarchy,200,Easy,18,1,0.513099,0.997785,4.55593
Hierarchy,200,Easy,19,1,0.486526,0.997785,4.55451
Hierarchy,200,Easy,20,1,1.3708,0.997785,4.55331
Hierarchy,200,Easy,21,1,0.55735,0.997785,4.55223
Hierarchy,200,Easy,22,2,1.2603,0.997785,4.55047
Hierarchy,200,Easy,23,1,0.402781,0.997785,4.55041
Hierarchy,200,Easy,24,1,0.530545,0.997785,4.54955
Hierarchy,200,Easy,25,1,0.569495,0.997785,4.54921
Hierarchy,200,Easy,26,1,0.44412,0.997785,4.5489
Hierarchy,200,Easy,27,1,0.697705,0.997785,4.54788
Hierarchy,200,Easy,28,1,0.547316,0.997785,4.54773
Hierarchy,200,Easy,29,1,0.486737,0.997785,4.54755
Hierarchy,200,Easy,30,1,0.676457,0.997785,4.54622
Hierarchy,200,Easy,31,2,1.17219,0.997785,4.54526
Hierarchy,200,Easy,32,1,0.536092,0.997785,4.54462
Hierarchy,200,Easy,33,2,1.06103,0.997785,4.54449
Hierarchy,200,Easy,34,9,6.91322,0.997785,4.53561
Hierarchy,200,Easy,35,1,0.63184,0.997785,4.53413
Hierarchy,200,Easy,36,1,0.535078,0.997785,4.5341
Hierarchy,200,Easy,37,1,0.531682,0.997785,4.53367
Hierarchy,200,Easy,38,1,0.647712,0.997785,4.53142
Hierarchy,200,Easy,39,1,0.459447,0.997785,4.53114
Hierarchy,200,Easy,40,1,0.454901,0.997785,4.53102
Hierarchy,200,Easy,41,1,0.685116,0.997785,4.52988
Hierarchy,200,Easy,42,1,0.551264,0.997785,4.52929
Hierarchy,200,Easy,43,1,0.581309,0.997785,4.52886
Hierarchy,200,Easy,44,1,0.580212,0.997785,4.52704
Hierarchy,200,Easy,45,1,0.475556,0.997785,4.52689
Hierarchy,200,Easy,46,1,0.540087,0.997785,4.52661
Hierarchy,200,Easy,47,2,1.59561,0.997939,4.52123
Hierarchy,200,Easy,48,1,0.434762,0.997939,4.51996
Hierarchy,200,Easy,49,1,0.435242,0.997939,4.5199
Hierarchy,200,Easy,50,2,0.800523,0.997939,4.51953
A* Static,200,Medium,0,0,0,0.99972,4.54819
A* Static,200,Medium,1,1,0,0.999615,4.54824
A* Static,200,Medium,2,6,0,0.998739,4.54876
A* Static,200,Medium,3,1,0,0.998704,4.54867
A* Static,200,Medium,4,1,0,0.998669,4.54862
A* Static,200,Medium,5,1,0,0.998389,4.54797
A* Static,200,Medium,6,1,0,0.998319,4.54783
A* Static,200,Medium,7,1,0,0.998109,4.5477
A* Static,200,Medium,8,1,0,0.998074,4.54758
A* Static,200,Medium,9,1,0,0.997653,4.54743
A* Static,200,Medium,10,1,0,0.997618,4.54741
A* Static,200,Medium,11,4,0,0.996533,4.54351
A* Static,200,Medium,12,1,0,0.996498,4.54342
A* Static,200,Medium,13,1,0,0.996428,4.54328
A* Static,200,Medium,14,1,0,0.996323,4.54306
A* Static,200,Medium,15,1,0,0.996288,4.54294
A* Static,200,Medium,16,3,0,0.996183,4.54296
A* Static,200,Medium,17,1,0,0.996077,4.54246
A* Static,200,Medium,18,1,0,0.995867,4.54201
A* Static,200,Medium,19,1,0,0.995797,4.54215
A* Static,200,Medium,20,1,0,0.995552,4.54229
A* Static,200,Medium,21,1,0,0.995482,4.54201
A* Static,200,Medium,22,2,0,0.995307,4.54143
A* Static,200,Medium,23,1,0,0.995132,4.541
A* Static,200,Medium,24,1,0,0.994922,4.54087
A* Static,200,Medium,25,1,0,0.994887,4.54071
A* Static,200,Medium,26,1,0,0.994852,4.54066
A* Static,200,Medium,27,1,0,0.994782,4.54059
A* Static,200,Medium,28,1,0,0.994712,4.54038
A* Static,200,Medium,29,1,0,0.994677,4.5403
A* Static,200,Medium,30,1,0,0.994642,4.54028
A* Static,200,Medium,31,2,0,0.993451,4.53899
A* Static,200,Medium,32,1,0,0.993416,4.53912
A* Static,200,Medium,33,2,0,0.993206,4.53958
A* Static,200,Medium,34,9,0,0.991665,4.53805
A* Static,200,Medium,35,1,0,0.990789,4.53694
A* Static,200,Medium,36,1,0,0.990754,4.53696
A* Static,200,Medium,37,1,0,0.990684,4.53696
A* Static,200,Medium,38,1,0,0.990334,4.53722
A* Static,200,Medium,39,1,0,0.990299,4.5371
A* Static,200,Medium,40,1,0,0.989949,4.53626
A* Static,200,Medium,41,1,0,0.989913,4.53639
A* Static,200,Medium,42,1,0,0.989773,4.53661
A* Static,200,Medium,43,1,0,0.989738,4.53669
A* Static,200,Medium,44,1,0,0.989703,4.53671
A* Static,200,Medium,45,1,0,0.989178,4.5359
A* Static,200,Medium,46,1,0,0.989143,4.53592
A* Static,200,Medium,47,2,0,0.989038,4.53555
A* Static,200,Medium,48,1,0,0.988793,4.53576
A* Static,200,Medium,49,1,0,0.988618,4.53557
A* Static,200,Medium,50,2,0,0.988162,4.53511
A* Oracle,200,Medium,0,0,0,0.99972,4.54819
A* Oracle,200,Medium,1,1,3.80421,0.99972,4.54826
A* Oracle,200,Medium,2,6,3.80508,0.99972,4.54854
A* Oracle,200,Medium,3,1,3.80333,0.99972,4.54854
A* Oracle,200,Medium,4,1,3.8096,0.99972,4.54847
A* Oracle,200,Medium,5,1,3.81266,0.99972,4.5485
A* Oracle,200,Medium,6,1,3.81029,0.99972,4.5485
A* Oracle,200,Medium,7,1,3.81018,0.99972,4.54847
A* Oracle,200,Medium,8,1,3.81347,0.99972,4.54843
A* Oracle,200,Medium,9,1,3.80916,0.99972,4.54822
A* Oracle,200,Medium,10,1,3.80779,0.99972,4.54812
A* Oracle,200,Medium,11,4,3.81411,0.99972,4.54808
A* Oracle,200,Medium,12,1,3.80877,0.99972,4.54801
A* Oracle,200,Medium,13,1,3.81239,0.99972,4.54791
A* Oracle,200,Medium,14,1,3.81484,0.99972,4.54787
A* Oracle,200,Medium,15,1,3.81017,0.999685,4.54782
A* Oracle,200,Medium,16,3,3.81099,0.999685,4.54775
A* Oracle,200,Medium,17,1,3.81359,0.999685,4.54765
A* Oracle,200,Medium,18,1,3.81459,0.999685,4.54765
A* Oracle,200,Medium,19,1,3.81329,0.999685,4.54768
A* Oracle,200,Medium,20,1,3.81118,0.999685,4.54772
A* Oracle,200,Medium,21,1,3.81698,0.999685,4.54768
A* Oracle,200,Medium,22,2,3.80977,0.999685,4.54775
A* Oracle,200,Medium,23,1,3.8122,0.999685,4.54765
A* Oracle,200,Medium,24,1,3.81016,0.999685,4.54772
A* Oracle,200,Medium,25,1,3.81058,0.999685,4.54772
A* Oracle,200,Medium,26,1,3.81368,0.999685,4.54775
A* Oracle,200,Medium,27,1,3.81503,0.999685,4.54772
A* Oracle,200,Medium,28,1,3.81158,0.999685,4.54768
A* Oracle,200,Medium,29,1,3.82226,0.999685,4.54765
A* Oracle,200,Medium,30,1,3.81584,0.999685,4.54761
A* Oracle,200,Medium,31,2,3.81262,0.999685,4.54768
A* Oracle,200,Medium,32,1,3.81318,0.999685,4.5473
A* Oracle,200,Medium,33,2,3.80828,0.999685,4.5473
A* Oracle,200,Medium,34,9,3.81398,0.999685,4.54695
A* Oracle,200,Medium,35,1,3.81099,0.999685,4.54579
A* Oracle,200,Medium,36,1,3.80776,0.999685,4.54579
A* Oracle,200,Medium,37,1,3.81273,0.999685,4.54558
A* Oracle,200,Medium,38,1,3.8112,0.999685,4.54568
A* Oracle,200,Medium,39,1,3.8106,0.999685,4.54565
A* Oracle,200,Medium,40,1,3.81077,0.999685,4.54526
A* Oracle,200,Medium,41,1,3.81297,0.999685,4.54498
A* Oracle,200,Medium,42,1,3.81684,0.999685,4.54498
A* Oracle,200,Medium,43,1,3.81247,0.999685,4.54498
A* Oracle,200,Medium,44,1,3.81081,0.999685,4.54498
A* Oracle,200,Medium,45,1,3.81309,0.999685,4.54498
A* Oracle,200,Medium,46,1,3.8078,0.999685,4.54505
A* Oracle,200,Medium,47,2,3.80967,0.999685,4.54502
A* Oracle,200,Medium,48,1,3.81033,0.999685,4.54537
A* Oracle,200,Medium,49,1,3.81379,0.999685,4.54537
A* Oracle,200,Medium,50,2,3.81315,0.999685,4.54498
Local,200,Medium,0,0,0,0.994151,4.6686
Local,200,Medium,1,1,0.185453,0.994151,4.66864
Local,200,Medium,2,6,1.79656,0.994151,4.66589
Local,200,Medium,3,1,0.26637,0.994151,4.66547
Local,200,Medium,4,1,0.16805,0.994186,4.66523
Local,200,Medium,5,1,0.193358,0.994186,4.66523
Local,200,Medium,6,1,0.277058,0.994186,4.66516
Local,200,Medium,7,1,0.200348,0.994186,4.66492
Local,200,Medium,8,1,0.29298,0.994186,4.66464
Local,200,Medium,9,1,0.31637,0.994186,4.66435
Local,200,Medium,10,1,0.209399,0.994186,4.66425
Local,200,Medium,11,4,0.791338,0.994221,4.66401
Local,200,Medium,12,1,0.250349,0.994221,4.66341
Local,200,Medium,13,1,0.178802,0.994256,4.66321
Local,200,Medium,14,1,0.429688,0.994256,4.66174
Local,200,Medium,15,1,0.374305,0.994221,4.66141
Local,200,Medium,16,3,0.486612,0.994221,4.65968
Local,200,Medium,17,1,0.522005,0.994221,4.65771
Local,200,Medium,18,1,0.314504,0.994221,4.65679
Local,200,Medium,19,1,0.192279,0.994221,4.65637
Local,200,Medium,20,1,0.269957,0.994221,4.65637
Local,200,Medium,21,1,0.663676,0.994221,4.65626
Local,200,Medium,22,2,0.704963,0.994221,4.65619
Local,200,Medium,23,1,0.236104,0.994221,4.65538
Local,200,Medium,24,1,0.260519,0.994221,4.65492
Local,200,Medium,25,1,0.199261,0.994221,4.65489
Local,200,Medium,26,1,0.188055,0.994221,4.65485
Local,200,Medium,27,1,0.341124,0.994221,4.65404
Local,200,Medium,28,1,0.2615,0.994221,4.6539
Local,200,Medium,29,1,0.330874,0.994221,4.65214
Local,200,Medium,30,1,0.260713,0.994221,4.65207
Local,200,Medium,31,2,0.485695,0.994221,4.65172
Local,200,Medium,32,1,0.248042,0.994221,4.65137
Local,200,Medium,33,2,0.282872,0.994221,4.65119
Local,200,Medium,34,9,3.24566,0.994221,4.64848
Local,200,Medium,35,1,0.227167,0.994221,4.64725
Local,200,Medium,36,1,0.171003,0.994221,4.64721
Local,200,Medium,37,1,0.202192,0.994221,4.64696
Local,200,Medium,38,1,0.36293,0.994221,4.64693
Local,200,Medium,39,1,0.450492,0.994221,4.64658
Local,200,Medium,40,1,0.43712,0.994221,4.6457
Local,200,Medium,41,1,0.231902,0.994221,4.64524
Local,200,Medium,42,1,0.25835,0.994221,4.6451
Local,200,Medium,43,1,0.272313,0.994221,4.64499
Local,200,Medium,44,1,0.232881,0.994221,4.64492
Local,200,Medium,45,1,0.366093,0.994221,4.64446
Local,200,Medium,46,1,0.199028,0.994221,4.64429
Local,200,Medium,47,2,0.681571,0.994221,4.64446
Local,200,Medium,48,1,0.27009,0.994221,4.64471
Local,200,Medium,49,1,0.195052,0.994221,4.64489
Local,200,Medium,50,2,0.467863,0.994221,4.64478
Hierarchy,200,Medium,0,0,0,0.99275,4.64831
Hierarchy,200,Medium,1,1,0.680437,0.99275,4.6482
Hierarchy,200,Medium,2,6,4.19802,0.992435,4.6428
Hierarchy,200,Medium,3,1,0.509712,0.992435,4.64128
Hierarchy,200,Medium,4,1,0.466021,0.992435,4.64068
Hierarchy,200,Medium,5,1,0.536694,0.992435,4.6404
Hierarchy,200,Medium,6,1,0.665872,0.992435,4.64005
Hierarchy,200,Medium,7,1,0.577839,0.992435,4.63998
Hierarchy,200,Medium,8,1,0.782263,0.99247,4.63953
Hierarchy,200,Medium,9,1,0.570411,0.99247,4.63674
Hierarchy,200,Medium,10,1,0.502757,0.99247,4.63579
Hierarchy,200,Medium,11,4,2.20506,0.99247,4.63335
Hierarchy,200,Medium,12,1,0.413883,0.99247,4.63244
Hierarchy,200,Medium,13,1,0.54698,0.99247,4.63244
Hierarchy,200,Medium,14,1,0.988785,0.99247,4.63113
Hierarchy,200,Medium,15,1,0.850596,0.99219,4.6288
Hierarchy,200,Medium,16,3,1.40657,0.99219,4.62626
Hierarchy,200,Medium,17,1,0.985535,0.99219,4.62326
Hierarchy,200,Medium,18,1,0.65866,0.99219,4.62111
Hierarchy,200,Medium,19,1,0.666074,0.992575,4.62242
Hierarchy,200,Medium,20,1,0.618854,0.992575,4.62246
Hierarchy,200,Medium,21,1,0.843287,0.992575,4.62175
Hierarchy,200,Medium,22,2,2.08677,0.993381,4.62509
Hierarchy,200,Medium,23,1,0.766123,0.993381,4.62407
Hierarchy,200,Medium,24,1,0.510035,0.993381,4.6234
Hierarchy,200,Medium,25,1,0.702793,0.993381,4.62015
Hierarchy,200,Medium,26,1,0.591443,0.993381,4.62012
Hierarchy,200,Medium,27,1,0.830315,0.993381,4.61945
Hierarchy,200,Medium,28,1,0.732082,0.993381,4.61666
Hierarchy,200,Medium,29,1,0.976821,0.993381,4.61599
Hierarchy,200,Medium,30,1,0.618181,0.993381,4.61483
Hierarchy,200,Medium,31,2,1.24722,0.993381,4.61458
Hierarchy,200,Medium,32,1,0.495503,0.993381,4.61416
Hierarchy,200,Medium,33,2,0.959545,0.993381,4.61314
Hierarchy,200,Medium,34,9,6.83021,0.993381,4.61099
Hierarchy,200,Medium,35,1,0.757916,0.993381,4.60989
Hierarchy,200,Medium,36,1,0.432147,0.993381,4.60951
Hierarchy,200,Medium,37,1,0.423637,0.993381,4.60943
Hierarchy,200,Medium,38,1,0.713541,0.993381,4.60947
Hierarchy,200,Medium,39,1,1.15409,0.993381,4.60915
Hierarchy,200,Medium,40,1,0.939281,0.993381,4.60753
Hierarchy,200,Medium,41,1,0.63458,0.993381,4.60711
Hierarchy,200,Medium,42,1,0.4667,0.993381,4.6058
Hierarchy,200,Medium,43,1,0.688231,0.993381,4.60489
Hierarchy,200,Medium,44,1,0.576286,0.993381,4.60422
Hierarchy,200,Medium,45,1,0.776697,0.993381,4.60393
Hierarchy,200,Medium,46,1,0.438423,0.993381,4.60302
Hierarchy,200,Medium,47,2,1.05105,0.993381,4.60305
Hierarchy,200,Medium,48,1,0.473304,0.993416,4.60391
Hierarchy,200,Medium,49,1,0.430218,0.993416,4.6036
Hierarchy,200,Medium,50,2,1.07951,0.993416,4.603
A* Static,200,Hard,0,0,0,0.997153,7.00736
A* Static,200,Hard,1,1,0,0.997071,7.00737
A* Static,200,Hard,2,1,0,0.9967,7.00526
A* Static,200,Hard,3,1,0,0.996452,7.00348
A* Static,200,Hard,4,1,0,0.996411,7.0034
A* Static,200,Hard,5,1,0,0.996204,7.00356
A* Static,200,Hard,6,4,0,0.995668,7.0034
A* Static,200,Hard,7,1,0,0.995627,7.00298
A* Static,200,Hard,8,2,0,0.995214,7.00282
A* Static,200,Hard,9,1,0,0.995173,7.00261
A* Static,200,Hard,10,1,0,0.995049,7.00261
A* Static,200,Hard,11,2,0,0.992821,7.00283
A* Static,200,Hard,12,1,0,0.99278,7.00278
A* Static,200,Hard,13,1,0,0.992739,7.00287
A* Static,200,Hard,14,1,0,0.992698,7.00283
A* Static,200,Hard,15,1,0,0.992656,7.00278
A* Static,200,Hard,16,1,0,0.992533,7.00278
A* Static,200,Hard,17,1,0,0.99113,7.00308
A* Static,200,Hard,18,1,0,0.99113,7.00308
A* Static,200,Hard,19,1,0,0.991006,7.00308
A* Static,200,Hard,20,1,0,0.990965,7.00321
A* Static,200,Hard,21,1,0,0.990924,7.00329
A* Static,200,Hard,22,1,0,0.98981,6.99858
A* Static,200,Hard,23,1,0,0.988242,6.99094
A* Static,200,Hard,24,1,0,0.988201,6.99082
A* Static,200,Hard,25,1,0,0.987541,6.98872
A* Static,200,Hard,26,1,0,0.987458,6.98897
A* Static,200,Hard,27,9,0,0.983126,6.96345
A* Static,200,Hard,28,1,0,0.982879,6.96407
A* Static,200,Hard,29,3,0,0.982714,6.96411
A* Static,200,Hard,30,6,0,0.981146,6.95434
A* Static,200,Hard,31,1,0,0.98094,6.95391
A* Static,200,Hard,32,1,0,0.980692,6.95196
A* Static,200,Hard,33,1,0,0.97995,6.94809
A* Static,200,Hard,34,1,0,0.979867,6.94779
A* Static,200,Hard,35,1,0,0.979578,6.94752
A* Static,200,Hard,36,1,0,0.979537,6.94769
A* Static,200,Hard,37,1,0,0.979166,6.94679
A* Static,200,Hard,38,1,0,0.979042,6.94678
A* Static,200,Hard,39,1,0,0.978918,6.9469
A* Static,200,Hard,40,1,0,0.978588,6.94755
A* Static,200,Hard,41,1,0,0.978547,6.94734
A* Static,200,Hard,42,1,0,0.978506,6.94755
A* Static,200,Hard,43,1,0,0.978464,6.94742
A* Static,200,Hard,44,1,0,0.977928,6.94895
A* Static,200,Hard,45,1,0,0.977887,6.94857
A* Static,200,Hard,46,2,0,0.976773,6.94665
A* Static,200,Hard,47,1,0,0.97669,6.9461
A* Static,200,Hard,48,1,0,0.976567,6.94609
A* Static,200,Hard,49,1,0,0.976525,6.94601
A* Static,200,Hard,50,1,0,0.975948,6.94416
A* Oracle,200,Hard,0,0,0,0.997153,7.00736
A* Oracle,200,Hard,1,1,5.06799,0.997153,7.00736
A* Oracle,200,Hard,2,1,5.06824,0.997153,7.00741
A* Oracle,200,Hard,3,1,5.07031,0.997153,7.00699
A* Oracle,200,Hard,4,1,5.072,0.997153,7.00699
A* Oracle,200,Hard,5,1,5.06799,0.997153,7.00712
A* Oracle,200,Hard,6,4,5.06271,0.997153,7.00749
A* Oracle,200,Hard,7,1,5.06715,0.997153,7.00745
A* Oracle,200,Hard,8,2,5.06882,0.997153,7.00757
A* Oracle,200,Hard,9,1,5.07153,0.997153,7.00765
A* Oracle,200,Hard,10,1,5.0702,0.997153,7.00712
A* Oracle,200,Hard,11,2,5.07672,0.997153,7.00811
A* Oracle,200,Hard,12,1,5.06787,0.997153,7.00827
A* Oracle,200,Hard,13,1,5.06705,0.997153,7.00815
A* Oracle,200,Hard,14,1,5.07023,0.997153,7.00811
A* Oracle,200,Hard,15,1,5.069,0.997153,7.00811
A* Oracle,200,Hard,16,1,5.07028,0.997153,7.0084
A* Oracle,200,Hard,17,1,5.06698,0.997153,7.00836
A* Oracle,200,Hard,18,1,5.06315,0.997153,7.00836
A* Oracle,200,Hard,19,1,5.07077,0.997153,7.00823
A* Oracle,200,Hard,20,1,5.07264,0.997153,7.00823
A* Oracle,200,Hard,21,1,5.0667,0.997153,7.00749
A* Oracle,200,Hard,22,1,5.06866,0.997153,7.00745
A* Oracle,200,Hard,23,1,5.06457,0.997153,7.00732
A* Oracle,200,Hard,24,1,5.06926,0.997153,7.0072
A* Oracle,200,Hard,25,1,5.07211,0.997153,7.00716
A* Oracle,200,Hard,26,1,5.07235,0.997153,7.00712
A* Oracle,200,Hard,27,9,5.08796,0.997153,7.02329
A* Oracle,200,Hard,28,1,5.0866,0.997153,7.02333
A* Oracle,200,Hard,29,3,5.08262,0.997153,7.02309
A* Oracle,200,Hard,30,6,5.08905,0.997153,7.02313
A* Oracle,200,Hard,31,1,5.08564,0.997153,7.02313
A* Oracle,200,Hard,32,1,5.08945,0.997153,7.02276
A* Oracle,200,Hard,33,1,5.0874,0.997153,7.0228
A* Oracle,200,Hard,34,1,5.09186,0.997153,7.02267
A* Oracle,200,Hard,35,1,5.08721,0.997153,7.02267
A* Oracle,200,Hard,36,1,5.08852,0.997153,7.02151
A* Oracle,200,Hard,37,1,5.08639,0.997153,7.02164
A* Oracle,200,Hard,38,1,5.08803,0.997153,7.0216
A* Oracle,200,Hard,39,1,5.0892,0.997071,7.02164
A* Oracle,200,Hard,40,1,5.08751,0.997071,7.0216
A* Oracle,200,Hard,41,1,5.08469,0.997071,7.02143
A* Oracle,200,Hard,42,1,5.08635,0.997071,7.02069
A* Oracle,200,Hard,43,1,5.08216,0.997071,7.02032
A* Oracle,200,Hard,44,1,5.09189,0.997071,7.02085
A* Oracle,200,Hard,45,1,5.08685,0.997071,7.02085
A* Oracle,200,Hard,46,2,5.09239,0.997071,7.02201
A* Oracle,200,Hard,47,1,5.08933,0.997071,7.02201
A* Oracle,200,Hard,48,1,5.09183,0.997071,7.02201
A* Oracle,200,Hard,49,1,5.0873,0.997071,7.02214
A* Oracle,200,Hard,50,1,5.09325,0.997071,7.02197
Local,200,Hard,0,0,0,0.980899,7.13997
Local,200,Hard,1,1,0.440968,0.980899,7.14027
Local,200,Hard,2,1,1.06914,0.98094,7.13917
Local,200,Hard,3,1,0.280022,0.98094,7.13858
Local,200,Hard,4,1,0.289376,0.98094,7.13858
Local,200,Hard,5,1,0.29562,0.98094,7.13858
Local,200,Hard,6,4,1.29422,0.98094,7.13908
Local,200,Hard,7,1,0.371624,0.98094,7.13925
Local,200,Hard,8,2,0.742588,0.98094,7.13866
Local,200,Hard,9,1,0.333684,0.98094,7.13871
Local,200,Hard,10,1,0.234047,0.98094,7.13782
Local,200,Hard,11,2,0.52167,0.98094,7.13913
Local,200,Hard,12,1,0.226339,0.98094,7.139
Local,200,Hard,13,1,0.211488,0.98094,7.13887
Local,200,Hard,14,1,0.346729,0.98094,7.13866
Local,200,Hard,15,1,0.16685,0.98094,7.13875
Local,200,Hard,16,1,0.202904,0.98094,7.13896
Local,200,Hard,17,1,0.158711,0.981022,7.13924
Local,200,Hard,18,1,0.216742,0.981022,7.13916
Local,200,Hard,19,1,0.506207,0.981022,7.13916
Local,200,Hard,20,1,0.248887,0.981022,7.13806
Local,200,Hard,21,1,0.625115,0.981022,7.13726
Local,200,Hard,22,1,0.329512,0.981022,7.13705
Local,200,Hard,23,1,0.174405,0.981022,7.13697
Local,200,Hard,24,1,0.272496,0.981022,7.13705
Local,200,Hard,25,1,0.28142,0.981022,7.1363
Local,200,Hard,26,1,0.489634,0.981022,7.13638
Local,200,Hard,27,9,4.72152,0.981105,7.14583
Local,200,Hard,28,1,0.43976,0.981105,7.14587
Local,200,Hard,29,3,1.05504,0.981105,7.14554
Local,200,Hard,30,6,2.94405,0.981806,7.15014
Local,200,Hard,31,1,0.293239,0.981806,7.14997
Local,200,Hard,32,1,0.380021,0.981806,7.1527
Local,200,Hard,33,1,0.263146,0.981806,7.15274
Local,200,Hard,34,1,0.371026,0.981806,7.15287
Local,200,Hard,35,1,0.20261,0.981806,7.15295
Local,200,Hard,36,1,0.16459,0.981806,7.15182
Local,200,Hard,37,1,0.143867,0.981806,7.1519
Local,200,Hard,38,1,0.263667,0.981847,7.15177
Local,200,Hard,39,1,0.293336,0.981806,7.15169
Local,200,Hard,40,1,0.293968,0.981806,7.15115
Local,200,Hard,41,1,0.272681,0.981806,7.15094
Local,200,Hard,42,1,0.257884,0.981806,7.15026
Local,200,Hard,43,1,0.357419,0.981806,7.1498
Local,200,Hard,44,1,0.219615,0.981847,7.15055
Local,200,Hard,45,1,0.450578,0.982012,7.15028
Local,200,Hard,46,2,0.526571,0.982054,7.15182
Local,200,Hard,47,1,0.733297,0.982054,7.15018
Local,200,Hard,48,1,0.146808,0.982054,7.14951
Local,200,Hard,49,1,0.677079,0.982054,7.14939
Local,200,Hard,50,1,0.671599,0.982054,7.15187
Hierarchy,200,Hard,0,0,0,0.987169,7.14489
Hierarchy,200,Hard,1,1,1.37846,0.987169,7.14481
Hierarchy,200,Hard,2,1,2.1594,0.987169,7.14335
Hierarchy,200,Hard,3,1,1.18712,0.987169,7.14176
Hierarchy,200,Hard,4,1,0.591512,0.987169,7.14159
Hierarchy,200,Hard,5,1,0.610226,0.987169,7.13988
Hierarchy,200,Hard,6,4,4.08991,0.987169,7.13557
Hierarchy,200,Hard,7,1,1.07654,0.987169,7.13131
Hierarchy,200,Hard,8,2,1.69231,0.987169,7.13081
Hierarchy,200,Hard,9,1,1.06137,0.987169,7.12843
Hierarchy,200,Hard,10,1,0.658636,0.987169,7.12751
Hierarchy,200,Hard,11,2,1.56908,0.987128,7.12396
Hierarchy,200,Hard,12,1,1.36426,0.987128,7.12409
Hierarchy,200,Hard,13,1,0.563126,0.987169,7.12266
Hierarchy,200,Hard,14,1,0.51862,0.987169,7.12237
Hierarchy,200,Hard,15,1,0.71778,0.987169,7.11965
Hierarchy,200,Hard,16,1,0.54572,0.987169,7.11785
Hierarchy,200,Hard,17,1,0.594736,0.987169,7.11601
Hierarchy,200,Hard,18,1,0.504187,0.987169,7.11468
Hierarchy,200,Hard,19,1,0.66266,0.987169,7.11526
Hierarchy,200,Hard,20,1,0.728588,0.987169,7.11376
Hierarchy,200,Hard,21,1,1.43353,0.987169,7.11263
Hierarchy,200,Hard,22,1,1.15957,0.987169,7.10966
Hierarchy,200,Hard,23,1,0.954295,0.987169,7.1092
Hierarchy,200,Hard,24,1,0.646491,0.987169,7.10937
Hierarchy,200,Hard,25,1,0.649574,0.987169,7.10916
Hierarchy,200,Hard,26,1,0.785602,0.987169,7.10874
Hierarchy,200,Hard,27,9,10.9333,0.986922,7.10864
Hierarchy,200,Hard,28,1,0.735771,0.986922,7.10844
Hierarchy,200,Hard,29,3,2.74981,0.986922,7.10756
Hierarchy,200,Hard,30,6,5.91659,0.987912,7.10557
Hierarchy,200,Hard,31,1,0.654908,0.987912,7.1049
Hierarchy,200,Hard,32,1,0.787044,0.987871,7.10416
Hierarchy,200,Hard,33,1,0.649226,0.987871,7.10416
Hierarchy,200,Hard,34,1,1.06032,0.987871,7.10382
Hierarchy,200,Hard,35,1,0.598805,0.987871,7.1037
Hierarchy,200,Hard,36,1,0.530726,0.987871,7.10198
Hierarchy,200,Hard,37,1,0.552544,0.987871,7.10211
Hierarchy,200,Hard,38,1,0.530211,0.987871,7.10177
Hierarchy,200,Hard,39,1,0.705043,0.987788,7.1012
Hierarchy,200,Hard,40,1,0.551144,0.987788,7.10099
Hierarchy,200,Hard,41,1,0.468931,0.987788,7.10091
Hierarchy,200,Hard,42,1,0.586099,0.987788,7.10003
Hierarchy,200,Hard,43,1,0.652426,0.987788,7.10053
Hierarchy,200,Hard,44,1,0.782616,0.987912,7.10085
Hierarchy,200,Hard,45,1,0.723633,0.988077,7.10225
Hierarchy,200,Hard,46,2,1.06215,0.988077,7.10426
Hierarchy,200,Hard,47,1,1.12943,0.988118,7.10233
Hierarchy,200,Hard,48,1,0.603247,0.988118,7.10246
Hierarchy,200,Hard,49,1,0.731273,0.988118,7.09975
Hierarchy,200,Hard,50,1,1.47914,0.988118,7.09929
A* Static,300,Easy,0,0,0,1,4.45761
A* Static,300,Easy,1,1,0,0.999986,4.45759
A* Static,300,Easy,2,1,0,0.999973,4.45759
A* Static,300,Easy,3,1,0,0.999918,4.45759
A* Static,300,Easy,4,1,0,0.99989,4.45767
A* Static,300,Easy,5,1,0,0.999877,4.45767
A* Static,300,Easy,6,1,0,0.999863,4.45764
A* Static,300,Easy,7,1,0,0.999849,4.45764
A* Static,300,Easy,8,1,0,0.999822,4.45759
A* Static,300,Easy,9,1,0,0.999767,4.45728
A* Static,300,Easy,10,1,0,0.999753,4.45726
A* Static,300,Easy,11,1,0,0.999671,4.45721
A* Static,300,Easy,12,2,0,0.999589,4.45707
A* Static,300,Easy,13,1,0,0.999534,4.45703
A* Static,300,Easy,14,1,0,0.99952,4.45702
A* Static,300,Easy,15,1,0,0.999328,4.4556
A* Static,300,Easy,16,1,0,0.999315,4.45556
A* Static,300,Easy,17,1,0,0.999301,4.45553
A* Static,300,Easy,18,1,0,0.99926,4.45548
A* Static,300,Easy,19,1,0,0.999205,4.45542
A* Static,300,Easy,20,1,0,0.999013,4.45508
A* Static,300,Easy,21,1,0,0.998944,4.45494
A* Static,300,Easy,22,1,0,0.998794,4.45516
A* Static,300,Easy,23,1,0,0.998739,4.45507
A* Static,300,Easy,24,1,0,0.998711,4.45501
A* Static,300,Easy,25,1,0,0.998602,4.4549
A* Static,300,Easy,26,1,0,0.998533,4.45493
A* Static,300,Easy,27,1,0,0.998355,4.4547
A* Static,300,Easy,28,1,0,0.998314,4.45454
A* Static,300,Easy,29,1,0,0.998273,4.4545
A* Static,300,Easy,30,1,0,0.998245,4.45455
A* Static,300,Easy,31,1,0,0.998149,4.45441
A* Static,300,Easy,32,1,0,0.998039,4.45451
A* Static,300,Easy,33,1,0,0.997889,4.4545
A* Static,300,Easy,34,1,0,0.99771,4.45436
A* Static,300,Easy,35,1,0,0.997683,4.4543
A* Static,300,Easy,36,1,0,0.997642,4.45436
A* Static,300,Easy,37,1,0,0.997505,4.45415
A* Static,300,Easy,38,1,0,0.99708,4.45304
A* Static,300,Easy,39,1,0,0.997066,4.45304
A* Static,300,Easy,40,1,0,0.997052,4.45299
A* Static,300,Easy,41,1,0,0.997025,4.45302
A* Static,300,Easy,42,1,0,0.99697,4.45291
A* Static,300,Easy,43,1,0,0.996956,4.4529
A* Static,300,Easy,44,1,0,0.996902,4.45291
A* Static,300,Easy,45,1,0,0.996888,4.45288
A* Static,300,Easy,46,1,0,0.996559,4.45292
A* Static,300,Easy,47,1,0,0.996545,4.45291
A* Static,300,Easy,48,1,0,0.99649,4.45299
A* Static,300,Easy,49,1,0,0.996449,4.45302
A* Static,300,Easy,50,1,0,0.996422,4.45288
A* Oracle,300,Easy,0,0,0,1,4.45761
A* Oracle,300,Easy,1,1,12.7998,1,4.4576
A* Oracle,300,Easy,2,1,12.8154,1,4.45757
A* Oracle,300,Easy,3,1,12.816,1,4.45755
A* Oracle,300,Easy,4,1,12.8277,1,4.45755
A* Oracle,300,Easy,5,1,12.8361,1,4.45754
A* Oracle,300,Easy,6,1,12.8325,1,4.45743
A* Oracle,300,Easy,7,1,12.8369,1,4.4574
A* Oracle,300,Easy,8,1,12.8373,1,4.45692
A* Oracle,300,Easy,9,1,12.8415,1,4.45694
A* Oracle,300,Easy,10,1,12.8391,1,4.45695
A* Oracle,300,Easy,11,1,12.8454,1,4.45699
A* Oracle,300,Easy,12,2,12.8377,1,4.45699
A* Oracle,300,Easy,13,1,12.8409,1,4.45701
A* Oracle,300,Easy,14,1,12.8545,1,4.45702
A* Oracle,300,Easy,15,1,12.8396,1,4.45701
A* Oracle,300,Easy,16,1,12.8518,1,4.45699
A* Oracle,300,Easy,17,1,12.8453,1,4.45699
A* Oracle,300,Easy,18,1,12.8538,1,4.45699
A* Oracle,300,Easy,19,1,12.8464,1,4.45702
A* Oracle,300,Easy,20,1,12.8495,1,4.45702
A* Oracle,300,Easy,21,1,12.8595,1,4.45703
A* Oracle,300,Easy,22,1,12.8523,1,4.45709
A* Oracle,300,Easy,23,1,12.8604,1,4.4571
A* Oracle,300,Easy,24,1,12.8604,1,4.45709
A* Oracle,300,Easy,25,1,12.859,1,4.45702
A* Oracle,300,Easy,26,1,12.8571,1,4.45705
A* Oracle,300,Easy,27,1,12.863,1,4.45702
A* Oracle,300,Easy,28,1,12.8621,1,4.45701
A* Oracle,300,Easy,29,1,12.871,1,4.45701
A* Oracle,300,Easy,30,1,12.8626,1,4.45703
A* Oracle,300,Easy,31,1,12.8649,1,4.45709
A* Oracle,300,Easy,32,1,12.867,1,4.4571
A* Oracle,300,Easy,33,1,12.8687,1,4.45707
A* Oracle,300,Easy,34,1,12.8559,1,4.45696
A* Oracle,300,Easy,35,1,12.8634,1,4.45698
A* Oracle,300,Easy,36,1,12.869,1,4.45699
A* Oracle,300,Easy,37,1,12.87,1,4.45702
A* Oracle,300,Easy,38,1,12.8661,1,4.45702
A* Oracle,300,Easy,39,1,12.8803,1,4.45703
A* Oracle,300,Easy,40,1,12.8698,1,4.45705
A* Oracle,300,Easy,41,1,12.8757,1,4.45706
A* Oracle,300,Easy,42,1,12.8802,1,4.45709
A* Oracle,300,Easy,43,1,12.8696,1,4.45707
A* Oracle,300,Easy,44,1,12.8734,1,4.45706
A* Oracle,300,Easy,45,1,12.8747,1,4.45703
A* Oracle,300,Easy,46,1,12.8737,1,4.45714
A* Oracle,300,Easy,47,1,12.8807,1,4.4571
A* Oracle,300,Easy,48,1,12.8879,1,4.4571
A* Oracle,300,Easy,49,1,12.8826,1,4.45712
A* Oracle,300,Easy,50,1,12.8792,1,4.45712
Local,300,Easy,0,0,0,0.998698,4.69872
Local,300,Easy,1,1,0.533427,0.998698,4.69911
Local,300,Easy,2,1,0.507095,0.998698,4.6985
Local,300,Easy,3,1,0.48398,0.998698,4.69771
Local,300,Easy,4,1,0.566648,0.998698,4.69715
Local,300,Easy,5,1,0.907537,0.998698,4.69679
Local,300,Easy,6,1,0.988702,0.998711,4.69602
Local,300,Easy,7,1,0.946522,0.99867,4.69522
Local,300,Easy,8,1,0.786564,0.99867,4.69486
Local,300,Easy,9,1,1.11699,0.99867,4.69379
Local,300,Easy,10,1,0.849346,0.99867,4.69319
Local,300,Easy,11,1,0.516598,0.99867,4.69274
Local,300,Easy,12,2,1.35766,0.99867,4.69182
Local,300,Easy,13,1,0.375082,0.99867,4.69161
Local,300,Easy,14,1,0.870574,0.99867,4.69092
Local,300,Easy,15,1,0.526202,0.998327,4.68546
Local,300,Easy,16,1,0.546209,0.998327,4.68467
Local,300,Easy,17,1,0.850531,0.998327,4.68423
Local,300,Easy,18,1,0.902632,0.998327,4.68386
Local,300,Easy,19,1,0.881762,0.998355,4.68285
Local,300,Easy,20,1,0.894937,0.998355,4.68233
Local,300,Easy,21,1,0.954204,0.998355,4.68189
Local,300,Easy,22,1,0.457492,0.998355,4.6812
Local,300,Easy,23,1,0.447581,0.998355,4.68055
Local,300,Easy,24,1,0.543963,0.998355,4.67952
Local,300,Easy,25,1,0.796682,0.998355,4.67882
Local,300,Easy,26,1,0.872175,0.998355,4.6787
Local,300,Easy,27,1,1.13386,0.998355,4.67898
Local,300,Easy,28,1,1.10121,0.998355,4.67833
Local,300,Easy,29,1,0.977603,0.998355,4.67751
Local,300,Easy,30,1,0.39729,0.998369,4.67715
Local,300,Easy,31,1,0.979076,0.998369,4.67659
Local,300,Easy,32,1,0.70452,0.998369,4.6764
Local,300,Easy,33,1,0.822655,0.998369,4.67627
Local,300,Easy,34,1,0.539654,0.998369,4.67627
Local,300,Easy,35,1,1.18635,0.998369,4.67551
Local,300,Easy,36,1,0.862378,0.998369,4.67485
Local,300,Easy,37,1,0.729409,0.998369,4.67412
Local,300,Easy,38,1,0.568232,0.998369,4.67332
Local,300,Easy,39,1,0.811861,0.99841,4.67327
Local,300,Easy,40,1,0.989365,0.99841,4.67261
Local,300,Easy,41,1,0.762911,0.99841,4.67218
Local,300,Easy,42,1,0.862008,0.99841,4.67188
Local,300,Easy,43,1,0.898059,0.99841,4.67128
Local,300,Easy,44,1,1.03581,0.99841,4.67058
Local,300,Easy,45,1,0.378639,0.99841,4.67022
Local,300,Easy,46,1,0.895473,0.99841,4.6697
Local,300,Easy,47,1,0.951594,0.998437,4.66905
Local,300,Easy,48,1,0.673387,0.998451,4.66867
Local,300,Easy,49,1,0.474632,0.998451,4.66856
Local,300,Easy,50,1,1.2512,0.998451,4.66665
Hierarchy,300,Easy,0,0,0,0.99941,4.62734
Hierarchy,300,Easy,1,1,1.85195,0.99941,4.62697
Hierarchy,300,Easy,2,1,1.71119,0.99941,4.62592
Hierarchy,300,Easy,3,1,1.33591,0.99941,4.62481
Hierarchy,300,Easy,4,1,1.42754,0.99941,4.62351
Hierarchy,300,Easy,5,1,1.48239,0.999438,4.62293
Hierarchy,300,Easy,6,1,1.61761,0.999438,4.622
Hierarchy,300,Easy,7,1,1.61998,0.999438,4.62134
Hierarchy,300,Easy,8,1,1.55233,0.999438,4.61972
Hierarchy,300,Easy,9,1,1.86975,0.999438,4.61925
Hierarchy,300,Easy,10,1,1.95633,0.999438,4.61827
Hierarchy,300,Easy,11,1,1.56472,0.999438,4.6175
Hierarchy,300,Easy,12,2,2.14019,0.999438,4.61595
Hierarchy,300,Easy,13,1,1.51566,0.999438,4.61508
Hierarchy,300,Easy,14,1,1.38539,0.999438,4.61477
Hierarchy,300,Easy,15,1,1.42705,0.999136,4.6108
Hierarchy,300,Easy,16,1,1.63115,0.999136,4.60967
Hierarchy,300,Easy,17,1,1.18171,0.999136,4.60827
Hierarchy,300,Easy,18,1,1.53629,0.999136,4.60661
Hierarchy,300,Easy,19,1,2.03021,0.999136,4.60561
Hierarchy,300,Easy,20,1,1.67729,0.999136,4.60536
Hierarchy,300,Easy,21,1,1.76883,0.999136,4.60402
Hierarchy,300,Easy,22,1,1.44661,0.99915,4.60291
Hierarchy,300,Easy,23,1,1.54419,0.99915,4.6022
Hierarchy,300,Easy,24,1,1.5647,0.99915,4.60153
Hierarchy,300,Easy,25,1,1.82737,0.99915,4.60085
Hierarchy,300,Easy,26,1,1.22059,0.99915,4.60036
Hierarchy,300,Easy,27,1,1.56949,0.99915,4.6
Hierarchy,300,Easy,28,1,1.63636,0.99915,4.59896
Hierarchy,300,Easy,29,1,1.53715,0.99915,4.59826
Hierarchy,300,Easy,30,1,1.74639,0.999452,4.5993
Hierarchy,300,Easy,31,1,2.01831,0.999452,4.59807
Hierarchy,300,Easy,32,1,1.19319,0.999452,4.5976
Hierarchy,300,Easy,33,1,1.50669,0.999465,4.59719
Hierarchy,300,Easy,34,1,1.90399,0.999465,4.59645
Hierarchy,300,Easy,35,1,2.34778,0.999465,4.595
Hierarchy,300,Easy,36,1,1.772,0.999465,4.59409
Hierarchy,300,Easy,37,1,1.37244,0.999465,4.594
Hierarchy,300,Easy,38,1,1.95519,0.999465,4.59293
Hierarchy,300,Easy,39,1,1.08992,0.999465,4.5922
Hierarchy,300,Easy,40,1,1.40455,0.999465,4.59127
Hierarchy,300,Easy,41,1,1.60033,0.999465,4.5908
Hierarchy,300,Easy,42,1,1.82645,0.999465,4.59017
Hierarchy,300,Easy,43,1,2.01246,0.999465,4.58933
Hierarchy,300,Easy,44,1,1.64148,0.999465,4.5887
Hierarchy,300,Easy,45,1,1.37033,0.999465,4.58828
Hierarchy,300,Easy,46,1,1.38762,0.999465,4.58759
Hierarchy,300,Easy,47,1,1.98467,0.999465,4.58703
Hierarchy,300,Easy,48,1,1.44997,0.999479,4.58568
Hierarchy,300,Easy,49,1,1.36009,0.999479,4.58509
Hierarchy,300,Easy,50,1,2.39321,0.999479,4.58366
A* Static,300,Medium,0,0,0,0.999859,4.62606
A* Static,300,Medium,1,1,0,0.999844,4.6261
A* Static,300,Medium,2,1,0,0.999813,4.62607
A* Static,300,Medium,3,1,0,0.999781,4.62608
A* Static,300,Medium,4,1,0,0.999766,4.62604
A* Static,300,Medium,5,1,0,0.99975,4.62603
A* Static,300,Medium,6,1,0,0.99961,4.62565
A* Static,300,Medium,7,1,0,0.999594,4.62566
A* Static,300,Medium,8,1,0,0.999344,4.62471
A* Static,300,Medium,9,1,0,0.999282,4.62456
A* Static,300,Medium,10,1,0,0.999251,4.62463
A* Static,300,Medium,11,1,0,0.999235,4.62459
A* Static,300,Medium,12,2,0,0.999048,4.62341
A* Static,300,Medium,13,1,0,0.998954,4.6235
A* Static,300,Medium,14,1,0,0.998704,4.62339
A* Static,300,Medium,15,1,0,0.998517,4.6231
A* Static,300,Medium,16,1,0,0.998423,4.62275
A* Static,300,Medium,17,1,0,0.998158,4.62147
A* Static,300,Medium,18,1,0,0.998142,4.62146
A* Static,300,Medium,19,1,0,0.998033,4.62151
A* Static,300,Medium,20,1,0,0.998017,4.62147
A* Static,300,Medium,21,1,0,0.997908,4.62123
A* Static,300,Medium,22,1,0,0.997892,4.62122
A* Static,300,Medium,23,1,0,0.997877,4.62123
A* Static,300,Medium,24,1,0,0.997861,4.62123
A* Static,300,Medium,25,1,0,0.997799,4.62128
A* Static,300,Medium,26,1,0,0.997783,4.62128
A* Static,300,Medium,27,1,0,0.997736,4.62121
A* Static,300,Medium,28,1,0,0.997721,4.62116
A* Static,300,Medium,29,1,0,0.997705,4.62117
A* Static,300,Medium,30,1,0,0.997689,4.62119
A* Static,300,Medium,31,1,0,0.997674,4.62113
A* Static,300,Medium,32,1,0,0.997549,4.621
A* Static,300,Medium,33,1,0,0.997533,4.62092
A* Static,300,Medium,34,1,0,0.997424,4.62091
A* Static,300,Medium,35,1,0,0.997299,4.62065
A* Static,300,Medium,36,1,0,0.997221,4.62056
A* Static,300,Medium,37,1,0,0.997112,4.6203
A* Static,300,Medium,38,1,0,0.997081,4.62034
A* Static,300,Medium,39,1,0,0.997065,4.62036
A* Static,300,Medium,40,1,0,0.997034,4.62027
A* Static,300,Medium,41,1,0,0.996971,4.62029
A* Static,300,Medium,42,1,0,0.996924,4.62032
A* Static,300,Medium,43,1,0,0.996909,4.62033
A* Static,300,Medium,44,1,0,0.996893,4.62037
A* Static,300,Medium,45,1,0,0.996862,4.62032
A* Static,300,Medium,46,1,0,0.996831,4.62026
A* Static,300,Medium,47,1,0,0.9968,4.62029
A* Static,300,Medium,48,1,0,0.996737,4.62005
A* Static,300,Medium,49,1,0,0.996722,4.62004
A* Static,300,Medium,50,1,0,0.996706,4.62004
A* Oracle,300,Medium,0,0,0,0.999859,4.62606
A* Oracle,300,Medium,1,1,9.10186,0.999859,4.62608
A* Oracle,300,Medium,2,1,9.09971,0.999859,4.62608
A* Oracle,300,Medium,3,1,9.11321,0.999859,4.62611
A* Oracle,300,Medium,4,1,9.11244,0.999859,4.62608
A* Oracle,300,Medium,5,1,9.12296,0.999859,4.62609
A* Oracle,300,Medium,6,1,9.11808,0.999859,4.62606
A* Oracle,300,Medium,7,1,9.12271,0.999859,4.62604
A* Oracle,300,Medium,8,1,9.12514,0.999859,4.62603
A* Oracle,300,Medium,9,1,9.12848,0.999859,4.62601
A* Oracle,300,Medium,10,1,9.12321,0.999859,4.62603
A* Oracle,300,Medium,11,1,9.1241,0.999859,4.62603
A* Oracle,300,Medium,12,2,9.12551,0.999859,4.62589
A* Oracle,300,Medium,13,1,9.13008,0.999859,4.6259
A* Oracle,300,Medium,14,1,9.12654,0.999859,4.62609
A* Oracle,300,Medium,15,1,9.12329,0.999859,4.62608
A* Oracle,300,Medium,16,1,9.12945,0.999859,4.62608
A* Oracle,300,Medium,17,1,9.1327,0.999859,4.62606
A* Oracle,300,Medium,18,1,9.13227,0.999859,4.62604
A* Oracle,300,Medium,19,1,9.13067,0.999859,4.62611
A* Oracle,300,Medium,20,1,9.13373,0.999859,4.62609
A* Oracle,300,Medium,21,1,9.13729,0.999859,4.62611
A* Oracle,300,Medium,22,1,9.13239,0.999859,4.62611
A* Oracle,300,Medium,23,1,9.13973,0.999859,4.62617
A* Oracle,300,Medium,24,1,9.14117,0.999859,4.62615
A* Oracle,300,Medium,25,1,9.13826,0.999859,4.62617
A* Oracle,300,Medium,26,1,9.13629,0.999859,4.62617
A* Oracle,300,Medium,27,1,9.13816,0.999859,4.62617
A* Oracle,300,Medium,28,1,9.14135,0.999859,4.62601
A* Oracle,300,Medium,29,1,9.14377,0.999859,4.62601
A* Oracle,300,Medium,30,1,9.14723,0.999859,4.62601
A* Oracle,300,Medium,31,1,9.14466,0.999859,4.626
A* Oracle,300,Medium,32,1,9.15021,0.999859,4.62608
A* Oracle,300,Medium,33,1,9.15113,0.999859,4.62604
A* Oracle,300,Medium,34,1,9.14669,0.999859,4.62606
A* Oracle,300,Medium,35,1,9.14775,0.999859,4.62609
A* Oracle,300,Medium,36,1,9.15744,0.999859,4.62611
A* Oracle,300,Medium,37,1,9.15147,0.999859,4.62612
A* Oracle,300,Medium,38,1,9.14723,0.999859,4.62611
A* Oracle,300,Medium,39,1,9.15169,0.999859,4.62606
A* Oracle,300,Medium,40,1,9.15567,0.999859,4.62609
A* Oracle,300,Medium,41,1,9.15349,0.999859,4.62617
A* Oracle,300,Medium,42,1,9.15094,0.999859,4.62617
A* Oracle,300,Medium,43,1,9.15037,0.999859,4.62617
A* Oracle,300,Medium,44,1,9.17271,0.999859,4.62615
A* Oracle,300,Medium,45,1,9.15159,0.999859,4.62618
A* Oracle,300,Medium,46,1,9.15219,0.999859,4.62628
A* Oracle,300,Medium,47,1,9.15176,0.999859,4.62628
A* Oracle,300,Medium,48,1,9.15218,0.999859,4.62629
A* Oracle,300,Medium,49,1,9.15287,0.999859,4.62634
A* Oracle,300,Medium,50,1,9.1531,0.999859,4.62634
Local,300,Medium,0,0,0,0.997284,4.84966
Local,300,Medium,1,1,0.485236,0.997284,4.84926
Local,300,Medium,2,1,0.863474,0.997284,4.84901
Local,300,Medium,3,1,0.471832,0.997284,4.84864
Local,300,Medium,4,1,0.704806,0.997284,4.84822
Local,300,Medium,5,1,0.451055,0.997284,4.84781
Local,300,Medium,6,1,0.592474,0.997284,4.84754
Local,300,Medium,7,1,0.936533,0.997299,4.84682
Local,300,Medium,8,1,0.917134,0.997299,4.84587
Local,300,Medium,9,1,1.32912,0.997299,4.84509
Local,300,Medium,10,1,0.52137,0.997284,4.84458
Local,300,Medium,11,1,0.660631,0.997299,4.84466
Local,300,Medium,12,2,1.38167,0.997299,4.843
Local,300,Medium,13,1,1.07063,0.997346,4.84109
Local,300,Medium,14,1,0.8133,0.997346,4.84054
Local,300,Medium,15,1,0.360775,0.997346,4.84057
Local,300,Medium,16,1,0.551248,0.997346,4.83988
Local,300,Medium,17,1,0.842658,0.997346,4.83944
Local,300,Medium,18,1,0.903205,0.997362,4.83797
Local,300,Medium,19,1,0.599441,0.997362,4.83796
Local,300,Medium,20,1,0.641251,0.997362,4.83777
Local,300,Medium,21,1,0.571693,0.997362,4.83724
Local,300,Medium,22,1,0.826763,0.997362,4.83639
Local,300,Medium,23,1,1.10604,0.997377,4.83563
Local,300,Medium,24,1,0.867959,0.997377,4.83494
Local,300,Medium,25,1,0.991375,0.997377,4.83447
Local,300,Medium,26,1,1.02862,0.997377,4.83375
Local,300,Medium,27,1,0.631468,0.997377,4.83339
Local,300,Medium,28,1,0.418032,0.997377,4.83312
Local,300,Medium,29,1,1.05357,0.997377,4.83266
Local,300,Medium,30,1,0.501785,0.997362,4.83223
Local,300,Medium,31,1,0.558615,0.997408,4.83186
Local,300,Medium,32,1,0.458842,0.997408,4.83156
Local,300,Medium,33,1,0.911225,0.997408,4.83125
Local,300,Medium,34,1,0.616699,0.997408,4.83045
Local,300,Medium,35,1,0.942338,0.997408,4.82986
Local,300,Medium,36,1,0.866391,0.997408,4.82966
Local,300,Medium,37,1,0.887281,0.997408,4.8289
Local,300,Medium,38,1,0.390337,0.997408,4.82883
Local,300,Medium,39,1,0.521086,0.99744,4.82788
Local,300,Medium,40,1,0.601416,0.99744,4.82723
Local,300,Medium,41,1,1.09368,0.99744,4.82565
Local,300,Medium,42,1,0.866854,0.997455,4.82537
Local,300,Medium,43,1,0.480487,0.997455,4.82486
Local,300,Medium,44,1,0.942233,0.997455,4.82454
Local,300,Medium,45,1,0.599136,0.997455,4.82444
Local,300,Medium,46,1,0.664509,0.997455,4.82389
Local,300,Medium,47,1,0.459049,0.997455,4.82373
Local,300,Medium,48,1,0.546311,0.997455,4.82326
Local,300,Medium,49,1,0.945924,0.997455,4.8226
Local,300,Medium,50,1,0.389287,0.997455,4.82248
Hierarchy,300,Medium,0,0,0,0.998829,4.79006
Hierarchy,300,Medium,1,1,1.49176,0.998829,4.78915
Hierarchy,300,Medium,2,1,1.34741,0.998829,4.78821
Hierarchy,300,Medium,3,1,1.52524,0.998829,4.78724
Hierarchy,300,Medium,4,1,1.06848,0.998829,4.78613
Hierarchy,300,Medium,5,1,1.76125,0.998829,4.78554
Hierarchy,300,Medium,6,1,1.9349,0.998845,4.78421
Hierarchy,300,Medium,7,1,1.42433,0.998845,4.78314
Hierarchy,300,Medium,8,1,2.79881,0.998845,4.78173
Hierarchy,300,Medium,9,1,1.82947,0.998845,4.78118
Hierarchy,300,Medium,10,1,1.07709,0.998845,4.78074
Hierarchy,300,Medium,11,1,1.68292,0.998845,4.77982
Hierarchy,300,Medium,12,2,2.52799,0.998845,4.77757
Hierarchy,300,Medium,13,1,1.84548,0.998845,4.77684
Hierarchy,300,Medium,14,1,1.44954,0.998845,4.77645
Hierarchy,300,Medium,15,1,1.32399,0.998845,4.7759
Hierarchy,300,Medium,16,1,1.16181,0.998845,4.77466
Hierarchy,300,Medium,17,1,1.5429,0.998845,4.77323
Hierarchy,300,Medium,18,1,2.27336,0.998829,4.77117
Hierarchy,300,Medium,19,1,1.45174,0.998845,4.77069
Hierarchy,300,Medium,20,1,1.63226,0.998845,4.77057
Hierarchy,300,Medium,21,1,1.79679,0.998845,4.76974
Hierarchy,300,Medium,22,1,1.61641,0.998845,4.76805
Hierarchy,300,Medium,23,1,1.84489,0.998876,4.76829
Hierarchy,300,Medium,24,1,1.77222,0.998876,4.76762
Hierarchy,300,Medium,25,1,1.53352,0.998876,4.76647
Hierarchy,300,Medium,26,1,1.95762,0.998892,4.76491
Hierarchy,300,Medium,27,1,1.68641,0.998892,4.76367
Hierarchy,300,Medium,28,1,1.62699,0.998892,4.76328
Hierarchy,300,Medium,29,1,1.50945,0.998892,4.76262
Hierarchy,300,Medium,30,1,1.18911,0.998892,4.76195
Hierarchy,300,Medium,31,1,1.6999,0.998907,4.76085
Hierarchy,300,Medium,32,1,0.964776,0.998907,4.76005
Hierarchy,300,Medium,33,1,1.67962,0.998876,4.75865
Hierarchy,300,Medium,34,1,1.76769,0.998876,4.75732
Hierarchy,300,Medium,35,1,1.30535,0.998876,4.75634
Hierarchy,300,Medium,36,1,1.42159,0.998907,4.75578
Hierarchy,300,Medium,37,1,1.40419,0.998907,4.75535
Hierarchy,300,Medium,38,1,1.25694,0.998907,4.75506
Hierarchy,300,Medium,39,1,1.51787,0.998907,4.75481
Hierarchy,300,Medium,40,1,1.68433,0.998907,4.75334
Hierarchy,300,Medium,41,1,2.43644,0.998907,4.75253
Hierarchy,300,Medium,42,1,1.75161,0.998907,4.75155
Hierarchy,300,Medium,43,1,1.19327,0.998907,4.75081
Hierarchy,300,Medium,44,1,1.62549,0.998907,4.74989
Hierarchy,300,Medium,45,1,1.3797,0.998907,4.74905
Hierarchy,300,Medium,46,1,1.05242,0.998923,4.74799
Hierarchy,300,Medium,47,1,1.47824,0.998938,4.7473
Hierarchy,300,Medium,48,1,1.52641,0.998938,4.74676
Hierarchy,300,Medium,49,1,1.84198,0.998938,4.74596
Hierarchy,300,Medium,50,1,1.29836,0.998938,4.74576
A* Static,300,Hard,0,0,0,0.998451,6.88056
A* Static,300,Hard,1,1,0,0.99823,6.88026
A* Static,300,Hard,2,1,0,0.998211,6.88016
A* Static,300,Hard,3,1,0,0.998193,6.88005
A* Static,300,Hard,4,1,0,0.998138,6.87984
A* Static,300,Hard,5,2,0,0.997677,6.87903
A* Static,300,Hard,6,1,0,0.997658,6.87895
A* Static,300,Hard,7,1,0,0.997455,6.87693
A* Static,300,Hard,8,1,0,0.997437,6.87682
A* Static,300,Hard,9,1,0,0.996957,6.87657
A* Static,300,Hard,10,1,0,0.996939,6.87642
A* Static,300,Hard,11,1,0,0.996902,6.87632
A* Static,300,Hard,12,1,0,0.996865,6.87643
A* Static,300,Hard,13,6,0,0.996386,6.87469
A* Static,300,Hard,14,1,0,0.995722,6.87131
A* Static,300,Hard,15,2,0,0.995574,6.87066
A* Static,300,Hard,16,1,0,0.995482,6.87035
A* Static,300,Hard,17,1,0,0.995427,6.86984
A* Static,300,Hard,18,1,0,0.995408,6.8699
A* Static,300,Hard,19,1,0,0.99539,6.86989
A* Static,300,Hard,20,1,0,0.995224,6.87021
A* Static,300,Hard,21,1,0,0.995206,6.8703
A* Static,300,Hard,22,6,0,0.994818,6.86993
A* Static,300,Hard,23,1,0,0.994745,6.87024
A* Static,300,Hard,24,1,0,0.994505,6.87069
A* Static,300,Hard,25,1,0,0.994486,6.87067
A* Static,300,Hard,26,1,0,0.994468,6.8705
A* Static,300,Hard,27,1,0,0.994413,6.87045
A* Static,300,Hard,28,1,0,0.994357,6.87
A* Static,300,Hard,29,1,0,0.994339,6.87002
A* Static,300,Hard,30,1,0,0.993878,6.86738
A* Static,300,Hard,31,1,0,0.993712,6.86737
A* Static,300,Hard,32,1,0,0.993693,6.86744
A* Static,300,Hard,33,1,0,0.993214,6.86575
A* Static,300,Hard,34,1,0,0.992274,6.86354
A* Static,300,Hard,35,1,0,0.992237,6.86337
A* Static,300,Hard,36,1,0,0.9922,6.86338
A* Static,300,Hard,37,1,0,0.992181,6.86336
A* Static,300,Hard,38,1,0,0.992052,6.86239
A* Static,300,Hard,39,1,0,0.992034,6.8625
A* Static,300,Hard,40,1,0,0.99172,6.86192
A* Static,300,Hard,41,1,0,0.991702,6.86186
A* Static,300,Hard,42,1,0,0.991647,6.86193
A* Static,300,Hard,43,1,0,0.991573,6.86141
A* Static,300,Hard,44,3,0,0.991351,6.86094
A* Static,300,Hard,45,1,0,0.991315,6.86073
A* Static,300,Hard,46,2,0,0.991278,6.86076
A* Static,300,Hard,47,1,0,0.991241,6.86074
A* Static,300,Hard,48,1,0,0.991093,6.86079
A* Static,300,Hard,49,1,0,0.990725,6.86033
A* Static,300,Hard,50,1,0,0.990706,6.8604
A* Oracle,300,Hard,0,0,0,0.998451,6.88056
A* Oracle,300,Hard,1,1,10.7661,0.998451,6.88043
A* Oracle,300,Hard,2,1,10.7653,0.998451,6.8804
A* Oracle,300,Hard,3,1,10.7658,0.998451,6.88038
A* Oracle,300,Hard,4,1,10.7708,0.998451,6.88038
A* Oracle,300,Hard,5,2,10.7636,0.998451,6.88049
A* Oracle,300,Hard,6,1,10.7721,0.998451,6.88049
A* Oracle,300,Hard,7,1,10.7717,0.998451,6.88043
A* Oracle,300,Hard,8,1,10.781,0.998451,6.88051
A* Oracle,300,Hard,9,1,10.7644,0.998451,6.88112
A* Oracle,300,Hard,10,1,10.7776,0.998451,6.88113
A* Oracle,300,Hard,11,1,10.7766,0.998451,6.88112
A* Oracle,300,Hard,12,1,10.7767,0.998451,6.88108
A* Oracle,300,Hard,13,6,10.7754,0.998451,6.88184
A* Oracle,300,Hard,14,1,10.777,0.998451,6.8811
A* Oracle,300,Hard,15,2,10.7845,0.998451,6.88106
A* Oracle,300,Hard,16,1,10.7755,0.998451,6.881
A* Oracle,300,Hard,17,1,10.773,0.998451,6.881
A* Oracle,300,Hard,18,1,10.7789,0.998451,6.88091
A* Oracle,300,Hard,19,1,10.7785,0.998451,6.88091
A* Oracle,300,Hard,20,1,10.7734,0.998451,6.88086
A* Oracle,300,Hard,21,1,10.7807,0.998451,6.88084
A* Oracle,300,Hard,22,6,10.7721,0.998451,6.88073
A* Oracle,300,Hard,23,1,10.7863,0.998451,6.8808
A* Oracle,300,Hard,24,1,10.782,0.998451,6.88088
A* Oracle,300,Hard,25,1,10.7814,0.998451,6.88089
A* Oracle,300,Hard,26,1,10.7917,0.998451,6.8811
A* Oracle,300,Hard,27,1,10.7967,0.998451,6.88108
A* Oracle,300,Hard,28,1,10.783,0.998451,6.88106
A* Oracle,300,Hard,29,1,10.7894,0.998451,6.88095
A* Oracle,300,Hard,30,1,10.785,0.998451,6.88067
A* Oracle,300,Hard,31,1,10.7887,0.998451,6.88075
A* Oracle,300,Hard,32,1,10.7829,0.998451,6.88075
A* Oracle,300,Hard,33,1,10.7854,0.998451,6.88112
A* Oracle,300,Hard,34,1,10.7895,0.998451,6.88256
A* Oracle,300,Hard,35,1,10.7908,0.998451,6.88267
A* Oracle,300,Hard,36,1,10.7947,0.998451,6.88274
A* Oracle,300,Hard,37,1,10.7874,0.998451,6.88265
A* Oracle,300,Hard,38,1,10.7951,0.998451,6.88267
A* Oracle,300,Hard,39,1,10.7902,0.998451,6.88259
A* Oracle,300,Hard,40,1,10.7924,0.998451,6.8828
A* Oracle,300,Hard,41,1,10.7803,0.998451,6.88276
A* Oracle,300,Hard,42,1,10.7898,0.998451,6.88269
A* Oracle,300,Hard,43,1,10.7913,0.998451,6.88261
A* Oracle,300,Hard,44,3,10.7918,0.998451,6.88267
A* Oracle,300,Hard,45,1,10.7882,0.998451,6.88267
A* Oracle,300,Hard,46,2,10.7878,0.998451,6.88267
A* Oracle,300,Hard,47,1,10.7835,0.998451,6.8828
A* Oracle,300,Hard,48,1,10.7914,0.998451,6.88293
A* Oracle,300,Hard,49,1,10.7921,0.998451,6.88298
A* Oracle,300,Hard,50,1,10.7925,0.998451,6.88304
Local,300,Hard,0,0,0,0.987018,7.04585
Local,300,Hard,1,1,1.02961,0.987018,7.04454
Local,300,Hard,2,1,0.833012,0.987018,7.04383
Local,300,Hard,3,1,0.75059,0.987073,7.04377
Local,300,Hard,4,1,0.601204,0.987073,7.04267
Local,300,Hard,5,2,1.29431,0.987258,7.04322
Local,300,Hard,6,1,0.771447,0.987258,7.04281
Local,300,Hard,7,1,1.72687,0.987497,7.04551
Local,300,Hard,8,1,0.752805,0.987497,7.04527
Local,300,Hard,9,1,0.622219,0.987497,7.04534
Local,300,Hard,10,1,0.572446,0.987497,7.04459
Local,300,Hard,11,1,0.72438,0.987497,7.04386
Local,300,Hard,12,1,0.647268,0.987497,7.0437
Local,300,Hard,13,6,2.94141,0.987534,7.04035
Local,300,Hard,14,1,0.781281,0.987534,7.03746
Local,300,Hard,15,2,1.04096,0.987442,7.03744
Local,300,Hard,16,1,0.449187,0.987461,7.03722
Local,300,Hard,17,1,0.637462,0.987461,7.03726
Local,300,Hard,18,1,0.508881,0.987461,7.03683
Local,300,Hard,19,1,0.572908,0.987461,7.03651
Local,300,Hard,20,1,0.867105,0.987461,7.03593
Local,300,Hard,21,1,0.969645,0.987461,7.03572
Local,300,Hard,22,6,3.73247,0.987479,7.03408
Local,300,Hard,23,1,0.818837,0.987479,7.03343
Local,300,Hard,24,1,0.729765,0.987479,7.03315
Local,300,Hard,25,1,0.468572,0.987479,7.03305
Local,300,Hard,26,1,1.38421,0.987479,7.03223
Local,300,Hard,27,1,0.59659,0.987479,7.03193
Local,300,Hard,28,1,0.653621,0.987405,7.03048
Local,300,Hard,29,1,0.476918,0.987405,7.03014
Local,300,Hard,30,1,0.38656,0.987387,7.02964
Local,300,Hard,31,1,0.577064,0.987387,7.02936
Local,300,Hard,32,1,0.424412,0.987295,7.02919
Local,300,Hard,33,1,0.781985,0.987313,7.02927
Local,300,Hard,34,1,0.75027,0.987534,7.03018
Local,300,Hard,35,1,0.860758,0.987534,7.02853
Local,300,Hard,36,1,0.734139,0.987534,7.02831
Local,300,Hard,37,1,0.43966,0.987534,7.02844
Local,300,Hard,38,1,0.709727,0.987534,7.02818
Local,300,Hard,39,1,0.602212,0.987534,7.02792
Local,300,Hard,40,1,0.569751,0.987534,7.02803
Local,300,Hard,41,1,0.458298,0.987534,7.02773
Local,300,Hard,42,1,0.368418,0.987534,7.02777
Local,300,Hard,43,1,0.720734,0.987811,7.02901
Local,300,Hard,44,3,1.35393,0.987829,7.02811
Local,300,Hard,45,1,0.513998,0.987829,7.02755
Local,300,Hard,46,2,1.33017,0.987829,7.02696
Local,300,Hard,47,1,0.475111,0.987829,7.02724
Local,300,Hard,48,1,0.655284,0.987829,7.02692
Local,300,Hard,49,1,0.634104,0.987829,7.02697
Local,300,Hard,50,1,0.43989,0.987829,7.02628
Hierarchy,300,Hard,0,0,0,0.989876,6.97535
Hierarchy,300,Hard,1,1,1.59271,0.990005,6.97452
Hierarchy,300,Hard,2,1,1.4146,0.990005,6.97219
Hierarchy,300,Hard,3,1,1.71908,0.990024,6.9716
Hierarchy,300,Hard,4,1,2.03612,0.990024,6.96906
Hierarchy,300,Hard,5,2,2.32082,0.990061,6.96491
Hierarchy,300,Hard,6,1,1.33313,0.990061,6.9639
Hierarchy,300,Hard,7,1,3.78416,0.990245,6.96639
Hierarchy,300,Hard,8,1,1.49627,0.990245,6.96611
Hierarchy,300,Hard,9,1,2.04974,0.990245,6.9652
Hierarchy,300,Hard,10,1,1.70561,0.990245,6.96227
Hierarchy,300,Hard,11,1,1.8365,0.990245,6.96078
Hierarchy,300,Hard,12,1,1.55874,0.990282,6.9595
Hierarchy,300,Hard,13,6,8.20693,0.990282,6.95468
Hierarchy,300,Hard,14,1,1.98928,0.990282,6.95125
Hierarchy,300,Hard,15,2,2.56443,0.990282,6.9495
Hierarchy,300,Hard,16,1,1.90214,0.990429,6.94982
Hierarchy,300,Hard,17,1,1.83431,0.990429,6.9498
Hierarchy,300,Hard,18,1,1.29303,0.990429,6.94926
Hierarchy,300,Hard,19,1,1.35637,0.990429,6.94841
Hierarchy,300,Hard,20,1,1.81614,0.990429,6.9485
Hierarchy,300,Hard,21,1,1.57259,0.990448,6.94668
Hierarchy,300,Hard,22,6,10.0184,0.990448,6.94264
Hierarchy,300,Hard,23,1,1.31952,0.990448,6.9424
Hierarchy,300,Hard,24,1,1.45533,0.990448,6.94165
Hierarchy,300,Hard,25,1,1.71111,0.990429,6.94124
Hierarchy,300,Hard,26,1,1.91169,0.990411,6.93951
Hierarchy,300,Hard,27,1,1.77587,0.990411,6.93815
Hierarchy,300,Hard,28,1,1.80124,0.990485,6.93663
Hierarchy,300,Hard,29,1,1.19493,0.990485,6.93607
Hierarchy,300,Hard,30,1,1.30067,0.990411,6.93444
Hierarchy,300,Hard,31,1,1.2722,0.990411,6.93407
Hierarchy,300,Hard,32,1,1.77961,0.990411,6.93329
Hierarchy,300,Hard,33,1,1.6208,0.990411,6.93226
Hierarchy,300,Hard,34,1,1.96356,0.990411,6.93333
Hierarchy,300,Hard,35,1,1.34174,0.990411,6.93325
Hierarchy,300,Hard,36,1,1.99675,0.990411,6.9329
Hierarchy,300,Hard,37,1,1.60524,0.990411,6.93258
Hierarchy,300,Hard,38,1,2.01152,0.990411,6.93135
Hierarchy,300,Hard,39,1,2.032,0.990411,6.93089
Hierarchy,300,Hard,40,1,1.75233,0.990429,6.9307
Hierarchy,300,Hard,41,1,1.83884,0.990429,6.93009
Hierarchy,300,Hard,42,1,0.981091,0.990429,6.93005
Hierarchy,300,Hard,43,1,1.09764,0.990448,6.92977
Hierarchy,300,Hard,44,3,4.32829,0.990614,6.92969
Hierarchy,300,Hard,45,1,1.11262,0.990614,6.92956
Hierarchy,300,Hard,46,2,2.03234,0.990614,6.92727
Hierarchy,300,Hard,47,1,1.14867,0.990614,6.92662
Hierarchy,300,Hard,48,1,1.12277,0.990614,6.92586
Hierarchy,300,Hard,49,1,1.23286,0.990651,6.92538
Hierarchy,300,Hard,50,1,1.86536,0.990651,6.92405
