Approach,Size,Difficulty,TimeStep,NumChanges,AdaptTime,SuccessRate,AvgPathLength
A* Static,20,Easy,0,0,0,1,8.34969
A* Static,20,Easy,1,1,0,0.984663,8.25545
A* Static,20,Easy,2,1,0,0.978528,8.22884
A* Static,20,Easy,3,1,0,0.972393,8.19243
A* Static,20,Easy,4,1,0,0.96319,8.13694
A* Static,20,Easy,5,1,0,0.966258,8.16508
A* Static,20,Easy,6,1,0,0.96319,8.1465
A* Static,20,Easy,7,1,0,0.960123,8.1278
A* Static,20,Easy,8,1,0,0.953988,8.10289
A* Static,20,Easy,9,1,0,0.917178,7.95318
A* Static,20,Easy,10,1,0,0.886503,7.79931
A* Static,20,Easy,11,1,0,0.880368,7.79443
A* Static,20,Easy,12,1,0,0.877301,7.7972
A* Static,20,Easy,13,2,0,0.834356,7.57353
A* Static,20,Easy,14,1,0,0.809816,7.53788
A* Static,20,Easy,15,1,0,0.806748,7.54753
A* Static,20,Easy,16,1,0,0.803681,7.5229
A* Static,20,Easy,17,1,0,0.791411,7.43798
A* Static,20,Easy,18,1,0,0.822086,7.62313
A* Static,20,Easy,19,1,0,0.815951,7.58647
A* Static,20,Easy,20,1,0,0.815951,7.58647
A* Static,20,Easy,21,1,0,0.779141,7.43701
A* Static,20,Easy,22,1,0,0.766871,7.46
A* Static,20,Easy,23,1,0,0.748466,7.35656
A* Static,20,Easy,24,1,0,0.748466,7.35246
A* Static,20,Easy,25,1,0,0.748466,7.35246
A* Static,20,Easy,26,1,0,0.754601,7.3374
A* Static,20,Easy,27,1,0,0.757669,7.37247
A* Static,20,Easy,28,1,0,0.757669,7.37247
A* Static,20,Easy,29,4,0,0.739264,7.26556
A* Static,20,Easy,30,1,0,0.739264,7.26556
A* Static,20,Easy,31,1,0,0.733129,7.28033
A* Static,20,Easy,32,1,0,0.733129,7.28033
A* Static,20,Easy,33,1,0,0.717791,7.23077
A* Static,20,Easy,34,1,0,0.714724,7.23176
A* Static,20,Easy,35,1,0,0.714724,7.23176
A* Static,20,Easy,36,1,0,0.714724,7.23605
A* Static,20,Easy,37,1,0,0.720859,7.29787
A* Static,20,Easy,38,1,0,0.690184,7.04444
A* Static,20,Easy,39,1,0,0.699387,7.08772
A* Static,20,Easy,40,1,0,0.699387,7.08772
A* Oracle,20,Easy,0,0,0,1,8.34969
A* Oracle,20,Easy,1,1,0.121533,1,8.35276
A* Oracle,20,Easy,2,1,0.121436,1,8.34969
A* Oracle,20,Easy,3,1,0.120809,1,8.34663
A* Oracle,20,Easy,4,1,0.118592,1,8.34969
A* Oracle,20,Easy,5,1,0.118249,1,8.35276
A* Oracle,20,Easy,6,1,0.118733,1,8.34969
A* Oracle,20,Easy,7,1,0.118835,1,8.34663
A* Oracle,20,Easy,8,1,0.118129,1,8.34356
A* Oracle,20,Easy,9,1,0.11858,1,8.34356
A* Oracle,20,Easy,10,1,0.119954,1,8.35276
A* Oracle,20,Easy,11,1,0.121803,1,8.35276
A* Oracle,20,Easy,12,1,0.122516,1,8.34969
A* Oracle,20,Easy,13,2,0.123601,1,8.34969
A* Oracle,20,Easy,14,1,0.123063,1,8.34663
A* Oracle,20,Easy,15,1,0.123133,1,8.31288
A* Oracle,20,Easy,16,1,0.121465,1,8.31595
A* Oracle,20,Easy,17,1,0.1224,1,8.34663
A* Oracle,20,Easy,18,1,0.12138,1,8.30982
A* Oracle,20,Easy,19,1,0.119362,1,8.31288
A* Oracle,20,Easy,20,1,0.119773,1,8.31595
A* Oracle,20,Easy,21,1,0.120031,1,8.31902
A* Oracle,20,Easy,22,1,0.11822,1,8.31902
A* Oracle,20,Easy,23,1,0.113664,1,8.31902
A* Oracle,20,Easy,24,1,0.113798,1,8.31595
A* Oracle,20,Easy,25,1,0.11345,1,8.31902
A* Oracle,20,Easy,26,1,0.114452,1,8.31595
A* Oracle,20,Easy,27,1,0.117986,1,8.32209
A* Oracle,20,Easy,28,1,0.116879,1,8.31902
A* Oracle,20,Easy,29,4,0.118466,1,8.30982
A* Oracle,20,Easy,30,1,0.117879,1,8.31595
A* Oracle,20,Easy,31,1,0.117774,1,8.31288
A* Oracle,20,Easy,32,1,0.117673,1,8.30675
A* Oracle,20,Easy,33,1,0.119997,1,8.30982
A* Oracle,20,Easy,34,1,0.118757,1,8.30982
A* Oracle,20,Easy,35,1,0.118732,1,8.31288
A* Oracle,20,Easy,36,1,0.118827,1,8.32209
A* Oracle,20,Easy,37,1,0.119005,1,8.32209
A* Oracle,20,Easy,38,1,0.120511,1,8.32209
A* Oracle,20,Easy,39,1,0.120052,1,8.32209
A* Oracle,20,Easy,40,1,0.120956,1,8.32209
HierarchySmart,20,Easy,0,0,0,1,8.59509
HierarchySmart,20,Easy,1,1,0.0487896,1,8.60123
HierarchySmart,20,Easy,2,1,0.0484987,1,8.6135
HierarchySmart,20,Easy,3,1,0.0618436,1,8.61656
HierarchySmart,20,Easy,4,1,0.0623465,1,8.6227
HierarchySmart,20,Easy,5,1,0.0483074,1,8.65337
HierarchySmart,20,Easy,6,1,0.0483455,1,8.65951
HierarchySmart,20,Easy,7,1,0.0636518,1,8.65644
HierarchySmart,20,Easy,8,1,0.0678292,0.996933,8.64923
HierarchySmart,20,Easy,9,1,0.0654521,0.996933,8.65538
HierarchySmart,20,Easy,10,1,0.0617568,0.996933,8.67692
HierarchySmart,20,Easy,11,1,0.0670638,0.993865,8.68519
HierarchySmart,20,Easy,12,1,0.0478822,0.993865,8.68519
HierarchySmart,20,Easy,13,2,3.8318,1,8.36196
HierarchySmart,20,Easy,14,1,0.0480833,1,8.3589
HierarchySmart,20,Easy,15,1,0.0456654,1,8.34969
HierarchySmart,20,Easy,16,1,0.0456085,1,8.35583
HierarchySmart,20,Easy,17,1,2.5954,1,8.34969
HierarchySmart,20,Easy,18,1,0.0609091,1,8.36503
HierarchySmart,20,Easy,19,1,0.0472152,1,8.3681
HierarchySmart,20,Easy,20,1,0.0473344,1,8.37117
HierarchySmart,20,Easy,21,1,0.0469586,1,8.38037
HierarchySmart,20,Easy,22,1,0.0470419,1,8.38344
HierarchySmart,20,Easy,23,1,0.0465141,1,8.39264
HierarchySmart,20,Easy,24,1,0.0463543,1,8.39264
HierarchySmart,20,Easy,25,1,0.063043,1,8.39571
HierarchySmart,20,Easy,26,1,0.0458584,1,8.38957
HierarchySmart,20,Easy,27,1,0.0456631,1,8.39571
HierarchySmart,20,Easy,28,1,0.0459896,1,8.39877
HierarchySmart,20,Easy,29,4,0.0456053,1,8.39571
HierarchySmart,20,Easy,30,1,0.0600086,1,8.41411
HierarchySmart,20,Easy,31,1,0.0454441,1,8.41411
HierarchySmart,20,Easy,32,1,0.0453386,1,8.40798
HierarchySmart,20,Easy,33,1,0.0454913,1,8.41718
HierarchySmart,20,Easy,34,1,0.0448709,1,8.42025
HierarchySmart,20,Easy,35,1,0.0451043,1,8.42331
HierarchySmart,20,Easy,36,1,0.0449855,1,8.43252
HierarchySmart,20,Easy,37,1,0.0452731,1,8.43252
HierarchySmart,20,Easy,38,1,0.0446352,1,8.43252
HierarchySmart,20,Easy,39,1,0.044402,1,8.43252
HierarchySmart,20,Easy,40,1,0.0442528,1,8.43252
A* Static,20,Medium,0,0,0,1,7.13542
A* Static,20,Medium,1,1,0,0.982639,7.15548
A* Static,20,Medium,2,1,0,0.756944,6.93119
A* Static,20,Medium,3,1,0,0.753472,6.89862
A* Static,20,Medium,4,2,0,0.75,6.86111
A* Static,20,Medium,5,1,0,0.642361,6.43784
A* Static,20,Medium,6,1,0,0.642361,6.43784
A* Static,20,Medium,7,1,0,0.78125,6.50667
A* Static,20,Medium,8,1,0,0.743056,6.35047
A* Static,20,Medium,9,1,0,0.739583,6.31925
A* Static,20,Medium,10,1,0,0.725694,6.22488
A* Static,20,Medium,11,1,0,0.697917,6.12935
A* Static,20,Medium,12,1,0,0.666667,5.95312
A* Static,20,Medium,13,1,0,0.600694,6.10405
A* Static,20,Medium,14,1,0,0.600694,6.10405
A* Static,20,Medium,15,1,0,0.597222,6.03488
A* Static,20,Medium,16,1,0,0.590278,6.01765
A* Static,20,Medium,17,1,0,0.586806,6.01183
A* Static,20,Medium,18,1,0,0.611111,5.96023
A* Static,20,Medium,19,1,0,0.611111,5.96023
A* Static,20,Medium,20,1,0,0.597222,5.76744
A* Static,20,Medium,21,1,0,0.59375,5.76608
A* Static,20,Medium,22,1,0,0.59375,5.76608
A* Static,20,Medium,23,1,0,0.590278,5.78824
A* Static,20,Medium,24,1,0,0.590278,5.78824
A* Static,20,Medium,25,3,0,0.583333,6.04167
A* Static,20,Medium,26,1,0,0.576389,5.93373
A* Static,20,Medium,27,2,0,0.586806,6.10059
A* Static,20,Medium,28,1,0,0.579861,6.02994
A* Static,20,Medium,29,1,0,0.579861,6.02994
A* Static,20,Medium,30,4,0,0.576389,6.03614
A* Static,20,Medium,31,1,0,0.576389,6.03614
A* Static,20,Medium,32,1,0,0.590278,6.04706
A* Static,20,Medium,33,1,0,0.586806,5.98817
A* Static,20,Medium,34,1,0,0.586806,5.98817
A* Static,20,Medium,35,1,0,0.559028,5.85093
A* Static,20,Medium,36,1,0,0.552083,5.83019
A* Static,20,Medium,37,1,0,0.552083,5.83019
A* Static,20,Medium,38,1,0,0.552083,5.83019
A* Static,20,Medium,39,1,0,0.552083,5.83019
A* Static,20,Medium,40,3,0,0.53125,5.77124
A* Oracle,20,Medium,0,0,0,1,7.13542
A* Oracle,20,Medium,1,1,0.0523973,1,7.13889
A* Oracle,20,Medium,2,1,0.0527758,1,7.19444
A* Oracle,20,Medium,3,1,0.0524842,1,7.19444
A* Oracle,20,Medium,4,2,0.0534024,1,7.19097
A* Oracle,20,Medium,5,1,0.0537283,1,7.1875
A* Oracle,20,Medium,6,1,0.0537466,1,7.19097
A* Oracle,20,Medium,7,1,0.0513912,1,7.13542
A* Oracle,20,Medium,8,1,0.0501266,1,7.14236
A* Oracle,20,Medium,9,1,0.050857,1,7.13542
A* Oracle,20,Medium,10,1,0.0506599,1,7.13542
A* Oracle,20,Medium,11,1,0.0516669,1,7.14931
A* Oracle,20,Medium,12,1,0.0507881,1,7.15278
A* Oracle,20,Medium,13,1,0.05141,1,7.15278
A* Oracle,20,Medium,14,1,0.0504288,1,7.15278
A* Oracle,20,Medium,15,1,0.0511532,1,7.14931
A* Oracle,20,Medium,16,1,0.0515585,1,7.14583
A* Oracle,20,Medium,17,1,0.0503806,1,7.125
A* Oracle,20,Medium,18,1,0.0501875,1,7.12153
A* Oracle,20,Medium,19,1,0.0508229,1,7.125
A* Oracle,20,Medium,20,1,0.0504396,1,7.125
A* Oracle,20,Medium,21,1,0.050329,1,7.12153
A* Oracle,20,Medium,22,1,0.0488855,1,7.13542
A* Oracle,20,Medium,23,1,0.0488336,1,7.13194
A* Oracle,20,Medium,24,1,0.0484799,1,7.13542
A* Oracle,20,Medium,25,3,0.0497575,1,7.14236
A* Oracle,20,Medium,26,1,0.0549528,1,7.24306
A* Oracle,20,Medium,27,2,0.0485063,1,7.13542
A* Oracle,20,Medium,28,1,0.0494907,1,7.13194
A* Oracle,20,Medium,29,1,0.0499033,1,7.13194
A* Oracle,20,Medium,30,4,0.0493774,1,7.05903
A* Oracle,20,Medium,31,1,0.0494611,1,7.05903
A* Oracle,20,Medium,32,1,0.0493764,1,7.05903
A* Oracle,20,Medium,33,1,0.0500175,1,7.0625
A* Oracle,20,Medium,34,1,0.0482193,1,7.06597
A* Oracle,20,Medium,35,1,0.0479049,1,7.06597
A* Oracle,20,Medium,36,1,0.0470821,1,7.06597
A* Oracle,20,Medium,37,1,0.0478405,1,7.06944
A* Oracle,20,Medium,38,1,0.048027,1,7.06944
A* Oracle,20,Medium,39,1,0.0478049,1,7.06944
A* Oracle,20,Medium,40,3,0.0491043,1,7.10069
HierarchySmart,20,Medium,0,0,0,1,7.55208
HierarchySmart,20,Medium,1,1,0.0539686,1,7.55903
HierarchySmart,20,Medium,2,1,0.0519396,1,7.56597
HierarchySmart,20,Medium,3,1,0.0494737,1,7.56597
HierarchySmart,20,Medium,4,2,0.051886,1,7.57986
HierarchySmart,20,Medium,5,1,0.0527801,1,7.58333
HierarchySmart,20,Medium,6,1,0.0519862,1,7.59028
HierarchySmart,20,Medium,7,1,0.0511741,1,7.59375
HierarchySmart,20,Medium,8,1,0.052787,0.993056,7.60839
HierarchySmart,20,Medium,9,1,0.0519963,0.993056,7.61538
HierarchySmart,20,Medium,10,1,0.0484826,0.993056,7.62238
HierarchySmart,20,Medium,11,1,2.95783,1,7.19097
HierarchySmart,20,Medium,12,1,0.036148,1,7.20486
HierarchySmart,20,Medium,13,1,0.0479766,1,7.20486
HierarchySmart,20,Medium,14,1,0.0467303,1,7.20486
HierarchySmart,20,Medium,15,1,0.0455965,1,7.20139
HierarchySmart,20,Medium,16,1,0.0457509,1,7.19792
HierarchySmart,20,Medium,17,1,0.0455427,1,7.20139
HierarchySmart,20,Medium,18,1,0.0441997,1,7.19792
HierarchySmart,20,Medium,19,1,0.043044,1,7.20139
HierarchySmart,20,Medium,20,1,0.0434375,1,7.21181
HierarchySmart,20,Medium,21,1,0.0441195,1,7.21528
HierarchySmart,20,Medium,22,1,0.0442567,1,7.21181
HierarchySmart,20,Medium,23,1,0.043961,1,7.20833
HierarchySmart,20,Medium,24,1,0.0429921,1,7.21181
HierarchySmart,20,Medium,25,3,3.06884,1,7.23611
HierarchySmart,20,Medium,26,1,0.0493038,0.996528,7.31359
HierarchySmart,20,Medium,27,2,0.0496303,0.996528,7.20906
HierarchySmart,20,Medium,28,1,0.0488541,0.996528,7.20906
HierarchySmart,20,Medium,29,1,0.0474192,0.996528,7.20906
HierarchySmart,20,Medium,30,4,0.0462793,0.996528,7.223
HierarchySmart,20,Medium,31,1,0.0467498,0.993056,7.2028
HierarchySmart,20,Medium,32,1,0.0278903,0.993056,7.2028
HierarchySmart,20,Medium,33,1,0.0376541,0.993056,7.21329
HierarchySmart,20,Medium,34,1,0.0414548,0.996528,7.23345
HierarchySmart,20,Medium,35,1,0.0281871,0.996528,7.23345
HierarchySmart,20,Medium,36,1,0.0279032,0.993056,7.23776
HierarchySmart,20,Medium,37,1,0.036017,0.993056,7.24825
HierarchySmart,20,Medium,38,1,0.0470643,0.993056,7.25175
HierarchySmart,20,Medium,39,1,0.0528945,0.993056,7.25524
HierarchySmart,20,Medium,40,3,0.0277891,0.993056,7.27273
A* Static,20,Hard,0,0,0,0.995633,8.81579
A* Static,20,Hard,1,1,0,0.991266,8.81498
A* Static,20,Hard,2,1,0,0.973799,8.86099
A* Static,20,Hard,3,1,0,0.965066,8.79186
A* Static,20,Hard,4,1,0,0.917031,9.05238
A* Static,20,Hard,5,2,0,0.912664,8.94258
A* Static,20,Hard,6,1,0,0.842795,8.79793
A* Static,20,Hard,7,1,0,0.842795,8.79793
A* Static,20,Hard,8,1,0,0.816594,8.6631
A* Static,20,Hard,9,1,0,0.751092,8.93605
A* Static,20,Hard,10,1,0,0.742358,8.90588
A* Static,20,Hard,11,1,0,0.729258,8.79641
A* Static,20,Hard,12,1,0,0.716157,8.68902
A* Static,20,Hard,13,2,0,0.646288,8.62162
A* Static,20,Hard,14,1,0,0.633188,8.58621
A* Static,20,Hard,15,1,0,0.567686,8.33077
A* Static,20,Hard,16,1,0,0.563319,8.32558
A* Static,20,Hard,17,1,0,0.558952,8.32812
A* Static,20,Hard,18,1,0,0.558952,8.32812
A* Static,20,Hard,19,1,0,0.558952,8.32812
A* Static,20,Hard,20,1,0,0.60262,8.48551
A* Static,20,Hard,21,2,0,0.60262,8.48551
A* Static,20,Hard,22,1,0,0.567686,8.26923
A* Static,20,Hard,23,1,0,0.567686,8.26923
A* Static,20,Hard,24,1,0,0.563319,8.24031
A* Static,20,Hard,25,1,0,0.558952,8.25
A* Static,20,Hard,26,1,0,0.558952,8.25
A* Static,20,Hard,27,1,0,0.532751,7.89344
A* Static,20,Hard,28,1,0,0.484716,8.17117
A* Static,20,Hard,29,1,0,0.449782,8.35922
A* Static,20,Hard,30,1,0,0.449782,8.35922
A* Static,20,Hard,31,1,0,0.449782,8.35922
A* Static,20,Hard,32,1,0,0.449782,8.35922
A* Static,20,Hard,33,1,0,0.449782,8.35922
A* Static,20,Hard,34,1,0,0.449782,8.35922
A* Static,20,Hard,35,1,0,0.445415,8.32353
A* Static,20,Hard,36,1,0,0.445415,8.32353
A* Static,20,Hard,37,1,0,0.445415,8.32353
A* Static,20,Hard,38,1,0,0.445415,8.32353
A* Static,20,Hard,39,1,0,0.445415,8.32353
A* Static,20,Hard,40,1,0,0.445415,8.32353
A* Oracle,20,Hard,0,0,0,0.995633,8.81579
A* Oracle,20,Hard,1,1,0.0205979,0.995633,8.8114
A* Oracle,20,Hard,2,1,0.0207343,0.995633,8.80702
A* Oracle,20,Hard,3,1,0.0207898,0.995633,8.79825
A* Oracle,20,Hard,4,1,0.020489,0.995633,8.74123
A* Oracle,20,Hard,5,2,0.0204532,0.995633,8.75877
A* Oracle,20,Hard,6,1,0.0208638,0.995633,8.75877
A* Oracle,20,Hard,7,1,0.0212682,0.995633,8.75439
A* Oracle,20,Hard,8,1,0.0224185,0.995633,8.77193
A* Oracle,20,Hard,9,1,0.0222239,0.995633,8.79825
A* Oracle,20,Hard,10,1,0.0212559,0.995633,8.71491
A* Oracle,20,Hard,11,1,0.0200795,0.9869,8.69027
A* Oracle,20,Hard,12,1,0.0208395,0.9869,8.69027
A* Oracle,20,Hard,13,2,0.0204175,0.9869,8.60177
A* Oracle,20,Hard,14,1,0.0212687,0.9869,8.60619
A* Oracle,20,Hard,15,1,0.0207775,0.9869,8.61504
A* Oracle,20,Hard,16,1,0.0209166,0.995633,8.61842
A* Oracle,20,Hard,17,1,0.0208695,0.995633,8.61404
A* Oracle,20,Hard,18,1,0.0210137,0.995633,8.63596
A* Oracle,20,Hard,19,1,0.0208961,0.995633,8.63596
A* Oracle,20,Hard,20,1,0.0210161,0.995633,8.62719
A* Oracle,20,Hard,21,2,0.0203319,0.995633,8.62719
A* Oracle,20,Hard,22,1,0.021378,0.995633,8.64035
A* Oracle,20,Hard,23,1,0.0212935,0.995633,8.64912
A* Oracle,20,Hard,24,1,0.0206454,0.995633,8.64912
A* Oracle,20,Hard,25,1,0.0212512,0.991266,8.64758
A* Oracle,20,Hard,26,1,0.0220128,0.991266,8.69163
A* Oracle,20,Hard,27,1,0.0225767,0.991266,8.69163
A* Oracle,20,Hard,28,1,0.0222236,0.991266,8.60793
A* Oracle,20,Hard,29,1,0.0223541,0.991266,8.61674
A* Oracle,20,Hard,30,1,0.0216844,0.991266,8.5815
A* Oracle,20,Hard,31,1,0.0219447,0.991266,8.5815
A* Oracle,20,Hard,32,1,0.021199,0.991266,8.57709
A* Oracle,20,Hard,33,1,0.0205741,0.991266,8.57709
A* Oracle,20,Hard,34,1,0.0217928,0.991266,8.62115
A* Oracle,20,Hard,35,1,0.0214897,0.991266,8.61674
A* Oracle,20,Hard,36,1,0.0219438,0.991266,8.60793
A* Oracle,20,Hard,37,1,0.0226906,0.991266,8.60352
A* Oracle,20,Hard,38,1,0.0217886,0.991266,8.60352
A* Oracle,20,Hard,39,1,0.0214115,0.991266,8.60793
A* Oracle,20,Hard,40,1,0.0212597,0.991266,8.60793
HierarchySmart,20,Hard,0,0,0,0.995633,8.90789
HierarchySmart,20,Hard,1,1,4.36557,0.995633,8.8114
HierarchySmart,20,Hard,2,1,0.0170516,0.991266,8.82819
HierarchySmart,20,Hard,3,1,1.60719,0.995633,8.79825
HierarchySmart,20,Hard,4,1,0.0186741,0.995633,8.8114
HierarchySmart,20,Hard,5,2,0.0186389,0.995633,8.83333
HierarchySmart,20,Hard,6,1,0.0185306,0.995633,8.85088
HierarchySmart,20,Hard,7,1,0.0188389,0.991266,8.84581
HierarchySmart,20,Hard,8,1,0.0185995,0.991266,8.87225
HierarchySmart,20,Hard,9,1,1.41512,0.995633,8.80263
HierarchySmart,20,Hard,10,1,0.0178761,0.995633,8.82456
HierarchySmart,20,Hard,11,1,0.0174424,0.9869,8.77434
HierarchySmart,20,Hard,12,1,0.0175071,0.9869,8.78319
HierarchySmart,20,Hard,13,2,1.50337,0.9869,8.60619
HierarchySmart,20,Hard,14,1,0.0180233,0.9869,8.61947
HierarchySmart,20,Hard,15,1,0.0174716,0.982533,8.64444
HierarchySmart,20,Hard,16,1,0.0174683,0.978166,8.64286
HierarchySmart,20,Hard,17,1,1.20701,0.995633,8.61404
HierarchySmart,20,Hard,18,1,0.0180838,0.995633,8.67105
HierarchySmart,20,Hard,19,1,0.0175972,0.995633,8.67982
HierarchySmart,20,Hard,20,1,0.0173017,0.995633,8.67105
HierarchySmart,20,Hard,21,2,0.0169162,0.991266,8.67841
HierarchySmart,20,Hard,22,1,1.22182,0.995633,8.64035
HierarchySmart,20,Hard,23,1,0.0180902,0.991266,8.62996
HierarchySmart,20,Hard,24,1,0.0189807,0.991266,8.63436
HierarchySmart,20,Hard,25,1,0.0176674,0.9869,8.64159
HierarchySmart,20,Hard,26,1,1.2097,0.991266,8.69163
HierarchySmart,20,Hard,27,1,0.0176092,0.991266,8.70485
HierarchySmart,20,Hard,28,1,0.0178313,0.991266,8.76211
HierarchySmart,20,Hard,29,1,0.0171747,0.991266,8.77974
HierarchySmart,20,Hard,30,1,0.0170477,0.991266,8.80617
HierarchySmart,20,Hard,31,1,0.0167455,0.991266,8.80617
HierarchySmart,20,Hard,32,1,0.0167224,0.991266,8.80176
HierarchySmart,20,Hard,33,1,0.0200387,0.9869,8.81416
HierarchySmart,20,Hard,34,1,0.0182515,0.9869,8.87168
HierarchySmart,20,Hard,35,1,0.0174239,0.982533,8.85333
HierarchySmart,20,Hard,36,1,0.0172739,0.982533,8.85333
HierarchySmart,20,Hard,37,1,0.0172013,0.982533,8.85778
HierarchySmart,20,Hard,38,1,0.0172027,0.982533,8.91556
HierarchySmart,20,Hard,39,1,0.0179217,0.982533,8.92
HierarchySmart,20,Hard,40,1,0.0166003,0.982533,8.93333
A* Static,50,Easy,0,0,0,1,5.2014
A* Static,50,Easy,1,1,0,0.999,5.2031
A* Static,50,Easy,2,1,0,0.997001,5.20551
A* Static,50,Easy,3,1,0,0.991504,5.21018
A* Static,50,Easy,4,1,0,0.991004,5.2118
A* Static,50,Easy,5,1,0,0.990505,5.2114
A* Static,50,Easy,6,1,0,0.98001,5.1999
A* Static,50,Easy,7,1,0,0.97901,5.20163
A* Static,50,Easy,8,1,0,0.973513,5.18634
A* Static,50,Easy,9,1,0,0.972514,5.18602
A* Static,50,Easy,10,4,0,0.958521,5.15433
A* Static,50,Easy,11,1,0,0.958521,5.15433
A* Static,50,Easy,12,1,0,0.952524,5.15477
A* Static,50,Easy,13,1,0,0.951524,5.15336
A* Static,50,Easy,14,1,0,0.951024,5.14976
A* Static,50,Easy,15,1,0,0.950525,5.14932
A* Static,50,Easy,16,1,0,0.950525,5.14932
A* Static,50,Easy,17,1,0,0.950525,5.14932
A* Static,50,Easy,18,1,0,0.950025,5.1494
A* Static,50,Easy,19,1,0,0.948526,5.14489
A* Static,50,Easy,20,1,0,0.948026,5.14602
A* Static,50,Easy,21,1,0,0.946527,5.1452
A* Static,50,Easy,22,1,0,0.946027,5.1458
A* Static,50,Easy,23,2,0,0.944528,5.14603
A* Static,50,Easy,24,1,0,0.944028,5.14823
A* Static,50,Easy,25,1,0,0.937531,5.1194
A* Static,50,Easy,26,2,0,0.933533,5.10385
A* Static,50,Easy,27,1,0,0.928036,5.09585
A* Static,50,Easy,28,1,0,0.927536,5.09375
A* Static,50,Easy,29,1,0,0.929035,5.10005
A* Static,50,Easy,30,1,0,0.928036,5.09962
A* Static,50,Easy,31,1,0,0.927036,5.09704
A* Static,50,Easy,32,1,0,0.927036,5.09757
A* Static,50,Easy,33,1,0,0.926537,5.09924
A* Static,50,Easy,34,1,0,0.926537,5.09924
A* Static,50,Easy,35,1,0,0.922039,5.10244
A* Static,50,Easy,36,2,0,0.92054,5.10206
A* Static,50,Easy,37,1,0,0.91904,5.1006
A* Static,50,Easy,38,1,0,0.918541,5.10174
A* Static,50,Easy,39,1,0,0.918041,5.10071
A* Static,50,Easy,40,1,0,0.911544,5.11184
A* Static,50,Easy,41,4,0,0.905547,5.10651
A* Static,50,Easy,42,1,0,0.905047,5.10712
A* Static,50,Easy,43,1,0,0.904048,5.1089
A* Static,50,Easy,44,1,0,0.901049,5.09983
A* Static,50,Easy,45,2,0,0.890555,5.0954
A* Static,50,Easy,46,1,0,0.888556,5.0973
A* Static,50,Easy,47,1,0,0.886557,5.07215
A* Static,50,Easy,48,3,0,0.87906,5.05458
A* Static,50,Easy,49,1,0,0.877561,5.05752
A* Static,50,Easy,50,1,0,0.877561,5.05752
A* Static,50,Easy,51,1,0,0.877061,5.05641
A* Static,50,Easy,52,1,0,0.874563,5.05943
A* Static,50,Easy,53,3,0,0.872064,5.0596
A* Static,50,Easy,54,1,0,0.872064,5.0596
A* Static,50,Easy,55,1,0,0.870065,5.05572
A* Static,50,Easy,56,1,0,0.868566,5.04661
A* Static,50,Easy,57,1,0,0.866567,5.04095
A* Static,50,Easy,58,1,0,0.865567,5.03695
A* Static,50,Easy,59,1,0,0.857571,5.0338
A* Static,50,Easy,60,1,0,0.857071,5.03324
A* Static,50,Easy,61,2,0,0.855072,5.02805
A* Static,50,Easy,62,1,0,0.850075,5.00647
A* Static,50,Easy,63,1,0,0.846577,5.0059
A* Static,50,Easy,64,1,0,0.845577,5.00355
A* Static,50,Easy,65,2,0,0.850075,5.00412
A* Static,50,Easy,66,1,0,0.849575,5.00471
A* Static,50,Easy,67,1,0,0.849575,5.00471
A* Static,50,Easy,68,1,0,0.850575,5.0094
A* Static,50,Easy,69,1,0,0.846577,5.00531
A* Static,50,Easy,70,1,0,0.841579,4.98753
A* Static,50,Easy,71,1,0,0.843078,4.99704
A* Static,50,Easy,72,1,0,0.842579,4.99703
A* Static,50,Easy,73,1,0,0.838581,5.00238
A* Static,50,Easy,74,1,0,0.837581,5.00179
A* Static,50,Easy,75,1,0,0.836582,5
A* Static,50,Easy,76,1,0,0.832084,4.94775
A* Static,50,Easy,77,1,0,0.830085,4.94642
A* Static,50,Easy,78,1,0,0.825087,4.94912
A* Static,50,Easy,79,1,0,0.822589,4.94836
A* Static,50,Easy,80,1,0,0.821589,4.94769
A* Static,50,Easy,81,1,0,0.82059,4.94823
A* Static,50,Easy,82,1,0,0.81909,4.95241
A* Static,50,Easy,83,1,0,0.821589,4.94951
A* Static,50,Easy,84,1,0,0.81909,4.93899
A* Static,50,Easy,85,1,0,0.818091,4.93952
A* Static,50,Easy,86,1,0,0.817591,4.93888
A* Static,50,Easy,87,1,0,0.817091,4.93945
A* Static,50,Easy,88,1,0,0.817091,4.93945
A* Static,50,Easy,89,1,0,0.816592,4.94002
A* Static,50,Easy,90,1,0,0.811094,4.93715
A* Static,50,Easy,91,1,0,0.811094,4.93715
A* Static,50,Easy,92,2,0,0.806097,4.94172
A* Static,50,Easy,93,1,0,0.806597,4.94238
A* Static,50,Easy,94,1,0,0.804598,4.93975
A* Static,50,Easy,95,1,0,0.804598,4.93975
A* Static,50,Easy,96,1,0,0.796602,4.87453
A* Static,50,Easy,97,1,0,0.796602,4.87453
A* Static,50,Easy,98,1,0,0.795102,4.87492
A* Static,50,Easy,99,1,0,0.795102,4.87492
A* Static,50,Easy,100,1,0,0.7996,4.88438
A* Oracle,50,Easy,0,0,0,1,5.2014
A* Oracle,50,Easy,1,1,0.235901,1,5.2019
A* Oracle,50,Easy,2,1,0.239447,1,5.2004
A* Oracle,50,Easy,3,1,0.231095,1,5.2004
A* Oracle,50,Easy,4,1,0.22878,1,5.1999
A* Oracle,50,Easy,5,1,0.22873,1,5.1954
A* Oracle,50,Easy,6,1,0.233925,1,5.1954
A* Oracle,50,Easy,7,1,0.228943,1,5.1954
A* Oracle,50,Easy,8,1,0.227695,1,5.1954
A* Oracle,50,Easy,9,1,0.230641,1,5.1964
A* Oracle,50,Easy,10,4,0.230907,1,5.1999
A* Oracle,50,Easy,11,1,0.231129,1,5.1994
A* Oracle,50,Easy,12,1,0.234572,1,5.2014
A* Oracle,50,Easy,13,1,0.234091,1,5.2004
A* Oracle,50,Easy,14,1,0.228936,1,5.2009
A* Oracle,50,Easy,15,1,0.233945,1,5.2019
A* Oracle,50,Easy,16,1,0.246754,1,5.2024
A* Oracle,50,Easy,17,1,0.23001,1,5.2024
A* Oracle,50,Easy,18,1,0.22965,1,5.2014
A* Oracle,50,Easy,19,1,0.231114,1,5.2014
A* Oracle,50,Easy,20,1,0.242467,1,5.2009
A* Oracle,50,Easy,21,1,0.237689,1,5.2009
A* Oracle,50,Easy,22,1,0.233689,1,5.1999
A* Oracle,50,Easy,23,2,0.233428,1,5.1999
A* Oracle,50,Easy,24,1,0.235205,1,5.1999
A* Oracle,50,Easy,25,1,0.230271,1,5.2009
A* Oracle,50,Easy,26,2,0.228663,1,5.2024
A* Oracle,50,Easy,27,1,0.228906,1,5.1999
A* Oracle,50,Easy,28,1,0.229987,1,5.1999
A* Oracle,50,Easy,29,1,0.23092,1,5.1999
A* Oracle,50,Easy,30,1,0.229196,1,5.1994
A* Oracle,50,Easy,31,1,0.229042,1,5.2004
A* Oracle,50,Easy,32,1,0.228632,1,5.2009
A* Oracle,50,Easy,33,1,0.235225,1,5.2014
A* Oracle,50,Easy,34,1,0.23321,1,5.2014
A* Oracle,50,Easy,35,1,0.229616,1,5.2014
A* Oracle,50,Easy,36,2,0.234719,1,5.2004
A* Oracle,50,Easy,37,1,0.233055,1,5.1999
A* Oracle,50,Easy,38,1,0.229428,1,5.2009
A* Oracle,50,Easy,39,1,0.236966,1,5.2009
A* Oracle,50,Easy,40,1,0.231117,1,5.2034
A* Oracle,50,Easy,41,4,0.230212,1,5.2054
A* Oracle,50,Easy,42,1,0.229365,1,5.2059
A* Oracle,50,Easy,43,1,0.229486,1,5.2069
A* Oracle,50,Easy,44,1,0.2307,1,5.2069
A* Oracle,50,Easy,45,2,0.232316,1,5.2049
A* Oracle,50,Easy,46,1,0.238508,1,5.2044
A* Oracle,50,Easy,47,1,0.235464,1,5.2049
A* Oracle,50,Easy,48,3,0.232336,1,5.2084
A* Oracle,50,Easy,49,1,0.233392,1,5.2089
A* Oracle,50,Easy,50,1,0.250311,1,5.2089
A* Oracle,50,Easy,51,1,0.236838,1,5.2084
A* Oracle,50,Easy,52,1,0.228978,1,5.2084
A* Oracle,50,Easy,53,3,0.229523,1,5.2079
A* Oracle,50,Easy,54,1,0.232103,1,5.2079
A* Oracle,50,Easy,55,1,0.232793,1,5.2074
A* Oracle,50,Easy,56,1,0.230185,1,5.2069
A* Oracle,50,Easy,57,1,0.231087,1,5.2069
A* Oracle,50,Easy,58,1,0.233009,1,5.2069
A* Oracle,50,Easy,59,1,0.235392,1,5.2084
A* Oracle,50,Easy,60,1,0.231458,1,5.2074
A* Oracle,50,Easy,61,2,0.230933,1,5.2079
A* Oracle,50,Easy,62,1,0.232687,1,5.2074
A* Oracle,50,Easy,63,1,0.230275,1,5.2094
A* Oracle,50,Easy,64,1,0.231127,1,5.21589
A* Oracle,50,Easy,65,2,0.233101,1,5.21139
A* Oracle,50,Easy,66,1,0.233527,1,5.21139
A* Oracle,50,Easy,67,1,0.237335,1,5.21189
A* Oracle,50,Easy,68,1,0.23338,1,5.2089
A* Oracle,50,Easy,69,1,0.231634,1,5.2024
A* Oracle,50,Easy,70,1,0.236053,1,5.2039
A* Oracle,50,Easy,71,1,0.232624,1,5.2044
A* Oracle,50,Easy,72,1,0.238749,1,5.2039
A* Oracle,50,Easy,73,1,0.235023,1,5.2039
A* Oracle,50,Easy,74,1,0.23381,1,5.2044
A* Oracle,50,Easy,75,1,0.23464,1,5.2039
A* Oracle,50,Easy,76,1,0.238847,1,5.2044
A* Oracle,50,Easy,77,1,0.23864,1,5.2039
A* Oracle,50,Easy,78,1,0.233913,1,5.2049
A* Oracle,50,Easy,79,1,0.253136,1,5.2049
A* Oracle,50,Easy,80,1,0.230378,1,5.2054
A* Oracle,50,Easy,81,1,0.233086,1,5.2054
A* Oracle,50,Easy,82,1,0.233699,1,5.2054
A* Oracle,50,Easy,83,1,0.234184,1,5.2049
A* Oracle,50,Easy,84,1,0.236282,1,5.2064
A* Oracle,50,Easy,85,1,0.234177,1,5.2064
A* Oracle,50,Easy,86,1,0.232576,1,5.2059
A* Oracle,50,Easy,87,1,0.238695,1,5.2064
A* Oracle,50,Easy,88,1,0.242221,1,5.2064
A* Oracle,50,Easy,89,1,0.242738,1,5.2059
A* Oracle,50,Easy,90,1,0.239743,1,5.2059
A* Oracle,50,Easy,91,1,0.232016,1,5.2059
A* Oracle,50,Easy,92,2,0.2325,1,5.2049
A* Oracle,50,Easy,93,1,0.235522,1,5.2049
A* Oracle,50,Easy,94,1,0.233433,1,5.2034
A* Oracle,50,Easy,95,1,0.233593,1,5.2039
A* Oracle,50,Easy,96,1,0.237232,1,5.2034
A* Oracle,50,Easy,97,1,0.238059,1,5.21589
A* Oracle,50,Easy,98,1,0.240219,1,5.21639
A* Oracle,50,Easy,99,1,0.233692,1,5.21639
A* Oracle,50,Easy,100,1,0.235909,1,5.21589
HierarchySmart,50,Easy,0,0,0,1,5.49525
HierarchySmart,50,Easy,1,1,0.00360771,1,5.49725
HierarchySmart,50,Easy,2,1,0.00348716,1,5.49675
HierarchySmart,50,Easy,3,1,0.00776352,1,5.49625
HierarchySmart,50,Easy,4,1,0.00430646,1,5.49575
HierarchySmart,50,Easy,5,1,0.00896225,1,5.49675
HierarchySmart,50,Easy,6,1,0.00795849,1,5.49875
HierarchySmart,50,Easy,7,1,0.00454962,1,5.49875
HierarchySmart,50,Easy,8,1,0.00846464,1,5.49925
HierarchySmart,50,Easy,9,1,0.0105284,0.9995,5.5
HierarchySmart,50,Easy,10,4,0.027012,0.9995,5.504
HierarchySmart,50,Easy,11,1,0.00820645,0.9995,5.5035
HierarchySmart,50,Easy,12,1,0.00347217,0.9995,5.5125
HierarchySmart,50,Easy,13,1,0.00736321,0.9995,5.513
HierarchySmart,50,Easy,14,1,0.00859185,0.9995,5.514
HierarchySmart,50,Easy,15,1,0.00430739,0.9995,5.516
HierarchySmart,50,Easy,16,1,0.00415023,0.9995,5.5165
HierarchySmart,50,Easy,17,1,0.0084466,0.9995,5.5165
HierarchySmart,50,Easy,18,1,0.00811559,0.9995,5.516
HierarchySmart,50,Easy,19,1,0.00802938,0.9995,5.517
HierarchySmart,50,Easy,20,1,0.00305148,0.9995,5.517
HierarchySmart,50,Easy,21,1,0.00705579,0.9995,5.518
HierarchySmart,50,Easy,22,1,0.00454722,0.999,5.51876
HierarchySmart,50,Easy,23,2,0.00798748,0.999,5.52026
HierarchySmart,50,Easy,24,1,0.00395185,0.999,5.52076
HierarchySmart,50,Easy,25,1,6.36283,0.999,5.5963
HierarchySmart,50,Easy,26,2,0.0194217,0.998501,5.5961
HierarchySmart,50,Easy,27,1,0.0104797,0.998501,5.5986
HierarchySmart,50,Easy,28,1,0.00698417,0.998001,5.5974
HierarchySmart,50,Easy,29,1,0.00694333,0.998001,5.5974
HierarchySmart,50,Easy,30,1,0.00505377,0.998001,5.5979
HierarchySmart,50,Easy,31,1,0.0183465,0.998001,5.5999
HierarchySmart,50,Easy,32,1,0.00675761,0.998001,5.5994
HierarchySmart,50,Easy,33,1,0.00347811,0.998001,5.6024
HierarchySmart,50,Easy,34,1,0.00819381,0.998001,5.60341
HierarchySmart,50,Easy,35,1,0.00514292,0.998001,5.60541
HierarchySmart,50,Easy,36,2,0.00893419,0.997001,5.60501
HierarchySmart,50,Easy,37,1,0.00333643,0.996502,5.60532
HierarchySmart,50,Easy,38,1,0.00440776,0.996502,5.60632
HierarchySmart,50,Easy,39,1,0.00333657,0.996502,5.60632
HierarchySmart,50,Easy,40,1,0.00360134,0.996502,5.61184
HierarchySmart,50,Easy,41,4,0.0263966,0.996002,5.61465
HierarchySmart,50,Easy,42,1,0.00433411,0.996002,5.61565
HierarchySmart,50,Easy,43,1,0.0035731,0.994503,5.61809
HierarchySmart,50,Easy,44,1,2.17379,0.997001,5.60351
HierarchySmart,50,Easy,45,2,0.00854887,0.997001,5.60752
HierarchySmart,50,Easy,46,1,0.0145717,0.997001,5.60301
HierarchySmart,50,Easy,47,1,0.0146603,0.997001,5.60401
HierarchySmart,50,Easy,48,3,0.0236174,0.996002,5.61415
HierarchySmart,50,Easy,49,1,0.00494951,0.996002,5.61465
HierarchySmart,50,Easy,50,1,0.00500551,0.996502,5.61685
HierarchySmart,50,Easy,51,1,1.32562,0.996502,5.62989
HierarchySmart,50,Easy,52,1,2.5626,0.999,5.57429
HierarchySmart,50,Easy,53,3,0.0194546,0.999,5.57579
HierarchySmart,50,Easy,54,1,0.00802396,0.999,5.57579
HierarchySmart,50,Easy,55,1,0.00797325,0.999,5.57579
HierarchySmart,50,Easy,56,1,0.00767726,0.999,5.57529
HierarchySmart,50,Easy,57,1,0.0104871,0.999,5.57529
HierarchySmart,50,Easy,58,1,0.0102534,0.999,5.57529
HierarchySmart,50,Easy,59,1,0.00462254,0.999,5.58279
HierarchySmart,50,Easy,60,1,0.881044,0.999,5.57929
HierarchySmart,50,Easy,61,2,0.00379678,0.999,5.57879
HierarchySmart,50,Easy,62,1,0.0171132,0.998501,5.57858
HierarchySmart,50,Easy,63,1,0.00768783,0.998501,5.59059
HierarchySmart,50,Easy,64,1,0.0129841,0.988506,5.54196
HierarchySmart,50,Easy,65,2,0.0195899,0.988506,5.55359
HierarchySmart,50,Easy,66,1,0.00313656,0.988506,5.5546
HierarchySmart,50,Easy,67,1,1.09963,0.988506,5.55915
HierarchySmart,50,Easy,68,1,0.0170465,0.998001,5.61142
HierarchySmart,50,Easy,69,1,0.00461692,0.998001,5.61142
HierarchySmart,50,Easy,70,1,0.00462566,0.998001,5.61542
HierarchySmart,50,Easy,71,1,0.00816351,0.998001,5.61592
HierarchySmart,50,Easy,72,1,0.00790835,0.998001,5.61242
HierarchySmart,50,Easy,73,1,0.00450966,0.996002,5.6287
HierarchySmart,50,Easy,74,1,0.00766048,0.995002,5.62983
HierarchySmart,50,Easy,75,1,0.00699865,0.995002,5.63034
HierarchySmart,50,Easy,76,1,0.0131013,0.995002,5.63184
HierarchySmart,50,Easy,77,1,0.00390862,0.995002,5.63184
HierarchySmart,50,Easy,78,1,0.00476298,0.995002,5.63385
HierarchySmart,50,Easy,79,1,0.00690426,0.995002,5.63134
HierarchySmart,50,Easy,80,1,0.00623396,0.995002,5.63235
HierarchySmart,50,Easy,81,1,0.00388957,0.995002,5.63235
HierarchySmart,50,Easy,82,1,0.00338605,0.995002,5.63335
HierarchySmart,50,Easy,83,1,0.00489726,0.996502,5.61836
HierarchySmart,50,Easy,84,1,0.00755316,0.995502,5.61747
HierarchySmart,50,Easy,85,1,0.00617029,0.995502,5.61747
HierarchySmart,50,Easy,86,1,0.00753814,0.995502,5.61847
HierarchySmart,50,Easy,87,1,0.00342913,0.995502,5.61898
HierarchySmart,50,Easy,88,1,0.00341176,0.995502,5.61948
HierarchySmart,50,Easy,89,1,0.00322373,0.995502,5.61948
HierarchySmart,50,Easy,90,1,0.00738891,0.995502,5.61948
HierarchySmart,50,Easy,91,1,0.71327,0.995502,5.63956
HierarchySmart,50,Easy,92,2,1.70271,0.996002,5.63623
HierarchySmart,50,Easy,93,1,0.00714995,0.996002,5.63623
HierarchySmart,50,Easy,94,1,0.00702702,0.996002,5.63522
HierarchySmart,50,Easy,95,1,0.00735013,0.996002,5.63573
HierarchySmart,50,Easy,96,1,0.00731664,0.996002,5.63673
HierarchySmart,50,Easy,97,1,0.00425326,0.996002,5.66031
HierarchySmart,50,Easy,98,1,0.00329157,0.996002,5.66081
HierarchySmart,50,Easy,99,1,0.00465711,0.996502,5.65797
HierarchySmart,50,Easy,100,1,0.00700915,0.996502,5.65697
A* Static,50,Medium,0,0,0,1,4.71283
A* Static,50,Medium,1,1,0,0.993217,4.7012
A* Static,50,Medium,2,1,0,0.986998,4.69588
A* Static,50,Medium,3,1,0,0.984737,4.69805
A* Static,50,Medium,4,1,0,0.984172,4.69902
A* Static,50,Medium,5,1,0,0.982476,4.69563
A* Static,50,Medium,6,1,0,0.978519,4.69209
A* Static,50,Medium,7,1,0,0.977954,4.69075
A* Static,50,Medium,8,1,0,0.976823,4.6875
A* Static,50,Medium,9,1,0,0.97004,4.66142
A* Static,50,Medium,10,1,0,0.969474,4.66181
A* Static,50,Medium,11,1,0,0.963256,4.66432
A* Static,50,Medium,12,1,0,0.962691,4.6653
A* Static,50,Medium,13,1,0,0.962125,4.6651
A* Static,50,Medium,14,1,0,0.96043,4.66274
A* Static,50,Medium,15,1,0,0.958734,4.66038
A* Static,50,Medium,16,1,0,0.955342,4.65976
A* Static,50,Medium,17,2,0,0.953081,4.64709
A* Static,50,Medium,18,1,0,0.946297,4.64456
A* Static,50,Medium,19,1,0,0.945732,4.64495
A* Static,50,Medium,20,1,0,0.940644,4.62921
A* Static,50,Medium,21,1,0,0.938383,4.63554
A* Static,50,Medium,22,1,0,0.934992,4.6312
A* Static,50,Medium,23,1,0,0.934426,4.63218
A* Static,50,Medium,24,1,0,0.934426,4.63218
A* Static,50,Medium,25,1,0,0.93273,4.61939
A* Static,50,Medium,26,1,0,0.929904,4.61337
A* Static,50,Medium,27,1,0,0.928773,4.61169
A* Static,50,Medium,28,1,0,0.911815,4.61066
A* Static,50,Medium,29,1,0,0.911815,4.61066
A* Static,50,Medium,30,1,0,0.911249,4.61104
A* Static,50,Medium,31,1,0,0.907292,4.5919
A* Static,50,Medium,32,1,0,0.906727,4.58978
A* Static,50,Medium,33,1,0,0.897682,4.58123
A* Static,50,Medium,34,1,0,0.897682,4.58123
A* Static,50,Medium,35,1,0,0.894291,4.57775
A* Static,50,Medium,36,1,0,0.890899,4.5736
A* Static,50,Medium,37,1,0,0.890334,4.57143
A* Static,50,Medium,38,1,0,0.889768,4.5737
A* Static,50,Medium,39,1,0,0.889203,4.57279
A* Static,50,Medium,40,1,0,0.88355,4.57901
A* Static,50,Medium,41,1,0,0.882985,4.57746
A* Static,50,Medium,42,1,0,0.881854,4.57628
A* Static,50,Medium,43,1,0,0.880158,4.56583
A* Static,50,Medium,44,1,0,0.895421,4.57008
A* Static,50,Medium,45,1,0,0.894291,4.56764
A* Static,50,Medium,46,1,0,0.894291,4.56764
A* Static,50,Medium,47,1,0,0.876767,4.56609
A* Static,50,Medium,48,1,0,0.876767,4.56609
A* Static,50,Medium,49,1,0,0.875636,4.56746
A* Static,50,Medium,50,1,0,0.8632,4.56451
A* Static,50,Medium,51,4,0,0.857547,4.56163
A* Static,50,Medium,52,1,0,0.83437,4.54946
A* Static,50,Medium,53,1,0,0.83437,4.54946
A* Static,50,Medium,54,1,0,0.83437,4.54946
A* Static,50,Medium,55,1,0,0.827021,4.52837
A* Static,50,Medium,56,1,0,0.823629,4.52986
A* Static,50,Medium,57,1,0,0.821933,4.52476
A* Static,50,Medium,58,3,0,0.819672,4.52
A* Static,50,Medium,59,1,0,0.819107,4.51829
A* Static,50,Medium,60,2,0,0.81515,4.52011
A* Static,50,Medium,61,1,0,0.814019,4.51875
A* Static,50,Medium,62,1,0,0.813454,4.5205
A* Static,50,Medium,63,1,0,0.814019,4.52153
A* Static,50,Medium,64,1,0,0.813454,4.51703
A* Static,50,Medium,65,1,0,0.812323,4.51427
A* Static,50,Medium,66,1,0,0.811193,4.51707
A* Static,50,Medium,67,1,0,0.811758,4.51741
A* Static,50,Medium,68,1,0,0.80667,4.51437
A* Static,50,Medium,69,1,0,0.802148,4.49683
A* Static,50,Medium,70,1,0,0.801583,4.49788
A* Static,50,Medium,71,1,0,0.801018,4.49824
A* Static,50,Medium,72,1,0,0.79706,4.49504
A* Static,50,Medium,73,1,0,0.795365,4.49325
A* Static,50,Medium,74,1,0,0.790277,4.48283
A* Static,50,Medium,75,1,0,0.790842,4.48106
A* Static,50,Medium,76,1,0,0.788581,4.48602
A* Static,50,Medium,77,1,0,0.787451,4.486
A* Static,50,Medium,78,1,0,0.786885,4.48563
A* Static,50,Medium,79,1,0,0.786885,4.48563
A* Static,50,Medium,80,1,0,0.78632,4.48454
A* Static,50,Medium,81,1,0,0.785755,4.48345
A* Static,50,Medium,82,1,0,0.785189,4.4838
A* Static,50,Medium,83,1,0,0.784624,4.48415
A* Static,50,Medium,84,1,0,0.784624,4.48415
A* Static,50,Medium,85,1,0,0.781798,4.48012
A* Static,50,Medium,86,1,0,0.781798,4.48012
A* Static,50,Medium,87,1,0,0.780667,4.48009
A* Static,50,Medium,88,1,0,0.780102,4.47826
A* Static,50,Medium,89,1,0,0.779536,4.47353
A* Static,50,Medium,90,1,0,0.778971,4.47242
A* Static,50,Medium,91,2,0,0.778406,4.47131
A* Static,50,Medium,92,1,0,0.77671,4.45852
A* Static,50,Medium,93,1,0,0.77671,4.45852
A* Static,50,Medium,94,1,0,0.779536,4.47426
A* Static,50,Medium,95,1,0,0.775014,4.46389
A* Static,50,Medium,96,1,0,0.773318,4.46053
A* Static,50,Medium,97,1,0,0.771622,4.44396
A* Static,50,Medium,98,1,0,0.771622,4.44396
A* Static,50,Medium,99,1,0,0.770492,4.43947
A* Static,50,Medium,100,1,0,0.766535,4.44248
A* Oracle,50,Medium,0,0,0,1,4.71283
A* Oracle,50,Medium,1,1,0.143045,1,4.7134
A* Oracle,50,Medium,2,1,0.142855,1,4.71849
A* Oracle,50,Medium,3,1,0.146484,1,4.71849
A* Oracle,50,Medium,4,1,0.143954,1,4.71283
A* Oracle,50,Medium,5,1,0.144448,1,4.71283
A* Oracle,50,Medium,6,1,0.146214,1,4.72075
A* Oracle,50,Medium,7,1,0.147066,1,4.72075
A* Oracle,50,Medium,8,1,0.146478,1,4.7117
A* Oracle,50,Medium,9,1,0.146513,1,4.71227
A* Oracle,50,Medium,10,1,0.144396,1,4.7117
A* Oracle,50,Medium,11,1,0.144,1,4.70209
A* Oracle,50,Medium,12,1,0.14324,1,4.70266
A* Oracle,50,Medium,13,1,0.143772,1,4.70209
A* Oracle,50,Medium,14,1,0.143019,1,4.70209
A* Oracle,50,Medium,15,1,0.142055,1,4.70266
A* Oracle,50,Medium,16,1,0.142529,1,4.70322
A* Oracle,50,Medium,17,2,0.142199,0.999435,4.6974
A* Oracle,50,Medium,18,1,0.142143,0.999435,4.6974
A* Oracle,50,Medium,19,1,0.14312,0.998869,4.69779
A* Oracle,50,Medium,20,1,0.142209,0.998869,4.70006
A* Oracle,50,Medium,21,1,0.14257,0.998869,4.69949
A* Oracle,50,Medium,22,1,0.143411,0.998869,4.69723
A* Oracle,50,Medium,23,1,0.142586,0.998869,4.6927
A* Oracle,50,Medium,24,1,0.143122,0.998869,4.69327
A* Oracle,50,Medium,25,1,0.143697,0.998869,4.69383
A* Oracle,50,Medium,26,1,0.143284,0.998869,4.68987
A* Oracle,50,Medium,27,1,0.142494,0.998869,4.68987
A* Oracle,50,Medium,28,1,0.143683,0.998869,4.6961
A* Oracle,50,Medium,29,1,0.143064,0.998869,4.6961
A* Oracle,50,Medium,30,1,0.14492,0.998869,4.6961
A* Oracle,50,Medium,31,1,0.144886,0.998869,4.69553
A* Oracle,50,Medium,32,1,0.144927,0.998869,4.69553
A* Oracle,50,Medium,33,1,0.143856,0.998869,4.69666
A* Oracle,50,Medium,34,1,0.144543,0.998869,4.69779
A* Oracle,50,Medium,35,1,0.144233,0.998869,4.69723
A* Oracle,50,Medium,36,1,0.144801,0.998869,4.70062
A* Oracle,50,Medium,37,1,0.145211,0.998869,4.70175
A* Oracle,50,Medium,38,1,0.144714,0.998869,4.70175
A* Oracle,50,Medium,39,1,0.143589,0.998869,4.70119
A* Oracle,50,Medium,40,1,0.144526,0.998869,4.70628
A* Oracle,50,Medium,41,1,0.144561,0.998869,4.70572
A* Oracle,50,Medium,42,1,0.144996,0.998869,4.70458
A* Oracle,50,Medium,43,1,0.14826,0.998869,4.70572
A* Oracle,50,Medium,44,1,0.144215,0.998869,4.69949
A* Oracle,50,Medium,45,1,0.144783,0.998869,4.69892
A* Oracle,50,Medium,46,1,0.143999,0.998869,4.6961
A* Oracle,50,Medium,47,1,0.144581,0.998869,4.69553
A* Oracle,50,Medium,48,1,0.143744,0.998869,4.69553
A* Oracle,50,Medium,49,1,0.146561,0.998869,4.69496
A* Oracle,50,Medium,50,1,0.142996,0.998869,4.69383
A* Oracle,50,Medium,51,4,0.144674,0.998869,4.70798
A* Oracle,50,Medium,52,1,0.143597,0.998869,4.70628
A* Oracle,50,Medium,53,1,0.144364,0.998869,4.70628
A* Oracle,50,Medium,54,1,0.143518,0.998869,4.70628
A* Oracle,50,Medium,55,1,0.141783,0.998869,4.69892
A* Oracle,50,Medium,56,1,0.14183,0.998869,4.70232
A* Oracle,50,Medium,57,1,0.144668,0.998869,4.70628
A* Oracle,50,Medium,58,3,0.148474,0.998869,4.70402
A* Oracle,50,Medium,59,1,0.143561,0.998869,4.70345
A* Oracle,50,Medium,60,2,0.143927,0.998869,4.70345
A* Oracle,50,Medium,61,1,0.142792,0.998869,4.70402
A* Oracle,50,Medium,62,1,0.143653,0.998869,4.70345
A* Oracle,50,Medium,63,1,0.142509,0.998869,4.69949
A* Oracle,50,Medium,64,1,0.142745,0.998869,4.70006
A* Oracle,50,Medium,65,1,0.1432,0.998869,4.70062
A* Oracle,50,Medium,66,1,0.142733,0.998869,4.70062
A* Oracle,50,Medium,67,1,0.143326,0.998869,4.70006
A* Oracle,50,Medium,68,1,0.143616,0.998869,4.70685
A* Oracle,50,Medium,69,1,0.14375,0.998869,4.70685
A* Oracle,50,Medium,70,1,0.143839,0.998869,4.70119
A* Oracle,50,Medium,71,1,0.143642,0.998869,4.70062
A* Oracle,50,Medium,72,1,0.144631,0.998869,4.70062
A* Oracle,50,Medium,73,1,0.144319,0.998869,4.70175
A* Oracle,50,Medium,74,1,0.144082,0.998869,4.69723
A* Oracle,50,Medium,75,1,0.143403,0.998869,4.69779
A* Oracle,50,Medium,76,1,0.143969,0.998869,4.69949
A* Oracle,50,Medium,77,1,0.143899,0.998869,4.69949
A* Oracle,50,Medium,78,1,0.143228,0.998869,4.69949
A* Oracle,50,Medium,79,1,0.143163,0.998869,4.69836
A* Oracle,50,Medium,80,1,0.143687,0.998869,4.69779
A* Oracle,50,Medium,81,1,0.142756,0.998869,4.69723
A* Oracle,50,Medium,82,1,0.144281,0.998869,4.69723
A* Oracle,50,Medium,83,1,0.144361,0.998869,4.69553
A* Oracle,50,Medium,84,1,0.143586,0.998869,4.69553
A* Oracle,50,Medium,85,1,0.144251,0.998869,4.69327
A* Oracle,50,Medium,86,1,0.14415,0.998869,4.68817
A* Oracle,50,Medium,87,1,0.145757,0.998869,4.69779
A* Oracle,50,Medium,88,1,0.143154,0.998869,4.69779
A* Oracle,50,Medium,89,1,0.139183,0.998869,4.67855
A* Oracle,50,Medium,90,1,0.139751,0.998869,4.67912
A* Oracle,50,Medium,91,2,0.139185,0.998869,4.67742
A* Oracle,50,Medium,92,1,0.138777,0.998869,4.67799
A* Oracle,50,Medium,93,1,0.139429,0.998869,4.67629
A* Oracle,50,Medium,94,1,0.141282,0.998869,4.67572
A* Oracle,50,Medium,95,1,0.138403,0.998869,4.67572
A* Oracle,50,Medium,96,1,0.138861,0.998869,4.67516
A* Oracle,50,Medium,97,1,0.140017,0.998869,4.67459
A* Oracle,50,Medium,98,1,0.140041,0.998869,4.67516
A* Oracle,50,Medium,99,1,0.140271,0.998869,4.67459
A* Oracle,50,Medium,100,1,0.140754,0.998869,4.67176
HierarchySmart,50,Medium,0,0,0,1,5.1091
HierarchySmart,50,Medium,1,1,0.00283463,0.996608,5.11288
HierarchySmart,50,Medium,2,1,0.709283,0.996608,5.15201
HierarchySmart,50,Medium,3,1,0.00431878,0.996043,5.15267
HierarchySmart,50,Medium,4,1,0.00362084,0.996043,5.1521
HierarchySmart,50,Medium,5,1,0.00698621,0.996043,5.1521
HierarchySmart,50,Medium,6,1,0.0070469,0.996043,5.1521
HierarchySmart,50,Medium,7,1,0.00429651,0.996043,5.15267
HierarchySmart,50,Medium,8,1,0.00575495,0.996043,5.15607
HierarchySmart,50,Medium,9,1,6.25906,0.996608,5.14124
HierarchySmart,50,Medium,10,1,0.00563796,0.996608,5.14067
HierarchySmart,50,Medium,11,1,0.00475807,0.996043,5.15948
HierarchySmart,50,Medium,12,1,0.00664077,0.996043,5.15948
HierarchySmart,50,Medium,13,1,0.00623314,0.996043,5.15948
HierarchySmart,50,Medium,14,1,0.00421254,0.996043,5.16345
HierarchySmart,50,Medium,15,1,0.00621282,0.996043,5.16459
HierarchySmart,50,Medium,16,1,1.49424,0.996043,5.17537
HierarchySmart,50,Medium,17,2,0.0137593,0.995478,5.16922
HierarchySmart,50,Medium,18,1,0.00329777,0.995478,5.16979
HierarchySmart,50,Medium,19,1,0.00594419,0.994912,5.16989
HierarchySmart,50,Medium,20,1,0.00430098,0.993782,5.18089
HierarchySmart,50,Medium,21,1,0.00186535,0.993782,5.17861
HierarchySmart,50,Medium,22,1,0.00441306,0.993782,5.17975
HierarchySmart,50,Medium,23,1,0.00466056,0.993782,5.17918
HierarchySmart,50,Medium,24,1,0.00635625,0.993782,5.17975
HierarchySmart,50,Medium,25,1,0.00730814,0.990955,5.15459
HierarchySmart,50,Medium,26,1,0.00674625,0.990955,5.15459
HierarchySmart,50,Medium,27,1,0.00423847,0.990955,5.15459
HierarchySmart,50,Medium,28,1,0.506043,0.994347,5.14611
HierarchySmart,50,Medium,29,1,0.00360838,0.994347,5.14611
HierarchySmart,50,Medium,30,1,0.00680254,0.994347,5.14554
HierarchySmart,50,Medium,31,1,0.00672128,0.994347,5.14383
HierarchySmart,50,Medium,32,1,0.00597849,0.993782,5.14278
HierarchySmart,50,Medium,33,1,0.00624589,0.993782,5.14334
HierarchySmart,50,Medium,34,1,1.25797,0.993782,5.18601
HierarchySmart,50,Medium,35,1,0.00385217,0.992651,5.18679
HierarchySmart,50,Medium,36,1,0.00695167,0.992086,5.18234
HierarchySmart,50,Medium,37,1,0.00696995,0.992086,5.18348
HierarchySmart,50,Medium,38,1,0.00667771,0.992086,5.18405
HierarchySmart,50,Medium,39,1,0.00480805,0.992086,5.18348
HierarchySmart,50,Medium,40,1,0.97217,0.992651,5.17084
HierarchySmart,50,Medium,41,1,0.00643637,0.992651,5.17084
HierarchySmart,50,Medium,42,1,0.002879,0.992651,5.17084
HierarchySmart,50,Medium,43,1,0.00732669,0.993217,5.17587
HierarchySmart,50,Medium,44,1,0.00308774,0.993217,5.17473
HierarchySmart,50,Medium,45,1,0.00398465,0.993217,5.17587
HierarchySmart,50,Medium,46,1,2.46012,0.996608,5.11174
HierarchySmart,50,Medium,47,1,0.921226,0.996608,5.11004
HierarchySmart,50,Medium,48,1,0.00617858,0.996608,5.11061
HierarchySmart,50,Medium,49,1,0.0103703,0.996608,5.15542
HierarchySmart,50,Medium,50,1,0.00604128,0.996608,5.15598
HierarchySmart,50,Medium,51,4,0.74412,0.993782,5.18032
HierarchySmart,50,Medium,52,1,0.00364637,0.993782,5.20023
HierarchySmart,50,Medium,53,1,0.00334796,0.993782,5.20023
HierarchySmart,50,Medium,54,1,0.00458526,0.993782,5.20023
HierarchySmart,50,Medium,55,1,0.00949014,0.993782,5.21217
HierarchySmart,50,Medium,56,1,2.51353,0.996608,5.17357
HierarchySmart,50,Medium,57,1,0.00436224,0.997174,5.17574
HierarchySmart,50,Medium,58,3,0.00755323,0.997174,5.18197
HierarchySmart,50,Medium,59,1,0.00274587,0.997174,5.18084
HierarchySmart,50,Medium,60,2,0.0084711,0.997174,5.18027
HierarchySmart,50,Medium,61,1,0.0061096,0.997174,5.17914
HierarchySmart,50,Medium,62,1,0.00301565,0.996608,5.18094
HierarchySmart,50,Medium,63,1,0.00418026,0.997174,5.17857
HierarchySmart,50,Medium,64,1,0.00712572,0.997174,5.17971
HierarchySmart,50,Medium,65,1,0.00435771,0.997174,5.18027
HierarchySmart,50,Medium,66,1,0.00269274,0.997174,5.17914
HierarchySmart,50,Medium,67,1,0.0027498,0.996608,5.17867
HierarchySmart,50,Medium,68,1,0.00604529,0.996608,5.20647
HierarchySmart,50,Medium,69,1,3.21734,0.997174,5.09864
HierarchySmart,50,Medium,70,1,0.800352,0.997739,5.09405
HierarchySmart,50,Medium,71,1,0.00573677,0.997739,5.09462
HierarchySmart,50,Medium,72,1,0.00649711,0.994912,5.1
HierarchySmart,50,Medium,73,1,0.00421654,0.994347,5.10176
HierarchySmart,50,Medium,74,1,0.00277791,0.994347,5.10688
HierarchySmart,50,Medium,75,1,0.00289091,0.994347,5.10745
HierarchySmart,50,Medium,76,1,0.00182128,0.994347,5.10972
HierarchySmart,50,Medium,77,1,0.00588303,0.993782,5.11035
HierarchySmart,50,Medium,78,1,0.00645465,0.993782,5.11035
HierarchySmart,50,Medium,79,1,2.58589,0.997174,5.09864
HierarchySmart,50,Medium,80,1,0.00452311,0.997174,5.09864
HierarchySmart,50,Medium,81,1,0.00410705,0.997174,5.10034
HierarchySmart,50,Medium,82,1,0.00179903,0.997174,5.10034
HierarchySmart,50,Medium,83,1,0.00378076,0.997174,5.09977
HierarchySmart,50,Medium,84,1,0.00279006,0.997174,5.09977
HierarchySmart,50,Medium,85,1,0.0043696,0.997174,5.10034
HierarchySmart,50,Medium,86,1,0.00688311,0.996608,5.09586
HierarchySmart,50,Medium,87,1,1.53717,0.996608,5.14351
HierarchySmart,50,Medium,88,1,0.00541208,0.996608,5.14351
HierarchySmart,50,Medium,89,1,0.00695821,0.996608,5.14351
HierarchySmart,50,Medium,90,1,0.014757,0.996608,5.14407
HierarchySmart,50,Medium,91,2,0.00798005,0.996608,5.1418
HierarchySmart,50,Medium,92,1,0.00909061,0.996608,5.14294
HierarchySmart,50,Medium,93,1,0.00646129,0.997174,5.14626
HierarchySmart,50,Medium,94,1,2.06029,0.997174,5.1746
HierarchySmart,50,Medium,95,1,0.00677846,0.997174,5.17517
HierarchySmart,50,Medium,96,1,1.03378,0.997174,5.20238
HierarchySmart,50,Medium,97,1,0.00845789,0.997174,5.20238
HierarchySmart,50,Medium,98,1,0.828555,0.997174,5.22676
HierarchySmart,50,Medium,99,1,0.00733153,0.997174,5.22619
HierarchySmart,50,Medium,100,1,0.00648123,0.997174,5.22902
A* Static,50,Hard,0,0,0,0.996755,9.40885
A* Static,50,Hard,1,1,0,0.99416,9.39883
A* Static,50,Hard,2,2,0,0.992213,9.40353
A* Static,50,Hard,3,1,0,0.992213,9.40353
A* Static,50,Hard,4,1,0,0.988319,9.41891
A* Static,50,Hard,5,1,0,0.97599,9.35106
A* Static,50,Hard,6,1,0,0.972096,9.31509
A* Static,50,Hard,7,1,0,0.971447,9.31463
A* Static,50,Hard,8,4,0,0.953926,9.2034
A* Static,50,Hard,9,1,0,0.95133,9.20055
A* Static,50,Hard,10,1,0,0.933809,9.24044
A* Static,50,Hard,11,1,0,0.889033,8.79489
A* Static,50,Hard,12,1,0,0.888384,8.79547
A* Static,50,Hard,13,1,0,0.882544,8.80074
A* Static,50,Hard,14,1,0,0.881895,8.80059
A* Static,50,Hard,15,1,0,0.869565,8.66269
A* Static,50,Hard,16,2,0,0.868267,8.66517
A* Static,50,Hard,17,1,0,0.867618,8.66567
A* Static,50,Hard,18,1,0,0.86697,8.67066
A* Static,50,Hard,19,1,0,0.86697,8.67066
A* Static,50,Hard,20,1,0,0.865672,8.64543
A* Static,50,Hard,21,1,0,0.85464,8.68793
A* Static,50,Hard,22,1,0,0.852693,8.67352
A* Static,50,Hard,23,1,0,0.852693,8.67352
A* Static,50,Hard,24,1,0,0.851395,8.66616
A* Static,50,Hard,25,1,0,0.851395,8.66616
A* Static,50,Hard,26,1,0,0.837119,8.64496
A* Static,50,Hard,27,1,0,0.83647,8.64624
A* Static,50,Hard,28,1,0,0.835172,8.65423
A* Static,50,Hard,29,1,0,0.835172,8.65423
A* Static,50,Hard,30,1,0,0.833874,8.62335
A* Static,50,Hard,31,1,0,0.833874,8.62335
A* Static,50,Hard,32,1,0,0.830629,8.64453
A* Static,50,Hard,33,1,0,0.829332,8.64945
A* Static,50,Hard,34,1,0,0.825438,8.66588
A* Static,50,Hard,35,1,0,0.824789,8.66404
A* Static,50,Hard,36,1,0,0.778066,7.93078
A* Static,50,Hard,37,2,0,0.756652,7.58576
A* Static,50,Hard,38,1,0,0.756652,7.58576
A* Static,50,Hard,39,2,0,0.750811,7.56266
A* Static,50,Hard,40,1,0,0.748215,7.53339
A* Static,50,Hard,41,1,0,0.746269,7.50348
A* Static,50,Hard,42,1,0,0.74562,7.49173
A* Static,50,Hard,43,1,0,0.744971,7.48606
A* Static,50,Hard,44,1,0,0.744322,7.47602
A* Static,50,Hard,45,1,0,0.743024,7.47598
A* Static,50,Hard,46,1,0,0.742375,7.47727
A* Static,50,Hard,47,1,0,0.742375,7.47727
A* Static,50,Hard,48,1,0,0.724854,6.95703
A* Static,50,Hard,49,1,0,0.724205,6.94803
A* Static,50,Hard,50,1,0,0.723556,6.94529
A* Static,50,Hard,51,1,0,0.724205,6.94534
A* Static,50,Hard,52,1,0,0.724205,6.94534
A* Static,50,Hard,53,1,0,0.70928,6.7118
A* Static,50,Hard,54,1,0,0.705386,6.70101
A* Static,50,Hard,55,1,0,0.704737,6.69613
A* Static,50,Hard,56,1,0,0.703439,6.69926
A* Static,50,Hard,57,1,0,0.703439,6.69926
A* Static,50,Hard,58,1,0,0.703439,6.69926
A* Static,50,Hard,59,1,0,0.702141,6.69778
A* Static,50,Hard,60,1,0,0.711875,6.7557
A* Static,50,Hard,61,1,0,0.712524,6.75228
A* Static,50,Hard,62,1,0,0.711226,6.76004
A* Static,50,Hard,63,1,0,0.70928,6.75755
A* Static,50,Hard,64,1,0,0.707333,6.76147
A* Static,50,Hard,65,1,0,0.704737,6.7698
A* Static,50,Hard,66,1,0,0.704088,6.77235
A* Static,50,Hard,67,1,0,0.703439,6.77399
A* Static,50,Hard,68,1,0,0.703439,6.77399
A* Static,50,Hard,69,1,0,0.699546,6.67161
A* Static,50,Hard,70,1,0,0.689163,6.54331
A* Static,50,Hard,71,1,0,0.686567,6.55104
A* Static,50,Hard,72,1,0,0.685918,6.55345
A* Static,50,Hard,73,1,0,0.68462,6.55924
A* Static,50,Hard,74,1,0,0.67878,6.56597
A* Static,50,Hard,75,4,0,0.677482,6.56226
A* Static,50,Hard,76,1,0,0.677482,6.56226
A* Static,50,Hard,77,1,0,0.670344,6.52565
A* Static,50,Hard,78,2,0,0.669695,6.52713
A* Static,50,Hard,79,1,0,0.667099,6.52237
A* Static,50,Hard,80,1,0,0.665801,6.53021
A* Static,50,Hard,81,6,0,0.644387,6.4572
A* Static,50,Hard,82,1,0,0.64244,6.46263
A* Static,50,Hard,83,1,0,0.64244,6.46263
A* Static,50,Hard,84,1,0,0.640493,6.46809
A* Static,50,Hard,85,1,0,0.639844,6.46957
A* Static,50,Hard,86,1,0,0.615834,6.4647
A* Static,50,Hard,87,1,0,0.61194,6.47826
A* Static,50,Hard,88,1,0,0.611291,6.48089
A* Static,50,Hard,89,2,0,0.611291,6.48089
A* Static,50,Hard,90,1,0,0.612589,6.48305
A* Static,50,Hard,91,1,0,0.607398,6.43803
A* Static,50,Hard,92,1,0,0.607398,6.43803
A* Static,50,Hard,93,1,0,0.606749,6.44278
A* Static,50,Hard,94,1,0,0.6061,6.44647
A* Static,50,Hard,95,1,0,0.604802,6.44206
A* Static,50,Hard,96,2,0,0.604802,6.44206
A* Static,50,Hard,97,1,0,0.604153,6.44683
A* Static,50,Hard,98,1,0,0.602206,6.45905
A* Static,50,Hard,99,1,0,0.602206,6.45905
A* Static,50,Hard,100,1,0,0.600909,6.44708
A* Oracle,50,Hard,0,0,0,0.996755,9.40885
A* Oracle,50,Hard,1,1,0.222886,0.996755,9.41016
A* Oracle,50,Hard,2,2,0.223169,0.996755,9.41146
A* Oracle,50,Hard,3,1,0.222701,0.997404,9.41444
A* Oracle,50,Hard,4,1,0.222888,0.997404,9.41444
A* Oracle,50,Hard,5,1,0.220484,0.997404,9.42811
A* Oracle,50,Hard,6,1,0.217793,0.997404,9.42941
A* Oracle,50,Hard,7,1,0.217473,0.997404,9.42811
A* Oracle,50,Hard,8,4,0.216749,0.997404,9.40989
A* Oracle,50,Hard,9,1,0.220612,0.997404,9.41444
A* Oracle,50,Hard,10,1,0.220308,0.997404,9.41574
A* Oracle,50,Hard,11,1,0.21776,0.997404,9.42225
A* Oracle,50,Hard,12,1,0.218276,0.997404,9.4229
A* Oracle,50,Hard,13,1,0.217934,0.997404,9.43526
A* Oracle,50,Hard,14,1,0.22237,0.997404,9.43526
A* Oracle,50,Hard,15,1,0.22016,0.997404,9.44697
A* Oracle,50,Hard,16,2,0.219755,0.997404,9.44567
A* Oracle,50,Hard,17,1,0.219284,0.997404,9.44242
A* Oracle,50,Hard,18,1,0.218407,0.997404,9.44242
A* Oracle,50,Hard,19,1,0.215717,0.997404,9.44242
A* Oracle,50,Hard,20,1,0.217614,0.997404,9.44242
A* Oracle,50,Hard,21,1,0.216676,0.997404,9.44047
A* Oracle,50,Hard,22,1,0.219459,0.997404,9.44047
A* Oracle,50,Hard,23,1,0.219924,0.997404,9.46129
A* Oracle,50,Hard,24,1,0.22069,0.997404,9.46194
A* Oracle,50,Hard,25,1,0.222548,0.997404,9.46194
A* Oracle,50,Hard,26,1,0.222362,0.997404,9.46259
A* Oracle,50,Hard,27,1,0.223139,0.996755,9.46419
A* Oracle,50,Hard,28,1,0.222669,0.996755,9.46419
A* Oracle,50,Hard,29,1,0.219708,0.996755,9.46419
A* Oracle,50,Hard,30,1,0.220177,0.996755,9.46354
A* Oracle,50,Hard,31,1,0.22235,0.996755,9.47005
A* Oracle,50,Hard,32,1,0.223151,0.996755,9.4694
A* Oracle,50,Hard,33,1,0.222633,0.996755,9.4694
A* Oracle,50,Hard,34,1,0.22323,0.996755,9.46745
A* Oracle,50,Hard,35,1,0.224157,0.996755,9.4681
A* Oracle,50,Hard,36,1,0.22559,0.996755,9.55143
A* Oracle,50,Hard,37,2,0.221455,0.996755,9.55078
A* Oracle,50,Hard,38,1,0.222461,0.996755,9.55208
A* Oracle,50,Hard,39,2,0.222519,0.996755,9.55404
A* Oracle,50,Hard,40,1,0.222479,0.996755,9.55469
A* Oracle,50,Hard,41,1,0.222351,0.996755,9.55339
A* Oracle,50,Hard,42,1,0.225655,0.996755,9.55208
A* Oracle,50,Hard,43,1,0.222641,0.996755,9.55208
A* Oracle,50,Hard,44,1,0.223017,0.996755,9.55078
A* Oracle,50,Hard,45,1,0.223456,0.996755,9.55143
A* Oracle,50,Hard,46,1,0.225196,0.996755,9.55078
A* Oracle,50,Hard,47,1,0.22591,0.996755,9.54883
A* Oracle,50,Hard,48,1,0.221961,0.996755,9.54622
A* Oracle,50,Hard,49,1,0.221665,0.996755,9.53906
A* Oracle,50,Hard,50,1,0.222793,0.996755,9.53841
A* Oracle,50,Hard,51,1,0.224025,0.997404,9.53676
A* Oracle,50,Hard,52,1,0.223435,0.997404,9.53546
A* Oracle,50,Hard,53,1,0.224257,0.997404,9.53806
A* Oracle,50,Hard,54,1,0.223363,0.997404,9.53871
A* Oracle,50,Hard,55,1,0.222593,0.997404,9.53806
A* Oracle,50,Hard,56,1,0.222558,0.997404,9.53871
A* Oracle,50,Hard,57,1,0.226216,0.997404,9.53936
A* Oracle,50,Hard,58,1,0.2264,0.997404,9.45283
A* Oracle,50,Hard,59,1,0.226456,0.997404,9.45153
A* Oracle,50,Hard,60,1,0.2257,0.997404,9.45153
A* Oracle,50,Hard,61,1,0.226741,0.997404,9.45088
A* Oracle,50,Hard,62,1,0.225335,0.997404,9.41119
A* Oracle,50,Hard,63,1,0.225931,0.997404,9.40599
A* Oracle,50,Hard,64,1,0.225129,0.997404,9.40468
A* Oracle,50,Hard,65,1,0.226018,0.997404,9.40013
A* Oracle,50,Hard,66,1,0.225756,0.997404,9.39883
A* Oracle,50,Hard,67,1,0.22584,0.997404,9.39883
A* Oracle,50,Hard,68,1,0.225386,0.997404,9.39883
A* Oracle,50,Hard,69,1,0.220929,0.997404,9.39948
A* Oracle,50,Hard,70,1,0.22311,0.997404,9.46975
A* Oracle,50,Hard,71,1,0.223299,0.997404,9.4691
A* Oracle,50,Hard,72,1,0.223508,0.997404,9.4691
A* Oracle,50,Hard,73,1,0.223667,0.997404,9.46975
A* Oracle,50,Hard,74,1,0.223932,0.997404,9.4704
A* Oracle,50,Hard,75,4,0.228919,0.997404,9.44372
A* Oracle,50,Hard,76,1,0.216743,0.997404,9.44372
A* Oracle,50,Hard,77,1,0.221865,0.997404,9.44763
A* Oracle,50,Hard,78,2,0.223338,0.997404,9.45088
A* Oracle,50,Hard,79,1,0.230195,0.997404,9.45218
A* Oracle,50,Hard,80,1,0.222806,0.997404,9.45348
A* Oracle,50,Hard,81,6,0.231488,0.997404,9.46714
A* Oracle,50,Hard,82,1,0.237203,0.997404,9.46845
A* Oracle,50,Hard,83,1,0.226911,0.997404,9.46779
A* Oracle,50,Hard,84,1,0.224838,0.997404,9.46779
A* Oracle,50,Hard,85,1,0.225703,0.996755,9.4707
A* Oracle,50,Hard,86,1,0.225552,0.996755,9.48828
A* Oracle,50,Hard,87,1,0.226301,0.996755,9.48828
A* Oracle,50,Hard,88,1,0.229955,0.996755,9.48828
A* Oracle,50,Hard,89,2,0.221391,0.996106,9.49055
A* Oracle,50,Hard,90,1,0.220279,0.996106,9.49186
A* Oracle,50,Hard,91,1,0.220963,0.996106,9.49251
A* Oracle,50,Hard,92,1,0.217598,0.996106,9.49316
A* Oracle,50,Hard,93,1,0.220069,0.996106,9.49251
A* Oracle,50,Hard,94,1,0.217806,0.996106,9.49251
A* Oracle,50,Hard,95,1,0.219248,0.996106,9.49316
A* Oracle,50,Hard,96,2,0.220128,0.996755,9.49089
A* Oracle,50,Hard,97,1,0.22323,0.996755,9.49089
A* Oracle,50,Hard,98,1,0.222587,0.996755,9.49089
A* Oracle,50,Hard,99,1,0.221549,0.996755,9.49154
A* Oracle,50,Hard,100,1,0.222221,0.996755,9.49284
HierarchySmart,50,Hard,0,0,0,0.883842,8.51322
HierarchySmart,50,Hard,1,1,0.00655939,0.883193,8.50184
HierarchySmart,50,Hard,2,2,0.00837262,0.881895,8.50993
HierarchySmart,50,Hard,3,1,0.00673346,0.882544,8.52132
HierarchySmart,50,Hard,4,1,0.00223106,0.882544,8.52574
HierarchySmart,50,Hard,5,1,1.7765,0.882544,8.48824
HierarchySmart,50,Hard,6,1,0.0178717,0.882544,8.49632
HierarchySmart,50,Hard,7,1,0.00418971,0.882544,8.49632
HierarchySmart,50,Hard,8,4,0.0117813,0.874757,8.41617
HierarchySmart,50,Hard,9,1,0.00569241,0.874757,8.44065
HierarchySmart,50,Hard,10,1,0.0019936,0.874757,8.44288
HierarchySmart,50,Hard,11,1,0.00771727,0.874757,8.4451
HierarchySmart,50,Hard,12,1,0.00655167,0.872161,8.43824
HierarchySmart,50,Hard,13,1,4.13923,0.877352,8.49482
HierarchySmart,50,Hard,14,1,4.30983,0.879948,8.56195
HierarchySmart,50,Hard,15,1,0.00869545,0.870863,8.56334
HierarchySmart,50,Hard,16,2,0.00700959,0.870863,8.56557
HierarchySmart,50,Hard,17,1,13.1024,0.900065,8.32516
HierarchySmart,50,Hard,18,1,0.00310747,0.900065,8.32516
HierarchySmart,50,Hard,19,1,5.26789,0.900065,8.35328
HierarchySmart,50,Hard,20,1,0.00873452,0.900065,8.35328
HierarchySmart,50,Hard,21,1,0.0024371,0.900065,8.35616
HierarchySmart,50,Hard,22,1,0.00505174,0.900065,8.35616
HierarchySmart,50,Hard,23,1,4.19802,0.900065,8.53785
HierarchySmart,50,Hard,24,1,0.00508917,0.900065,8.54074
HierarchySmart,50,Hard,25,1,6.15727,0.900065,8.4845
HierarchySmart,50,Hard,26,1,0.00540718,0.900065,8.48522
HierarchySmart,50,Hard,27,1,0.868169,0.899416,8.49495
HierarchySmart,50,Hard,28,1,0.00289891,0.899416,8.49784
HierarchySmart,50,Hard,29,1,0.00893217,0.899416,8.49928
HierarchySmart,50,Hard,30,1,0.0164764,0.899416,8.49928
HierarchySmart,50,Hard,31,1,0.0131212,0.899416,8.49928
HierarchySmart,50,Hard,32,1,0.794287,0.899416,8.48918
HierarchySmart,50,Hard,33,1,0.00216267,0.899416,8.49351
HierarchySmart,50,Hard,34,1,0.00278518,0.899416,8.49495
HierarchySmart,50,Hard,35,1,0.00815565,0.899416,8.49711
HierarchySmart,50,Hard,36,1,0.00444905,0.899416,8.49784
HierarchySmart,50,Hard,37,2,0.0214002,0.89682,8.54631
HierarchySmart,50,Hard,38,1,0.0168978,0.89682,8.54631
HierarchySmart,50,Hard,39,2,0.0165651,0.89682,8.55137
HierarchySmart,50,Hard,40,1,0.00943557,0.89682,8.55282
HierarchySmart,50,Hard,41,1,0.00891849,0.89682,8.55355
HierarchySmart,50,Hard,42,1,0.00875,0.89682,8.55355
HierarchySmart,50,Hard,43,1,0.0140159,0.89682,8.55427
HierarchySmart,50,Hard,44,1,0.0156509,0.889682,8.43472
HierarchySmart,50,Hard,45,1,0.00486304,0.889682,8.43618
HierarchySmart,50,Hard,46,1,0.00500556,0.889682,8.43691
HierarchySmart,50,Hard,47,1,0.00332723,0.889682,8.43837
HierarchySmart,50,Hard,48,1,0.0168487,0.889682,8.43837
HierarchySmart,50,Hard,49,1,0.016943,0.889682,8.44274
HierarchySmart,50,Hard,50,1,0.00789499,0.889682,8.44201
HierarchySmart,50,Hard,51,1,0.00210828,0.890331,8.44315
HierarchySmart,50,Hard,52,1,0.0163648,0.890331,8.44315
HierarchySmart,50,Hard,53,1,0.00704526,0.890331,8.44606
HierarchySmart,50,Hard,54,1,0.00468135,0.890331,8.44825
HierarchySmart,50,Hard,55,1,0.00501103,0.890331,8.44825
HierarchySmart,50,Hard,56,1,0.00603801,0.890331,8.44898
HierarchySmart,50,Hard,57,1,0.00880438,0.890331,8.44898
HierarchySmart,50,Hard,58,1,0.00323941,0.889682,8.44347
HierarchySmart,50,Hard,59,1,0.879506,0.889682,8.43837
HierarchySmart,50,Hard,60,1,0.00475789,0.889682,8.4391
HierarchySmart,50,Hard,61,1,0.00286299,0.889682,8.43837
HierarchySmart,50,Hard,62,1,1.43723,0.888384,8.30533
HierarchySmart,50,Hard,63,1,0.00298749,0.888384,8.30679
HierarchySmart,50,Hard,64,1,0.00205771,0.888384,8.31045
HierarchySmart,50,Hard,65,1,0.851725,0.888384,8.31264
HierarchySmart,50,Hard,66,1,0.00317449,0.887735,8.30848
HierarchySmart,50,Hard,67,1,0.00191505,0.887735,8.30775
HierarchySmart,50,Hard,68,1,0.00821147,0.887735,8.30775
HierarchySmart,50,Hard,69,1,0.00795099,0.887735,8.30775
HierarchySmart,50,Hard,70,1,0.00542182,0.864374,8.09234
HierarchySmart,50,Hard,71,1,0.00189774,0.864374,8.09234
HierarchySmart,50,Hard,72,1,0.00193301,0.864374,8.09234
HierarchySmart,50,Hard,73,1,0.00399499,0.864374,8.09309
HierarchySmart,50,Hard,74,1,1.46001,0.865672,8.1904
HierarchySmart,50,Hard,75,4,0.0128059,0.864374,8.19069
HierarchySmart,50,Hard,76,1,0.00270602,0.864374,8.1982
HierarchySmart,50,Hard,77,1,0.00873168,0.864374,8.20946
HierarchySmart,50,Hard,78,2,1.51602,0.863725,8.21713
HierarchySmart,50,Hard,79,1,0.00882901,0.862427,8.21971
HierarchySmart,50,Hard,80,1,0.585477,0.863076,8.22857
HierarchySmart,50,Hard,81,6,11.0724,0.909799,8.37447
HierarchySmart,50,Hard,82,1,0.00359586,0.909799,8.37589
HierarchySmart,50,Hard,83,1,0.00241242,0.906554,8.37509
HierarchySmart,50,Hard,84,1,0.401733,0.906554,8.38082
HierarchySmart,50,Hard,85,1,2.19605,0.905905,8.399
HierarchySmart,50,Hard,86,1,0.0103002,0.904607,8.43185
HierarchySmart,50,Hard,87,1,0.002182,0.904607,8.43329
HierarchySmart,50,Hard,88,1,0.0019684,0.904607,8.43472
HierarchySmart,50,Hard,89,2,3.87471,0.905256,8.48602
HierarchySmart,50,Hard,90,1,0.00316792,0.905256,8.48746
HierarchySmart,50,Hard,91,1,0.00430418,0.904607,8.48924
HierarchySmart,50,Hard,92,1,0.00624574,0.904607,8.49067
HierarchySmart,50,Hard,93,1,0.00224536,0.904607,8.49139
HierarchySmart,50,Hard,94,1,0.00216674,0.904607,8.49139
HierarchySmart,50,Hard,95,1,0.00757783,0.904607,8.49211
HierarchySmart,50,Hard,96,2,0.00434814,0.904607,8.49283
HierarchySmart,50,Hard,97,1,0.00411263,0.904607,8.49354
HierarchySmart,50,Hard,98,1,0.00515912,0.904607,8.4957
HierarchySmart,50,Hard,99,1,0.0140805,0.904607,8.4957
HierarchySmart,50,Hard,100,1,0.00503325,0.904607,8.49785
A* Static,100,Easy,0,0,0,1,4.91133
A* Static,100,Easy,1,1,0,0.99926,4.90942
A* Static,100,Easy,2,1,0,0.999137,4.90941
A* Static,100,Easy,3,1,0,0.99815,4.90808
A* Static,100,Easy,4,1,0,0.998027,4.90757
A* Static,100,Easy,5,1,0,0.997904,4.90744
A* Static,100,Easy,6,1,0,0.99778,4.90706
A* Static,100,Easy,7,1,0,0.997287,4.90652
A* Static,100,Easy,8,4,0,0.993094,4.90761
A* Static,100,Easy,9,1,0,0.992971,4.90698
A* Static,100,Easy,10,1,0,0.992477,4.9047
A* Static,100,Easy,11,1,0,0.991244,4.90122
A* Static,100,Easy,12,1,0,0.991244,4.90122
A* Static,100,Easy,13,1,0,0.991121,4.90096
A* Static,100,Easy,14,1,0,0.990011,4.89711
A* Static,100,Easy,15,1,0,0.986681,4.89201
A* Static,100,Easy,16,1,0,0.984462,4.88238
A* Static,100,Easy,17,1,0,0.984215,4.88235
A* Static,100,Easy,18,1,0,0.984092,4.8812
A* Static,100,Easy,19,1,0,0.983598,4.88139
A* Static,100,Easy,20,1,0,0.981625,4.88241
A* Static,100,Easy,21,1,0,0.981502,4.8824
A* Static,100,Easy,22,1,0,0.979899,4.88271
A* Static,100,Easy,23,1,0,0.979282,4.88263
A* Static,100,Easy,24,1,0,0.978912,4.88196
A* Static,100,Easy,25,1,0,0.978172,4.88225
A* Static,100,Easy,26,1,0,0.978789,4.88434
A* Static,100,Easy,27,1,0,0.978296,4.88428
A* Static,100,Easy,28,1,0,0.977556,4.88445
A* Static,100,Easy,29,1,0,0.977309,4.88454
A* Static,100,Easy,30,1,0,0.976199,4.88492
A* Static,100,Easy,31,1,0,0.975213,4.88493
A* Static,100,Easy,32,1,0,0.974966,4.88427
A* Static,100,Easy,33,1,0,0.974843,4.88412
A* Static,100,Easy,34,2,0,0.972746,4.884
A* Static,100,Easy,35,1,0,0.972376,4.88269
A* Static,100,Easy,36,1,0,0.972006,4.88061
A* Static,100,Easy,37,5,0,0.96954,4.87649
A* Static,100,Easy,38,1,0,0.9688,4.87347
A* Static,100,Easy,39,1,0,0.967197,4.87467
A* Static,100,Easy,40,1,0,0.967074,4.87427
A* Static,100,Easy,41,1,0,0.96584,4.86925
A* Static,100,Easy,42,1,0,0.962757,4.85731
A* Static,100,Easy,43,1,0,0.962511,4.8574
A* Static,100,Easy,44,1,0,0.962387,4.85648
A* Static,100,Easy,45,1,0,0.962264,4.85685
A* Static,100,Easy,46,1,0,0.962141,4.85722
A* Static,100,Easy,47,1,0,0.960044,4.85177
A* Static,100,Easy,48,1,0,0.959304,4.84612
A* Static,100,Easy,49,1,0,0.957701,4.84522
A* Static,100,Easy,50,1,0,0.957455,4.84467
A* Static,100,Easy,51,1,0,0.957455,4.84467
A* Static,100,Easy,52,1,0,0.957085,4.84499
A* Static,100,Easy,53,1,0,0.951782,4.83104
A* Static,100,Easy,54,1,0,0.948452,4.81966
A* Static,100,Easy,55,1,0,0.948452,4.81966
A* Static,100,Easy,56,1,0,0.948329,4.81964
A* Static,100,Easy,57,1,0,0.948206,4.81948
A* Static,100,Easy,58,1,0,0.946479,4.81459
A* Static,100,Easy,59,1,0,0.946603,4.81553
A* Static,100,Easy,60,2,0,0.945863,4.81056
A* Static,100,Easy,61,1,0,0.943026,4.80999
A* Static,100,Easy,62,1,0,0.942903,4.80892
A* Static,100,Easy,63,1,0,0.942286,4.80461
A* Static,100,Easy,64,1,0,0.94204,4.80416
A* Static,100,Easy,65,1,0,0.941916,4.80427
A* Static,100,Easy,66,1,0,0.941053,4.80422
A* Static,100,Easy,67,1,0,0.940807,4.8043
A* Static,100,Easy,68,3,0,0.932667,4.78778
A* Static,100,Easy,69,1,0,0.931434,4.783
A* Static,100,Easy,70,1,0,0.931311,4.78284
A* Static,100,Easy,71,1,0,0.931188,4.78281
A* Static,100,Easy,72,1,0,0.931064,4.78225
A* Static,100,Easy,73,1,0,0.930694,4.7815
A* Static,100,Easy,74,1,0,0.930448,4.78131
A* Static,100,Easy,75,1,0,0.930324,4.78142
A* Static,100,Easy,76,1,0,0.928351,4.78308
A* Static,100,Easy,77,1,0,0.928228,4.78331
A* Static,100,Easy,78,1,0,0.927858,4.78363
A* Static,100,Easy,79,1,0,0.927241,4.78401
A* Static,100,Easy,80,1,0,0.927118,4.78412
A* Static,100,Easy,81,1,0,0.926995,4.78436
A* Static,100,Easy,82,1,0,0.926748,4.7839
A* Static,100,Easy,83,1,0,0.926625,4.78427
A* Static,100,Easy,84,1,0,0.925885,4.7801
A* Static,100,Easy,85,1,0,0.925761,4.78021
A* Static,100,Easy,86,1,0,0.925638,4.77991
A* Static,100,Easy,87,1,0,0.925638,4.77991
A* Static,100,Easy,88,1,0,0.925022,4.77936
A* Static,100,Easy,89,1,0,0.924282,4.77425
A* Static,100,Easy,90,1,0,0.924158,4.77422
A* Static,100,Easy,91,2,0,0.923418,4.77457
A* Static,100,Easy,92,1,0,0.923295,4.77401
A* Static,100,Easy,93,1,0,0.923172,4.77411
A* Static,100,Easy,94,1,0,0.923172,4.77411
A* Static,100,Easy,95,1,0,0.923048,4.77368
A* Static,100,Easy,96,1,0,0.921322,4.77058
A* Static,100,Easy,97,1,0,0.920335,4.76953
A* Static,100,Easy,98,1,0,0.919965,4.76863
A* Static,100,Easy,99,1,0,0.919842,4.76874
A* Static,100,Easy,100,1,0,0.919719,4.76857
A* Static,100,Easy,101,1,0,0.918732,4.76953
A* Static,100,Easy,102,1,0,0.918486,4.7696
A* Static,100,Easy,103,1,0,0.918362,4.76957
A* Static,100,Easy,104,1,0,0.918239,4.76954
A* Static,100,Easy,105,1,0,0.917746,4.76942
A* Static,100,Easy,106,1,0,0.917499,4.76935
A* Static,100,Easy,107,1,0,0.917376,4.76932
A* Static,100,Easy,108,1,0,0.916759,4.76755
A* Static,100,Easy,109,1,0,0.916636,4.76712
A* Static,100,Easy,110,1,0,0.916513,4.76601
A* Static,100,Easy,111,1,0,0.916513,4.76601
A* Static,100,Easy,112,1,0,0.916389,4.76598
A* Static,100,Easy,113,7,0,0.910347,4.74763
A* Static,100,Easy,114,1,0,0.910223,4.74746
A* Static,100,Easy,115,1,0,0.910223,4.74746
A* Static,100,Easy,116,1,0,0.909853,4.74654
A* Static,100,Easy,117,1,0,0.906524,4.74588
A* Static,100,Easy,118,1,0,0.906524,4.74588
A* Static,100,Easy,119,1,0,0.90566,4.74769
A* Static,100,Easy,120,2,0,0.904181,4.74345
A* Static,100,Easy,121,1,0,0.902947,4.74379
A* Static,100,Easy,122,2,0,0.902701,4.74358
A* Static,100,Easy,123,1,0,0.902207,4.74508
A* Static,100,Easy,124,1,0,0.901098,4.73956
A* Static,100,Easy,125,2,0,0.900728,4.74028
A* Static,100,Easy,126,2,0,0.900111,4.74106
A* Static,100,Easy,127,1,0,0.899741,4.7415
A* Static,100,Easy,128,1,0,0.898261,4.74396
A* Static,100,Easy,129,1,0,0.896411,4.73848
A* Static,100,Easy,130,1,0,0.895795,4.73816
A* Static,100,Easy,131,1,0,0.895918,4.7393
A* Static,100,Easy,132,1,0,0.895918,4.7393
A* Static,100,Easy,133,2,0,0.895548,4.73974
A* Static,100,Easy,134,1,0,0.894932,4.74053
A* Static,100,Easy,135,1,0,0.894438,4.73997
A* Static,100,Easy,136,1,0,0.892342,4.73687
A* Static,100,Easy,137,1,0,0.891849,4.73382
A* Static,100,Easy,138,1,0,0.891725,4.73365
A* Static,100,Easy,139,1,0,0.891479,4.73371
A* Static,100,Easy,140,2,0,0.887286,4.71244
A* Static,100,Easy,141,1,0,0.887162,4.71198
A* Static,100,Easy,142,1,0,0.884819,4.70829
A* Static,100,Easy,143,1,0,0.883833,4.70573
A* Static,100,Easy,144,1,0,0.883586,4.7044
A* Static,100,Easy,145,1,0,0.883339,4.70362
A* Static,100,Easy,146,1,0,0.883339,4.70362
A* Static,100,Easy,147,1,0,0.881613,4.69856
A* Static,100,Easy,148,1,0,0.881613,4.69884
A* Static,100,Easy,149,1,0,0.88075,4.7005
A* Static,100,Easy,150,1,0,0.880626,4.7006
A* Static,100,Easy,151,1,0,0.880133,4.69973
A* Static,100,Easy,152,1,0,0.879887,4.69839
A* Static,100,Easy,153,1,0,0.87927,4.6993
A* Static,100,Easy,154,1,0,0.875817,4.69699
A* Static,100,Easy,155,1,0,0.875694,4.69652
A* Static,100,Easy,156,1,0,0.875694,4.69652
A* Static,100,Easy,157,1,0,0.87557,4.69662
A* Static,100,Easy,158,1,0,0.875817,4.69656
A* Static,100,Easy,159,1,0,0.875694,4.69652
A* Static,100,Easy,160,1,0,0.87557,4.6962
A* Static,100,Easy,161,1,0,0.874091,4.69808
A* Static,100,Easy,162,1,0,0.874091,4.69808
A* Static,100,Easy,163,1,0,0.873967,4.69776
A* Static,100,Easy,164,1,0,0.873844,4.698
A* Static,100,Easy,165,1,0,0.872241,4.69179
A* Static,100,Easy,166,1,0,0.872117,4.69188
A* Static,100,Easy,167,1,0,0.865951,4.68015
A* Static,100,Easy,168,1,0,0.865828,4.67968
A* Static,100,Easy,169,1,0,0.865581,4.67944
A* Static,100,Easy,170,1,0,0.864842,4.67817
A* Static,100,Easy,171,1,0,0.864595,4.67708
A* Static,100,Easy,172,1,0,0.864472,4.6766
A* Static,100,Easy,173,1,0,0.864225,4.67608
A* Static,100,Easy,174,1,0,0.864102,4.67604
A* Static,100,Easy,175,1,0,0.862992,4.67576
A* Static,100,Easy,176,3,0,0.862622,4.6752
A* Static,100,Easy,177,1,0,0.862498,4.67515
A* Static,100,Easy,178,1,0,0.862128,4.67501
A* Static,100,Easy,179,1,0,0.861635,4.67525
A* Static,100,Easy,180,2,0,0.861019,4.6723
A* Static,100,Easy,181,1,0,0.860772,4.67206
A* Static,100,Easy,182,1,0,0.860402,4.66863
A* Static,100,Easy,183,1,0,0.860032,4.66848
A* Static,100,Easy,184,1,0,0.859046,4.66767
A* Static,100,Easy,185,1,0,0.858059,4.66686
A* Static,100,Easy,186,2,0,0.853866,4.65468
A* Static,100,Easy,187,1,0,0.853743,4.65463
A* Static,100,Easy,188,1,0,0.853743,4.65463
A* Static,100,Easy,189,1,0,0.853373,4.65405
A* Static,100,Easy,190,5,0,0.851153,4.6559
A* Static,100,Easy,191,1,0,0.850783,4.65604
A* Static,100,Easy,192,1,0,0.85066,4.65613
A* Static,100,Easy,193,1,0,0.849427,4.65012
A* Static,100,Easy,194,1,0,0.849303,4.65021
A* Static,100,Easy,195,1,0,0.850783,4.64835
A* Static,100,Easy,196,1,0,0.850783,4.64835
A* Static,100,Easy,197,1,0,0.850413,4.64733
A* Static,100,Easy,198,1,0,0.850413,4.64733
A* Static,100,Easy,199,1,0,0.850413,4.64733
A* Static,100,Easy,200,1,0,0.849797,4.64591
A* Oracle,100,Easy,0,0,0,1,4.91133
A* Oracle,100,Easy,1,1,1.1153,1,4.91133
A* Oracle,100,Easy,2,1,1.11676,1,4.91146
A* Oracle,100,Easy,3,1,1.11532,1,4.91146
A* Oracle,100,Easy,4,1,1.11798,1,4.91133
A* Oracle,100,Easy,5,1,1.11744,1,4.91146
A* Oracle,100,Easy,6,1,1.12067,1,4.91158
A* Oracle,100,Easy,7,1,1.11936,1,4.91158
A* Oracle,100,Easy,8,4,1.11475,1,4.91207
A* Oracle,100,Easy,9,1,1.1213,1,4.91207
A* Oracle,100,Easy,10,1,1.11877,1,4.91195
A* Oracle,100,Easy,11,1,1.12098,1,4.91207
A* Oracle,100,Easy,12,1,1.12273,1,4.91183
A* Oracle,100,Easy,13,1,1.12161,1,4.91158
A* Oracle,100,Easy,14,1,1.12239,1,4.91146
A* Oracle,100,Easy,15,1,1.12214,1,4.91244
A* Oracle,100,Easy,16,1,1.11874,1,4.91232
A* Oracle,100,Easy,17,1,1.11761,1,4.91257
A* Oracle,100,Easy,18,1,1.11952,1,4.91257
A* Oracle,100,Easy,19,1,1.11755,1,4.91269
A* Oracle,100,Easy,20,1,1.11638,1,4.91269
A* Oracle,100,Easy,21,1,1.12243,1,4.91257
A* Oracle,100,Easy,22,1,1.12051,1,4.91269
A* Oracle,100,Easy,23,1,1.1177,1,4.91306
A* Oracle,100,Easy,24,1,1.1167,1,4.91331
A* Oracle,100,Easy,25,1,1.11852,1,4.91281
A* Oracle,100,Easy,26,1,1.11832,1,4.91281
A* Oracle,100,Easy,27,1,1.11953,1,4.91281
A* Oracle,100,Easy,28,1,1.11943,1,4.91281
A* Oracle,100,Easy,29,1,1.11427,1,4.91294
A* Oracle,100,Easy,30,1,1.11677,1,4.91294
A* Oracle,100,Easy,31,1,1.1177,1,4.91257
A* Oracle,100,Easy,32,1,1.12046,1,4.91269
A* Oracle,100,Easy,33,1,1.12346,1,4.91269
A* Oracle,100,Easy,34,2,1.11904,1,4.91281
A* Oracle,100,Easy,35,1,1.11939,1,4.91269
A* Oracle,100,Easy,36,1,1.12202,1,4.91257
A* Oracle,100,Easy,37,5,1.11985,1,4.91207
A* Oracle,100,Easy,38,1,1.12046,1,4.91195
A* Oracle,100,Easy,39,1,1.11694,1,4.9122
A* Oracle,100,Easy,40,1,1.12175,1,4.91207
A* Oracle,100,Easy,41,1,1.11836,1,4.91195
A* Oracle,100,Easy,42,1,1.11689,1,4.9122
A* Oracle,100,Easy,43,1,1.12101,1,4.9122
A* Oracle,100,Easy,44,1,1.11504,1,4.91207
A* Oracle,100,Easy,45,1,1.11798,1,4.91207
A* Oracle,100,Easy,46,1,1.11494,1,4.91207
A* Oracle,100,Easy,47,1,1.11987,1,4.91368
A* Oracle,100,Easy,48,1,1.11925,1,4.91368
A* Oracle,100,Easy,49,1,1.11917,1,4.91355
A* Oracle,100,Easy,50,1,1.1243,1,4.91368
A* Oracle,100,Easy,51,1,1.11988,1,4.91368
A* Oracle,100,Easy,52,1,1.12009,1,4.91368
A* Oracle,100,Easy,53,1,1.1056,1,4.89814
A* Oracle,100,Easy,54,1,1.10619,1,4.89826
A* Oracle,100,Easy,55,1,1.10681,1,4.89789
A* Oracle,100,Easy,56,1,1.10807,1,4.89789
A* Oracle,100,Easy,57,1,1.10734,1,4.89777
A* Oracle,100,Easy,58,1,1.10851,1,4.89789
A* Oracle,100,Easy,59,1,1.10835,1,4.89801
A* Oracle,100,Easy,60,2,1.10509,1,4.89777
A* Oracle,100,Easy,61,1,1.10183,1,4.89838
A* Oracle,100,Easy,62,1,1.11127,1,4.89838
A* Oracle,100,Easy,63,1,1.10935,1,4.89826
A* Oracle,100,Easy,64,1,1.11088,1,4.89826
A* Oracle,100,Easy,65,1,1.10972,1,4.89777
A* Oracle,100,Easy,66,1,1.11336,1,4.89789
A* Oracle,100,Easy,67,1,1.11297,1,4.89789
A* Oracle,100,Easy,68,3,1.11314,1,4.90085
A* Oracle,100,Easy,69,1,1.11243,1,4.90097
A* Oracle,100,Easy,70,1,1.10874,1,4.90085
A* Oracle,100,Easy,71,1,1.10842,1,4.90097
A* Oracle,100,Easy,72,1,1.10908,1,4.9011
A* Oracle,100,Easy,73,1,1.10658,1,4.9011
A* Oracle,100,Easy,74,1,1.10897,1,4.89974
A* Oracle,100,Easy,75,1,1.11302,1,4.89974
A* Oracle,100,Easy,76,1,1.10904,1,4.89974
A* Oracle,100,Easy,77,1,1.11083,1,4.89986
A* Oracle,100,Easy,78,1,1.11049,1,4.89999
A* Oracle,100,Easy,79,1,1.10892,1,4.89999
A* Oracle,100,Easy,80,1,1.10847,1,4.89937
A* Oracle,100,Easy,81,1,1.10977,1,4.89949
A* Oracle,100,Easy,82,1,1.10969,1,4.89949
A* Oracle,100,Easy,83,1,1.11011,1,4.899
A* Oracle,100,Easy,84,1,1.10888,1,4.89888
A* Oracle,100,Easy,85,1,1.11095,1,4.89888
A* Oracle,100,Easy,86,1,1.10969,1,4.899
A* Oracle,100,Easy,87,1,1.11226,1,4.89912
A* Oracle,100,Easy,88,1,1.11425,1,4.89937
A* Oracle,100,Easy,89,1,1.11105,1,4.89949
A* Oracle,100,Easy,90,1,1.11211,1,4.89962
A* Oracle,100,Easy,91,2,1.11249,1,4.89999
A* Oracle,100,Easy,92,1,1.11242,1,4.89986
A* Oracle,100,Easy,93,1,1.11633,1,4.89912
A* Oracle,100,Easy,94,1,1.11354,1,4.899
A* Oracle,100,Easy,95,1,1.11521,1,4.899
A* Oracle,100,Easy,96,1,1.11472,1,4.89888
A* Oracle,100,Easy,97,1,1.11606,1,4.89888
A* Oracle,100,Easy,98,1,1.1135,1,4.89888
A* Oracle,100,Easy,99,1,1.11238,1,4.89863
A* Oracle,100,Easy,100,1,1.1104,1,4.89851
A* Oracle,100,Easy,101,1,1.11199,1,4.89814
A* Oracle,100,Easy,102,1,1.11366,1,4.89814
A* Oracle,100,Easy,103,1,1.11257,1,4.89801
A* Oracle,100,Easy,104,1,1.11162,1,4.89801
A* Oracle,100,Easy,105,1,1.11002,1,4.89838
A* Oracle,100,Easy,106,1,1.1094,1,4.89863
A* Oracle,100,Easy,107,1,1.10925,1,4.89863
A* Oracle,100,Easy,108,1,1.10683,1,4.89863
A* Oracle,100,Easy,109,1,1.10978,1,4.89851
A* Oracle,100,Easy,110,1,1.11411,1,4.89838
A* Oracle,100,Easy,111,1,1.10819,1,4.89814
A* Oracle,100,Easy,112,1,1.10915,1,4.89801
A* Oracle,100,Easy,113,7,1.10961,1,4.89814
A* Oracle,100,Easy,114,1,1.10583,1,4.89814
A* Oracle,100,Easy,115,1,1.11233,1,4.89727
A* Oracle,100,Easy,116,1,1.10731,1,4.8974
A* Oracle,100,Easy,117,1,1.10654,1,4.8953
A* Oracle,100,Easy,118,1,1.10991,1,4.89518
A* Oracle,100,Easy,119,1,1.1083,1,4.89542
A* Oracle,100,Easy,120,2,1.11383,1,4.89555
A* Oracle,100,Easy,121,1,1.11416,1,4.89604
A* Oracle,100,Easy,122,2,1.12019,1,4.89604
A* Oracle,100,Easy,123,1,1.11681,1,4.89604
A* Oracle,100,Easy,124,1,1.11023,1,4.89629
A* Oracle,100,Easy,125,2,1.11,1,4.89629
A* Oracle,100,Easy,126,2,1.11209,1,4.89715
A* Oracle,100,Easy,127,1,1.11106,1,4.89715
A* Oracle,100,Easy,128,1,1.11247,1,4.89752
A* Oracle,100,Easy,129,1,1.11175,1,4.89888
A* Oracle,100,Easy,130,1,1.11315,1,4.899
A* Oracle,100,Easy,131,1,1.11391,1,4.89888
A* Oracle,100,Easy,132,1,1.1113,1,4.89888
A* Oracle,100,Easy,133,2,1.11088,1,4.89875
A* Oracle,100,Easy,134,1,1.11104,1,4.89875
A* Oracle,100,Easy,135,1,1.11067,1,4.89875
A* Oracle,100,Easy,136,1,1.11166,1,4.89875
A* Oracle,100,Easy,137,1,1.11283,1,4.89863
A* Oracle,100,Easy,138,1,1.11427,1,4.89875
A* Oracle,100,Easy,139,1,1.11518,1,4.89875
A* Oracle,100,Easy,140,2,1.11852,1,4.899
A* Oracle,100,Easy,141,1,1.11882,1,4.89888
A* Oracle,100,Easy,142,1,1.12045,1,4.899
A* Oracle,100,Easy,143,1,1.11949,1,4.89777
A* Oracle,100,Easy,144,1,1.11756,1,4.89789
A* Oracle,100,Easy,145,1,1.11784,1,4.89801
A* Oracle,100,Easy,146,1,1.12099,1,4.89789
A* Oracle,100,Easy,147,1,1.1203,1,4.89851
A* Oracle,100,Easy,148,1,1.1184,1,4.89863
A* Oracle,100,Easy,149,1,1.123,1,4.89863
A* Oracle,100,Easy,150,1,1.11812,1,4.89851
A* Oracle,100,Easy,151,1,1.11739,1,4.89838
A* Oracle,100,Easy,152,1,1.11352,1,4.89851
A* Oracle,100,Easy,153,1,1.11314,1,4.89888
A* Oracle,100,Easy,154,1,1.11415,1,4.89962
A* Oracle,100,Easy,155,1,1.11448,1,4.89949
A* Oracle,100,Easy,156,1,1.11434,1,4.89949
A* Oracle,100,Easy,157,1,1.11514,1,4.89962
A* Oracle,100,Easy,158,1,1.11501,1,4.89962
A* Oracle,100,Easy,159,1,1.11268,1,4.89949
A* Oracle,100,Easy,160,1,1.11355,1,4.89962
A* Oracle,100,Easy,161,1,1.11527,1,4.89962
A* Oracle,100,Easy,162,1,1.11615,1,4.89974
A* Oracle,100,Easy,163,1,1.11612,1,4.89999
A* Oracle,100,Easy,164,1,1.11603,1,4.89999
A* Oracle,100,Easy,165,1,1.1168,1,4.89925
A* Oracle,100,Easy,166,1,1.11877,1,4.89937
A* Oracle,100,Easy,167,1,1.11563,1,4.90147
A* Oracle,100,Easy,168,1,1.11483,1,4.90147
A* Oracle,100,Easy,169,1,1.12079,1,4.90147
A* Oracle,100,Easy,170,1,1.11641,1,4.90159
A* Oracle,100,Easy,171,1,1.10938,1,4.90171
A* Oracle,100,Easy,172,1,1.11278,1,4.90159
A* Oracle,100,Easy,173,1,1.10651,1,4.90171
A* Oracle,100,Easy,174,1,1.10464,1,4.90159
A* Oracle,100,Easy,175,1,1.10284,1,4.90134
A* Oracle,100,Easy,176,3,1.10615,1,4.90134
A* Oracle,100,Easy,177,1,1.10753,1,4.90122
A* Oracle,100,Easy,178,1,1.10868,1,4.90134
A* Oracle,100,Easy,179,1,1.10742,1,4.90097
A* Oracle,100,Easy,180,2,1.10701,1,4.90097
A* Oracle,100,Easy,181,1,1.10063,1,4.9011
A* Oracle,100,Easy,182,1,1.10287,1,4.9011
A* Oracle,100,Easy,183,1,1.10632,1,4.9011
A* Oracle,100,Easy,184,1,1.10372,1,4.90171
A* Oracle,100,Easy,185,1,1.10897,1,4.90134
A* Oracle,100,Easy,186,2,1.10472,1,4.90134
A* Oracle,100,Easy,187,1,1.10477,1,4.90147
A* Oracle,100,Easy,188,1,1.11106,1,4.90147
A* Oracle,100,Easy,189,1,1.10737,1,4.90134
A* Oracle,100,Easy,190,5,1.11077,1,4.90134
A* Oracle,100,Easy,191,1,1.10523,1,4.90134
A* Oracle,100,Easy,192,1,1.10612,1,4.90196
A* Oracle,100,Easy,193,1,1.11328,1,4.90208
A* Oracle,100,Easy,194,1,1.11233,1,4.90208
A* Oracle,100,Easy,195,1,1.11222,1,4.90208
A* Oracle,100,Easy,196,1,1.11284,1,4.90221
A* Oracle,100,Easy,197,1,1.11214,1,4.90208
A* Oracle,100,Easy,198,1,1.11563,1,4.90196
A* Oracle,100,Easy,199,1,1.11394,1,4.90159
A* Oracle,100,Easy,200,1,1.11625,1,4.90258
HierarchySmart,100,Easy,0,0,0,1,5.77235
HierarchySmart,100,Easy,1,1,0.00769348,1,5.7726
HierarchySmart,100,Easy,2,1,0.00400133,1,5.77334
HierarchySmart,100,Easy,3,1,0.006946,1,5.77506
HierarchySmart,100,Easy,4,1,0.00964883,1,5.77494
HierarchySmart,100,Easy,5,1,0.64821,1,5.76717
HierarchySmart,100,Easy,6,1,0.0636835,1,5.76754
HierarchySmart,100,Easy,7,1,0.00824369,0.999877,5.7685
HierarchySmart,100,Easy,8,4,7.59383,0.9963,5.72732
HierarchySmart,100,Easy,9,1,0.0198022,0.9963,5.72744
HierarchySmart,100,Easy,10,1,0.00562017,0.9963,5.72757
HierarchySmart,100,Easy,11,1,0.0097912,0.996177,5.72741
HierarchySmart,100,Easy,12,1,0.00582676,0.996177,5.72716
HierarchySmart,100,Easy,13,1,0.00529083,0.996177,5.72716
HierarchySmart,100,Easy,14,1,0.00853443,0.996177,5.72716
HierarchySmart,100,Easy,15,1,0.0101499,0.996177,5.72753
HierarchySmart,100,Easy,16,1,0.00462192,0.996177,5.72803
HierarchySmart,100,Easy,17,1,0.00624527,0.995437,5.7282
HierarchySmart,100,Easy,18,1,5.57064,0.995437,5.70726
HierarchySmart,100,Easy,19,1,0.00512604,0.995437,5.7111
HierarchySmart,100,Easy,20,1,0.00477133,0.995437,5.71147
HierarchySmart,100,Easy,21,1,0.00669544,0.995437,5.71135
HierarchySmart,100,Easy,22,1,0.007227,0.995437,5.71172
HierarchySmart,100,Easy,23,1,0.00599727,0.995437,5.71197
HierarchySmart,100,Easy,24,1,0.00426259,0.995437,5.71246
HierarchySmart,100,Easy,25,1,0.004908,0.995437,5.71271
HierarchySmart,100,Easy,26,1,0.920806,0.995437,5.70342
HierarchySmart,100,Easy,27,1,0.00596642,0.995437,5.70342
HierarchySmart,100,Easy,28,1,0.00725411,0.995437,5.70342
HierarchySmart,100,Easy,29,1,0.780279,0.995437,5.70515
HierarchySmart,100,Easy,30,1,0.00685523,0.995437,5.70738
HierarchySmart,100,Easy,31,1,0.0122344,0.995314,5.70834
HierarchySmart,100,Easy,32,1,7.28609,0.995314,5.70078
HierarchySmart,100,Easy,33,1,0.00414425,0.995437,5.70082
HierarchySmart,100,Easy,34,2,0.0112214,0.995314,5.70202
HierarchySmart,100,Easy,35,1,0.00671101,0.995314,5.7019
HierarchySmart,100,Easy,36,1,0.00983972,0.995314,5.70301
HierarchySmart,100,Easy,37,5,0.0780424,0.994327,5.71189
HierarchySmart,100,Easy,38,1,0.00977747,0.994327,5.71599
HierarchySmart,100,Easy,39,1,0.00528763,0.994081,5.71579
HierarchySmart,100,Easy,40,1,0.00453378,0.994081,5.71592
HierarchySmart,100,Easy,41,1,0.0632901,0.994081,5.72237
HierarchySmart,100,Easy,42,1,0.01225,0.994081,5.72274
HierarchySmart,100,Easy,43,1,0.00798392,0.994081,5.72286
HierarchySmart,100,Easy,44,1,0.0146667,0.994081,5.72274
HierarchySmart,100,Easy,45,1,0.00838215,0.993957,5.72295
HierarchySmart,100,Easy,46,1,0.00247523,0.993957,5.72308
HierarchySmart,100,Easy,47,1,0.00743982,0.993957,5.72568
HierarchySmart,100,Easy,48,1,0.00714163,0.993834,5.72528
HierarchySmart,100,Easy,49,1,0.00392472,0.993834,5.72528
HierarchySmart,100,Easy,50,1,0.00784014,0.993834,5.72565
HierarchySmart,100,Easy,51,1,2.08502,0.993957,5.72109
HierarchySmart,100,Easy,52,1,0.0137058,0.993957,5.72109
HierarchySmart,100,Easy,53,1,1.74499,0.994081,5.71666
HierarchySmart,100,Easy,54,1,6.00832,0.994081,5.67461
HierarchySmart,100,Easy,55,1,0.00949375,0.993957,5.67432
HierarchySmart,100,Easy,56,1,0.00561293,0.993957,5.67444
HierarchySmart,100,Easy,57,1,0.00534475,0.993957,5.67432
HierarchySmart,100,Easy,58,1,0.0122894,0.993957,5.68015
HierarchySmart,100,Easy,59,1,0.0146658,0.993957,5.68015
HierarchySmart,100,Easy,60,2,0.0462597,0.993957,5.68027
HierarchySmart,100,Easy,61,1,1.3312,0.994081,5.68614
HierarchySmart,100,Easy,62,1,0.0156953,0.994081,5.68614
HierarchySmart,100,Easy,63,1,0.0090284,0.994081,5.68602
HierarchySmart,100,Easy,64,1,0.00963517,0.994081,5.68577
HierarchySmart,100,Easy,65,1,0.00780418,0.994081,5.6854
HierarchySmart,100,Easy,66,1,0.00472525,0.994081,5.68577
HierarchySmart,100,Easy,67,1,0.00442429,0.994081,5.6885
HierarchySmart,100,Easy,68,3,1.27374,0.994081,5.68168
HierarchySmart,100,Easy,69,1,1.41855,0.994204,5.68209
HierarchySmart,100,Easy,70,1,7.6292,0.998274,5.60988
HierarchySmart,100,Easy,71,1,0.00401213,0.998274,5.61025
HierarchySmart,100,Easy,72,1,0.0157535,0.998274,5.61149
HierarchySmart,100,Easy,73,1,1.04085,0.998274,5.60556
HierarchySmart,100,Easy,74,1,0.0145991,0.998274,5.60581
HierarchySmart,100,Easy,75,1,0.00456997,0.998274,5.60605
HierarchySmart,100,Easy,76,1,0.705819,0.997657,5.59802
HierarchySmart,100,Easy,77,1,0.00551433,0.997657,5.59802
HierarchySmart,100,Easy,78,1,0.00670411,0.997657,5.59827
HierarchySmart,100,Easy,79,1,0.00305639,0.997657,5.59864
HierarchySmart,100,Easy,80,1,0.699306,0.997657,5.59147
HierarchySmart,100,Easy,81,1,0.0041101,0.99741,5.59347
HierarchySmart,100,Easy,82,1,0.00511173,0.99741,5.59409
HierarchySmart,100,Easy,83,1,0.00485499,0.997287,5.59602
HierarchySmart,100,Easy,84,1,0.00618289,0.997287,5.59589
HierarchySmart,100,Easy,85,1,0.0050297,0.997287,5.59602
HierarchySmart,100,Easy,86,1,0.00556981,0.997287,5.59614
HierarchySmart,100,Easy,87,1,0.0121063,0.997287,5.59651
HierarchySmart,100,Easy,88,1,0.00983959,0.997287,5.59676
HierarchySmart,100,Easy,89,1,0.0122338,0.997287,5.59849
HierarchySmart,100,Easy,90,1,1.1583,0.997287,5.59404
HierarchySmart,100,Easy,91,2,0.0134357,0.997287,5.59453
HierarchySmart,100,Easy,92,1,6.20327,0.997287,5.61432
HierarchySmart,100,Easy,93,1,0.00400777,0.997287,5.61432
HierarchySmart,100,Easy,94,1,0.00431567,0.996424,5.61126
HierarchySmart,100,Easy,95,1,0.00457762,0.996424,5.61151
HierarchySmart,100,Easy,96,1,0.0133831,0.996424,5.61176
HierarchySmart,100,Easy,97,1,0.00528683,0.996424,5.61151
HierarchySmart,100,Easy,98,1,0.00902812,0.996424,5.61151
HierarchySmart,100,Easy,99,1,0.00384108,0.996424,5.61151
HierarchySmart,100,Easy,100,1,0.00280792,0.996424,5.61176
HierarchySmart,100,Easy,101,1,0.00578686,0.996424,5.61399
HierarchySmart,100,Easy,102,1,0.00504383,0.996424,5.61399
HierarchySmart,100,Easy,103,1,0.00278086,0.996424,5.61411
HierarchySmart,100,Easy,104,1,3.62605,0.996424,5.71993
HierarchySmart,100,Easy,105,1,0.00520813,0.996424,5.72141
HierarchySmart,100,Easy,106,1,0.00847047,0.9963,5.72138
HierarchySmart,100,Easy,107,1,0.00401426,0.9963,5.72187
HierarchySmart,100,Easy,108,1,0.0337673,0.996177,5.72147
HierarchySmart,100,Easy,109,1,0.00524013,0.996177,5.72159
HierarchySmart,100,Easy,110,1,0.0230059,0.996177,5.72147
HierarchySmart,100,Easy,111,1,0.00786655,0.996177,5.72134
HierarchySmart,100,Easy,112,1,0.00284264,0.996177,5.72159
HierarchySmart,100,Easy,113,7,1.1311,0.996054,5.72725
HierarchySmart,100,Easy,114,1,0.00518465,0.996054,5.72713
HierarchySmart,100,Easy,115,1,0.00693391,0.996054,5.72824
HierarchySmart,100,Easy,116,1,0.00957346,0.99556,5.72749
HierarchySmart,100,Easy,117,1,0.00547171,0.99556,5.73479
HierarchySmart,100,Easy,118,1,0.012328,0.99556,5.73479
HierarchySmart,100,Easy,119,1,0.00303908,0.99556,5.73529
HierarchySmart,100,Easy,120,2,0.0229807,0.99556,5.73628
HierarchySmart,100,Easy,121,1,0.00439544,0.995437,5.73687
HierarchySmart,100,Easy,122,2,0.00815358,0.995314,5.73733
HierarchySmart,100,Easy,123,1,0.0027904,0.994697,5.73928
HierarchySmart,100,Easy,124,1,0.0948868,0.994697,5.73903
HierarchySmart,100,Easy,125,2,0.0125789,0.994697,5.73903
HierarchySmart,100,Easy,126,2,0.0135292,0.994451,5.7402
HierarchySmart,100,Easy,127,1,0.0161423,0.994451,5.7407
HierarchySmart,100,Easy,128,1,0.00482776,0.994451,5.74144
HierarchySmart,100,Easy,129,1,0.00987893,0.994327,5.74278
HierarchySmart,100,Easy,130,1,1.38149,0.995067,5.74607
HierarchySmart,100,Easy,131,1,0.00959684,0.995067,5.74718
HierarchySmart,100,Easy,132,1,1.17198,0.995067,5.75338
HierarchySmart,100,Easy,133,2,0.0101218,0.995067,5.75362
HierarchySmart,100,Easy,134,1,0.00279916,0.995067,5.75449
HierarchySmart,100,Easy,135,1,0.00797185,0.995067,5.75449
HierarchySmart,100,Easy,136,1,0.00483176,0.995067,5.75486
HierarchySmart,100,Easy,137,1,2.46598,0.996917,5.72885
HierarchySmart,100,Easy,138,1,0.00690543,0.996794,5.72869
HierarchySmart,100,Easy,139,1,0.0148095,0.996794,5.72956
HierarchySmart,100,Easy,140,2,2.8013,0.996917,5.72749
HierarchySmart,100,Easy,141,1,0.0058223,0.996917,5.72712
HierarchySmart,100,Easy,142,1,0.00974208,0.996917,5.72786
HierarchySmart,100,Easy,143,1,0.0443951,0.996917,5.72996
HierarchySmart,100,Easy,144,1,0.0104872,0.996917,5.73058
HierarchySmart,100,Easy,145,1,0.00892091,0.996917,5.73046
HierarchySmart,100,Easy,146,1,0.00543508,0.996424,5.73119
HierarchySmart,100,Easy,147,1,0.0398722,0.996424,5.73688
HierarchySmart,100,Easy,148,1,0.0127163,0.996177,5.7383
HierarchySmart,100,Easy,149,1,0.00391297,0.996177,5.74202
HierarchySmart,100,Easy,150,1,0.0052173,0.996177,5.74276
HierarchySmart,100,Easy,151,1,0.0144643,0.996177,5.74511
HierarchySmart,100,Easy,152,1,0.0123183,0.996177,5.74561
HierarchySmart,100,Easy,153,1,0.633501,0.996177,5.74375
HierarchySmart,100,Easy,154,1,0.00366638,0.996177,5.74684
HierarchySmart,100,Easy,155,1,0.0221011,0.996177,5.74697
HierarchySmart,100,Easy,156,1,0.00921054,0.996177,5.74759
HierarchySmart,100,Easy,157,1,0.00659029,0.996177,5.74771
HierarchySmart,100,Easy,158,1,0.00563656,0.996177,5.74771
HierarchySmart,100,Easy,159,1,0.00432658,0.996177,5.74783
HierarchySmart,100,Easy,160,1,0.00728572,0.996177,5.74783
HierarchySmart,100,Easy,161,1,0.0115347,0.996177,5.74796
HierarchySmart,100,Easy,162,1,0.0359595,0.996177,5.74882
HierarchySmart,100,Easy,163,1,0.00885243,0.996054,5.74842
HierarchySmart,100,Easy,164,1,0.00389945,0.996054,5.74842
HierarchySmart,100,Easy,165,1,0.0116007,0.995684,5.74994
HierarchySmart,100,Easy,166,1,0.0218435,0.995684,5.75019
HierarchySmart,100,Easy,167,1,0.002771,0.995684,5.75068
HierarchySmart,100,Easy,168,1,0.00454593,0.995684,5.75093
HierarchySmart,100,Easy,169,1,0.00720767,0.995684,5.75378
HierarchySmart,100,Easy,170,1,0.0104395,0.995684,5.75403
HierarchySmart,100,Easy,171,1,0.0102135,0.995684,5.75403
HierarchySmart,100,Easy,172,1,0.00457887,0.995684,5.75403
HierarchySmart,100,Easy,173,1,0.00585869,0.995684,5.7544
HierarchySmart,100,Easy,174,1,0.00317398,0.995684,5.75464
HierarchySmart,100,Easy,175,1,0.00538167,0.995684,5.75539
HierarchySmart,100,Easy,176,3,0.0151081,0.995684,5.75564
HierarchySmart,100,Easy,177,1,0.00676654,0.995684,5.75564
HierarchySmart,100,Easy,178,1,0.00468647,0.995437,5.75644
HierarchySmart,100,Easy,179,1,0.00460154,0.995437,5.75644
HierarchySmart,100,Easy,180,2,0.0167733,0.995437,5.75669
HierarchySmart,100,Easy,181,1,0.00621839,0.995437,5.75669
HierarchySmart,100,Easy,182,1,0.0220359,0.995437,5.75669
HierarchySmart,100,Easy,183,1,0.00644764,0.995437,5.75842
HierarchySmart,100,Easy,184,1,0.00597688,0.995437,5.7614
HierarchySmart,100,Easy,185,1,0.00413349,0.995437,5.76177
HierarchySmart,100,Easy,186,2,0.0184988,0.995437,5.76189
HierarchySmart,100,Easy,187,1,0.00566068,0.995437,5.76202
HierarchySmart,100,Easy,188,1,0.00702321,0.995437,5.76214
HierarchySmart,100,Easy,189,1,0.0091508,0.995437,5.76239
HierarchySmart,100,Easy,190,5,2.27165,0.9963,5.77336
HierarchySmart,100,Easy,191,1,0.00405492,0.9963,5.77336
HierarchySmart,100,Easy,192,1,0.00679846,0.996177,5.77445
HierarchySmart,100,Easy,193,1,0.00715652,0.996177,5.77457
HierarchySmart,100,Easy,194,1,0.00790585,0.996177,5.77457
HierarchySmart,100,Easy,195,1,0.0108075,0.996177,5.77445
HierarchySmart,100,Easy,196,1,0.00422747,0.996177,5.77445
HierarchySmart,100,Easy,197,1,0.00550421,0.996177,5.77433
HierarchySmart,100,Easy,198,1,0.0129477,0.996177,5.77519
HierarchySmart,100,Easy,199,1,0.00389157,0.996177,5.77507
HierarchySmart,100,Easy,200,1,7.58993,0.996177,5.77061
A* Static,100,Medium,0,0,0,0.99986,4.51783
A* Static,100,Medium,1,1,0,0.99958,4.51644
A* Static,100,Medium,2,1,0,0.999441,4.51623
A* Static,100,Medium,3,1,0,0.998042,4.51009
A* Static,100,Medium,4,2,0,0.997762,4.51023
A* Static,100,Medium,5,1,0,0.997483,4.50996
A* Static,100,Medium,6,1,0,0.997343,4.50961
A* Static,100,Medium,7,1,0,0.997203,4.50898
A* Static,100,Medium,8,1,0,0.997063,4.50863
A* Static,100,Medium,9,2,0,0.996364,4.50702
A* Static,100,Medium,10,1,0,0.996084,4.50646
A* Static,100,Medium,11,1,0,0.995944,4.50681
A* Static,100,Medium,12,1,0,0.995664,4.50752
A* Static,100,Medium,13,1,0,0.995524,4.50745
A* Static,100,Medium,14,1,0,0.995385,4.50696
A* Static,100,Medium,15,1,0,0.995245,4.50646
A* Static,100,Medium,16,2,0,0.991049,4.50381
A* Static,100,Medium,17,1,0,0.990629,4.5036
A* Static,100,Medium,18,2,0,0.988811,4.50014
A* Static,100,Medium,19,1,0,0.988392,4.50035
A* Static,100,Medium,20,1,0,0.986993,4.50177
A* Static,100,Medium,21,1,0,0.986853,4.50184
A* Static,100,Medium,22,1,0,0.986713,4.50149
A* Static,100,Medium,23,1,0,0.986014,4.50113
A* Static,100,Medium,24,1,0,0.985874,4.5005
A* Static,100,Medium,25,1,0,0.984895,4.49617
A* Static,100,Medium,26,1,0,0.984476,4.4951
A* Static,100,Medium,27,1,0,0.983217,4.49445
A* Static,100,Medium,28,1,0,0.982378,4.49431
A* Static,100,Medium,29,1,0,0.982098,4.4943
A* Static,100,Medium,30,1,0,0.981958,4.49338
A* Static,100,Medium,31,1,0,0.981818,4.49302
A* Static,100,Medium,32,1,0,0.981678,4.49295
A* Static,100,Medium,33,1,0,0.981678,4.49295
A* Static,100,Medium,34,1,0,0.980699,4.49472
A* Static,100,Medium,35,2,0,0.979301,4.48786
A* Static,100,Medium,36,1,0,0.979161,4.4875
A* Static,100,Medium,37,1,0,0.977762,4.48205
A* Static,100,Medium,38,1,0,0.977622,4.48226
A* Static,100,Medium,39,1,0,0.977483,4.48219
A* Static,100,Medium,40,1,0,0.977343,4.48197
A* Static,100,Medium,41,1,0,0.977063,4.48282
A* Static,100,Medium,42,1,0,0.976783,4.48196
A* Static,100,Medium,43,1,0,0.976643,4.48131
A* Static,100,Medium,44,1,0,0.976084,4.48159
A* Static,100,Medium,45,1,0,0.975944,4.48151
A* Static,100,Medium,46,1,0,0.973706,4.48377
A* Static,100,Medium,47,1,0,0.973427,4.48261
A* Static,100,Medium,48,1,0,0.973007,4.48167
A* Static,100,Medium,49,2,0,0.971189,4.47811
A* Static,100,Medium,50,1,0,0.971049,4.47732
A* Static,100,Medium,51,1,0,0.970629,4.47795
A* Static,100,Medium,52,1,0,0.969371,4.478
A* Static,100,Medium,53,1,0,0.969231,4.47778
A* Static,100,Medium,54,1,0,0.968392,4.47675
A* Static,100,Medium,55,1,0,0.968112,4.47631
A* Static,100,Medium,56,1,0,0.967972,4.47638
A* Static,100,Medium,57,1,0,0.967832,4.47616
A* Static,100,Medium,58,1,0,0.967832,4.47616
A* Static,100,Medium,59,1,0,0.967552,4.47557
A* Static,100,Medium,60,1,0,0.967273,4.47455
A* Static,100,Medium,61,1,0,0.967133,4.47477
A* Static,100,Medium,62,2,0,0.966573,4.47403
A* Static,100,Medium,63,1,0,0.966434,4.47381
A* Static,100,Medium,64,2,0,0.964895,4.47398
A* Static,100,Medium,65,1,0,0.96014,4.4673
A* Static,100,Medium,66,2,0,0.95986,4.467
A* Static,100,Medium,67,1,0,0.95972,4.46677
A* Static,100,Medium,68,1,0,0.959021,4.46522
A* Static,100,Medium,69,1,0,0.959021,4.46551
A* Static,100,Medium,70,1,0,0.958881,4.46543
A* Static,100,Medium,71,1,0,0.958462,4.46359
A* Static,100,Medium,72,1,0,0.958322,4.46322
A* Static,100,Medium,73,1,0,0.957343,4.4637
A* Static,100,Medium,74,1,0,0.957203,4.46216
A* Static,100,Medium,75,1,0,0.957063,4.46208
A* Static,100,Medium,76,1,0,0.956783,4.46148
A* Static,100,Medium,77,1,0,0.956364,4.46125
A* Static,100,Medium,78,1,0,0.956224,4.46117
A* Static,100,Medium,79,1,0,0.956224,4.46117
A* Static,100,Medium,80,1,0,0.955385,4.45791
A* Static,100,Medium,81,4,0,0.954126,4.45588
A* Static,100,Medium,82,1,0,0.953986,4.45565
A* Static,100,Medium,83,1,0,0.953846,4.45543
A* Static,100,Medium,84,1,0,0.953706,4.4552
A* Static,100,Medium,85,1,0,0.953007,4.45524
A* Static,100,Medium,86,1,0,0.952867,4.45531
A* Static,100,Medium,87,2,0,0.952587,4.455
A* Static,100,Medium,88,1,0,0.95035,4.45386
A* Static,100,Medium,89,1,0,0.95021,4.45378
A* Static,100,Medium,90,1,0,0.94993,4.45289
A* Static,100,Medium,91,1,0,0.94979,4.45295
A* Static,100,Medium,92,1,0,0.94979,4.45295
A* Static,100,Medium,93,1,0,0.94965,4.45243
A* Static,100,Medium,94,1,0,0.949371,4.45242
A* Static,100,Medium,95,1,0,0.947692,4.44628
A* Static,100,Medium,96,1,0,0.947552,4.44635
A* Static,100,Medium,97,1,0,0.946434,4.4451
A* Static,100,Medium,98,4,0,0.944476,4.44528
A* Static,100,Medium,99,1,0,0.943916,4.44407
A* Static,100,Medium,100,1,0,0.942098,4.44077
A* Static,100,Medium,101,1,0,0.941958,4.44068
A* Static,100,Medium,102,1,0,0.94014,4.43886
A* Static,100,Medium,103,2,0,0.94014,4.43901
A* Static,100,Medium,104,1,0,0.93972,4.43905
A* Static,100,Medium,105,1,0,0.93958,4.43927
A* Static,100,Medium,106,1,0,0.939441,4.43918
A* Static,100,Medium,107,1,0,0.939161,4.43827
A* Static,100,Medium,108,1,0,0.939021,4.43774
A* Static,100,Medium,109,1,0,0.935245,4.43069
A* Static,100,Medium,110,1,0,0.935105,4.4303
A* Static,100,Medium,111,1,0,0.934685,4.4305
A* Static,100,Medium,112,1,0,0.934545,4.43026
A* Static,100,Medium,113,1,0,0.934266,4.42934
A* Static,100,Medium,114,1,0,0.933427,4.42673
A* Static,100,Medium,115,1,0,0.933287,4.42664
A* Static,100,Medium,116,4,0,0.932727,4.42675
A* Static,100,Medium,117,1,0,0.932587,4.42711
A* Static,100,Medium,118,1,0,0.932448,4.42733
A* Static,100,Medium,119,1,0,0.931888,4.42608
A* Static,100,Medium,120,1,0,0.931469,4.42553
A* Static,100,Medium,121,2,0,0.930629,4.42591
A* Static,100,Medium,122,1,0,0.93049,4.42567
A* Static,100,Medium,123,2,0,0.93021,4.4249
A* Static,100,Medium,124,1,0,0.93007,4.42436
A* Static,100,Medium,125,1,0,0.92993,4.42427
A* Static,100,Medium,126,1,0,0.92951,4.42251
A* Static,100,Medium,127,1,0,0.929371,4.42272
A* Static,100,Medium,128,2,0,0.928671,4.42304
A* Static,100,Medium,129,1,0,0.928392,4.42302
A* Static,100,Medium,130,1,0,0.928112,4.42269
A* Static,100,Medium,131,1,0,0.927273,4.42157
A* Static,100,Medium,132,1,0,0.926713,4.42077
A* Static,100,Medium,133,1,0,0.925734,4.42136
A* Static,100,Medium,134,1,0,0.925455,4.42149
A* Static,100,Medium,135,1,0,0.925315,4.42095
A* Static,100,Medium,136,1,0,0.925175,4.42101
A* Static,100,Medium,137,1,0,0.924755,4.42211
A* Static,100,Medium,138,2,0,0.921538,4.41554
A* Static,100,Medium,139,1,0,0.91958,4.41551
A* Static,100,Medium,140,1,0,0.91958,4.41551
A* Static,100,Medium,141,1,0,0.919161,4.41479
A* Static,100,Medium,142,1,0,0.917902,4.41353
A* Static,100,Medium,143,1,0,0.917762,4.41298
A* Static,100,Medium,144,1,0,0.917762,4.41298
A* Static,100,Medium,145,2,0,0.915524,4.41369
A* Static,100,Medium,146,1,0,0.913566,4.41212
A* Static,100,Medium,147,1,0,0.913147,4.41155
A* Static,100,Medium,148,1,0,0.913007,4.41146
A* Static,100,Medium,149,1,0,0.912867,4.41106
A* Static,100,Medium,150,1,0,0.912448,4.41125
A* Static,100,Medium,151,1,0,0.912168,4.41107
A* Static,100,Medium,152,1,0,0.912028,4.41052
A* Static,100,Medium,153,1,0,0.911888,4.41058
A* Static,100,Medium,154,1,0,0.911748,4.41065
A* Static,100,Medium,155,1,0,0.911608,4.41056
A* Static,100,Medium,156,1,0,0.911329,4.41053
A* Static,100,Medium,157,1,0,0.911329,4.41053
A* Static,100,Medium,158,2,0,0.91035,4.40928
A* Static,100,Medium,159,1,0,0.91021,4.40919
A* Static,100,Medium,160,1,0,0.90979,4.40953
A* Static,100,Medium,161,1,0,0.909231,4.40794
A* Static,100,Medium,162,1,0,0.908951,4.40883
A* Static,100,Medium,163,1,0,0.908811,4.40859
A* Static,100,Medium,164,2,0,0.907832,4.40918
A* Static,100,Medium,165,1,0,0.907692,4.40924
A* Static,100,Medium,166,1,0,0.907692,4.40924
A* Static,100,Medium,167,1,0,0.904755,4.40856
A* Static,100,Medium,168,1,0,0.904755,4.40856
A* Static,100,Medium,169,1,0,0.901958,4.40502
A* Static,100,Medium,170,2,0,0.901678,4.40562
A* Static,100,Medium,171,1,0,0.899021,4.40604
A* Static,100,Medium,172,1,0,0.897762,4.40738
A* Static,100,Medium,173,1,0,0.897483,4.40736
A* Static,100,Medium,174,1,0,0.897343,4.40695
A* Static,100,Medium,175,1,0,0.897203,4.40639
A* Static,100,Medium,176,1,0,0.897203,4.40639
A* Static,100,Medium,177,1,0,0.895944,4.40478
A* Static,100,Medium,178,4,0,0.894685,4.40503
A* Static,100,Medium,179,1,0,0.894266,4.40569
A* Static,100,Medium,180,1,0,0.893427,4.40592
A* Static,100,Medium,181,1,0,0.893287,4.40535
A* Static,100,Medium,182,1,0,0.893007,4.40532
A* Static,100,Medium,183,1,0,0.89049,4.40694
A* Static,100,Medium,184,1,0,0.89021,4.4066
A* Static,100,Medium,185,1,0,0.89007,4.40619
A* Static,100,Medium,186,1,0,0.88993,4.4061
A* Static,100,Medium,187,1,0,0.888951,4.4067
A* Static,100,Medium,188,1,0,0.887552,4.40624
A* Static,100,Medium,189,2,0,0.885594,4.40366
A* Static,100,Medium,190,1,0,0.884196,4.40304
A* Static,100,Medium,191,1,0,0.884056,4.40294
A* Static,100,Medium,192,1,0,0.883357,4.40294
A* Static,100,Medium,193,1,0,0.883217,4.40269
A* Static,100,Medium,194,1,0,0.883497,4.40241
A* Static,100,Medium,195,1,0,0.882238,4.40409
A* Static,100,Medium,196,1,0,0.882098,4.40384
A* Static,100,Medium,197,1,0,0.881818,4.40444
A* Static,100,Medium,198,5,0,0.880559,4.40105
A* Static,100,Medium,199,1,0,0.88042,4.40095
A* Static,100,Medium,200,1,0,0.88028,4.40118
A* Oracle,100,Medium,0,0,0,0.99986,4.51783
A* Oracle,100,Medium,1,1,0.596572,0.99986,4.51811
A* Oracle,100,Medium,2,1,0.598968,0.99986,4.51811
A* Oracle,100,Medium,3,1,0.599526,0.99986,4.51853
A* Oracle,100,Medium,4,2,0.599079,0.99986,4.51518
A* Oracle,100,Medium,5,1,0.597019,0.99986,4.51532
A* Oracle,100,Medium,6,1,0.597995,0.99986,4.51518
A* Oracle,100,Medium,7,1,0.599352,0.99986,4.51504
A* Oracle,100,Medium,8,1,0.598265,0.99986,4.51504
A* Oracle,100,Medium,9,2,0.599417,0.99986,4.51518
A* Oracle,100,Medium,10,1,0.601567,0.99986,4.51574
A* Oracle,100,Medium,11,1,0.599959,0.99986,4.51518
A* Oracle,100,Medium,12,1,0.600853,0.99986,4.51532
A* Oracle,100,Medium,13,1,0.599567,0.99986,4.51546
A* Oracle,100,Medium,14,1,0.601632,0.99986,4.51546
A* Oracle,100,Medium,15,1,0.601472,0.99986,4.51546
A* Oracle,100,Medium,16,2,0.602745,0.99986,4.51714
A* Oracle,100,Medium,17,1,0.605179,0.99986,4.517
A* Oracle,100,Medium,18,2,0.60179,0.99986,4.51839
A* Oracle,100,Medium,19,1,0.602161,0.99986,4.51839
A* Oracle,100,Medium,20,1,0.60175,0.99986,4.51867
A* Oracle,100,Medium,21,1,0.60227,0.99986,4.51881
A* Oracle,100,Medium,22,1,0.60162,0.99986,4.51867
A* Oracle,100,Medium,23,1,0.60172,0.99986,4.51853
A* Oracle,100,Medium,24,1,0.603328,0.99986,4.51853
A* Oracle,100,Medium,25,1,0.602172,0.99986,4.51853
A* Oracle,100,Medium,26,1,0.604543,0.99986,4.51881
A* Oracle,100,Medium,27,1,0.603378,0.99986,4.51881
A* Oracle,100,Medium,28,1,0.603284,0.99986,4.517
A* Oracle,100,Medium,29,1,0.604919,0.99986,4.517
A* Oracle,100,Medium,30,1,0.602341,0.99986,4.517
A* Oracle,100,Medium,31,1,0.606888,0.99986,4.517
A* Oracle,100,Medium,32,1,0.602455,0.99986,4.51714
A* Oracle,100,Medium,33,1,0.602916,0.99986,4.51742
A* Oracle,100,Medium,34,1,0.602967,0.99986,4.51755
A* Oracle,100,Medium,35,2,0.600858,0.99986,4.51825
A* Oracle,100,Medium,36,1,0.600672,0.99986,4.51825
A* Oracle,100,Medium,37,1,0.606601,0.99986,4.51839
A* Oracle,100,Medium,38,1,0.599016,0.99986,4.51811
A* Oracle,100,Medium,39,1,0.600065,0.99986,4.51811
A* Oracle,100,Medium,40,1,0.600535,0.99986,4.51811
A* Oracle,100,Medium,41,1,0.602294,0.99986,4.51825
A* Oracle,100,Medium,42,1,0.600671,0.99986,4.51825
A* Oracle,100,Medium,43,1,0.601332,0.99986,4.51839
A* Oracle,100,Medium,44,1,0.601141,0.99986,4.51909
A* Oracle,100,Medium,45,1,0.601323,0.99986,4.51895
A* Oracle,100,Medium,46,1,0.603238,0.99986,4.52105
A* Oracle,100,Medium,47,1,0.602548,0.99986,4.52091
A* Oracle,100,Medium,48,1,0.603114,0.99986,4.52021
A* Oracle,100,Medium,49,2,0.60144,0.99986,4.51979
A* Oracle,100,Medium,50,1,0.600544,0.99986,4.51937
A* Oracle,100,Medium,51,1,0.600654,0.99986,4.51965
A* Oracle,100,Medium,52,1,0.601579,0.99986,4.51993
A* Oracle,100,Medium,53,1,0.603653,0.99986,4.51979
A* Oracle,100,Medium,54,1,0.600443,0.99986,4.51965
A* Oracle,100,Medium,55,1,0.600645,0.99986,4.51965
A* Oracle,100,Medium,56,1,0.599359,0.99986,4.51979
A* Oracle,100,Medium,57,1,0.5997,0.99986,4.51979
A* Oracle,100,Medium,58,1,0.6031,0.99986,4.51979
A* Oracle,100,Medium,59,1,0.60288,0.99986,4.51993
A* Oracle,100,Medium,60,1,0.602599,0.99986,4.51993
A* Oracle,100,Medium,61,1,0.599874,0.99986,4.51993
A* Oracle,100,Medium,62,2,0.602073,0.99986,4.51867
A* Oracle,100,Medium,63,1,0.600365,0.99986,4.51867
A* Oracle,100,Medium,64,2,0.600859,0.99986,4.51923
A* Oracle,100,Medium,65,1,0.606802,0.99986,4.52343
A* Oracle,100,Medium,66,2,0.601461,0.99986,4.52371
A* Oracle,100,Medium,67,1,0.602065,0.99986,4.52385
A* Oracle,100,Medium,68,1,0.603948,0.99986,4.52455
A* Oracle,100,Medium,69,1,0.601682,0.99986,4.52469
A* Oracle,100,Medium,70,1,0.602749,0.99986,4.52483
A* Oracle,100,Medium,71,1,0.603568,0.99986,4.52469
A* Oracle,100,Medium,72,1,0.602626,0.99986,4.52469
A* Oracle,100,Medium,73,1,0.604553,0.99986,4.52483
A* Oracle,100,Medium,74,1,0.603789,0.99986,4.52469
A* Oracle,100,Medium,75,1,0.604067,0.99986,4.52469
A* Oracle,100,Medium,76,1,0.604066,0.99986,4.52483
A* Oracle,100,Medium,77,1,0.603436,0.99986,4.52511
A* Oracle,100,Medium,78,1,0.604957,0.99986,4.52511
A* Oracle,100,Medium,79,1,0.606724,0.99986,4.52511
A* Oracle,100,Medium,80,1,0.605814,0.99986,4.52511
A* Oracle,100,Medium,81,4,0.607281,0.99986,4.52567
A* Oracle,100,Medium,82,1,0.60498,0.99986,4.52581
A* Oracle,100,Medium,83,1,0.605636,0.99986,4.52581
A* Oracle,100,Medium,84,1,0.609262,0.99986,4.52511
A* Oracle,100,Medium,85,1,0.605765,0.99986,4.52539
A* Oracle,100,Medium,86,1,0.604844,0.99986,4.52525
A* Oracle,100,Medium,87,2,0.60537,0.99986,4.52525
A* Oracle,100,Medium,88,1,0.607156,0.99986,4.52539
A* Oracle,100,Medium,89,1,0.608732,0.99986,4.52525
A* Oracle,100,Medium,90,1,0.605696,0.99986,4.52525
A* Oracle,100,Medium,91,1,0.604414,0.99986,4.52511
A* Oracle,100,Medium,92,1,0.608465,0.99986,4.52483
A* Oracle,100,Medium,93,1,0.607703,0.99986,4.52483
A* Oracle,100,Medium,94,1,0.607168,0.99986,4.52511
A* Oracle,100,Medium,95,1,0.607746,0.99986,4.52497
A* Oracle,100,Medium,96,1,0.608663,0.99986,4.52483
A* Oracle,100,Medium,97,1,0.616306,0.99986,4.51728
A* Oracle,100,Medium,98,4,0.607185,0.99986,4.51686
A* Oracle,100,Medium,99,1,0.607159,0.99986,4.517
A* Oracle,100,Medium,100,1,0.612733,0.99986,4.51867
A* Oracle,100,Medium,101,1,0.608167,0.99986,4.51881
A* Oracle,100,Medium,102,1,0.609653,0.99986,4.51853
A* Oracle,100,Medium,103,2,0.609508,0.99986,4.51867
A* Oracle,100,Medium,104,1,0.612226,0.99986,4.51853
A* Oracle,100,Medium,105,1,0.609866,0.99986,4.51853
A* Oracle,100,Medium,106,1,0.609832,0.99986,4.51839
A* Oracle,100,Medium,107,1,0.612761,0.99986,4.51839
A* Oracle,100,Medium,108,1,0.609579,0.99986,4.51839
A* Oracle,100,Medium,109,1,0.612217,0.99986,4.51839
A* Oracle,100,Medium,110,1,0.610461,0.99986,4.51867
A* Oracle,100,Medium,111,1,0.61317,0.99986,4.51825
A* Oracle,100,Medium,112,1,0.612623,0.99986,4.51825
A* Oracle,100,Medium,113,1,0.609497,0.99986,4.51811
A* Oracle,100,Medium,114,1,0.612209,0.99986,4.51825
A* Oracle,100,Medium,115,1,0.611127,0.99986,4.51825
A* Oracle,100,Medium,116,4,0.612927,0.99986,4.51825
A* Oracle,100,Medium,117,1,0.6117,0.99986,4.51853
A* Oracle,100,Medium,118,1,0.611297,0.99986,4.51853
A* Oracle,100,Medium,119,1,0.614161,0.99986,4.51881
A* Oracle,100,Medium,120,1,0.611502,0.99986,4.51895
A* Oracle,100,Medium,121,2,0.61313,0.99986,4.51895
A* Oracle,100,Medium,122,1,0.612585,0.99986,4.51909
A* Oracle,100,Medium,123,2,0.610935,0.99986,4.51881
A* Oracle,100,Medium,124,1,0.611556,0.99986,4.51895
A* Oracle,100,Medium,125,1,0.610938,0.99986,4.51895
A* Oracle,100,Medium,126,1,0.61297,0.99986,4.51895
A* Oracle,100,Medium,127,1,0.612221,0.99986,4.51867
A* Oracle,100,Medium,128,2,0.611582,0.99986,4.51923
A* Oracle,100,Medium,129,1,0.61207,0.99986,4.51909
A* Oracle,100,Medium,130,1,0.612871,0.99986,4.51895
A* Oracle,100,Medium,131,1,0.612913,0.99986,4.51895
A* Oracle,100,Medium,132,1,0.614065,0.99986,4.51937
A* Oracle,100,Medium,133,1,0.616274,0.99986,4.51965
A* Oracle,100,Medium,134,1,0.613472,0.99986,4.51909
A* Oracle,100,Medium,135,1,0.614618,0.99986,4.51895
A* Oracle,100,Medium,136,1,0.613121,0.99986,4.51895
A* Oracle,100,Medium,137,1,0.612717,0.99986,4.51923
A* Oracle,100,Medium,138,2,0.613586,0.99986,4.52693
A* Oracle,100,Medium,139,1,0.614746,0.99986,4.52833
A* Oracle,100,Medium,140,1,0.616419,0.99986,4.52819
A* Oracle,100,Medium,141,1,0.615176,0.99986,4.52805
A* Oracle,100,Medium,142,1,0.613409,0.99986,4.52847
A* Oracle,100,Medium,143,1,0.617028,0.99986,4.52847
A* Oracle,100,Medium,144,1,0.613262,0.99986,4.52777
A* Oracle,100,Medium,145,2,0.612683,0.99986,4.52805
A* Oracle,100,Medium,146,1,0.614709,0.99986,4.53014
A* Oracle,100,Medium,147,1,0.614549,0.99986,4.53028
A* Oracle,100,Medium,148,1,0.613076,0.99986,4.53042
A* Oracle,100,Medium,149,1,0.613107,0.99986,4.53056
A* Oracle,100,Medium,150,1,0.613352,0.99986,4.53014
A* Oracle,100,Medium,151,1,0.613912,0.99986,4.53014
A* Oracle,100,Medium,152,1,0.61268,0.99986,4.53
A* Oracle,100,Medium,153,1,0.615686,0.99986,4.53014
A* Oracle,100,Medium,154,1,0.611928,0.99986,4.5307
A* Oracle,100,Medium,155,1,0.612051,0.99986,4.53
A* Oracle,100,Medium,156,1,0.610746,0.99986,4.52986
A* Oracle,100,Medium,157,1,0.611053,0.99986,4.53
A* Oracle,100,Medium,158,2,0.610893,0.99986,4.5293
A* Oracle,100,Medium,159,1,0.61098,0.99986,4.52944
A* Oracle,100,Medium,160,1,0.612774,0.99986,4.5293
A* Oracle,100,Medium,161,1,0.610373,0.99986,4.52609
A* Oracle,100,Medium,162,1,0.612904,0.99986,4.52609
A* Oracle,100,Medium,163,1,0.617632,0.99986,4.52609
A* Oracle,100,Medium,164,2,0.6106,0.99986,4.52399
A* Oracle,100,Medium,165,1,0.611452,0.99986,4.52413
A* Oracle,100,Medium,166,1,0.612436,0.99986,4.52413
A* Oracle,100,Medium,167,1,0.610197,0.99986,4.53182
A* Oracle,100,Medium,168,1,0.613011,0.99986,4.53182
A* Oracle,100,Medium,169,1,0.611133,0.99986,4.54819
A* Oracle,100,Medium,170,2,0.610571,0.99986,4.54777
A* Oracle,100,Medium,171,1,0.612343,0.99986,4.54777
A* Oracle,100,Medium,172,1,0.610729,0.99986,4.54833
A* Oracle,100,Medium,173,1,0.611411,0.99986,4.54847
A* Oracle,100,Medium,174,1,0.612588,0.99986,4.54875
A* Oracle,100,Medium,175,1,0.612355,0.99986,4.54861
A* Oracle,100,Medium,176,1,0.613081,0.99986,4.54861
A* Oracle,100,Medium,177,1,0.610467,0.99986,4.54861
A* Oracle,100,Medium,178,4,0.610438,0.99986,4.54833
A* Oracle,100,Medium,179,1,0.613005,0.99986,4.54847
A* Oracle,100,Medium,180,1,0.610502,0.99986,4.54847
A* Oracle,100,Medium,181,1,0.610246,0.99986,4.54847
A* Oracle,100,Medium,182,1,0.612609,0.99986,4.54805
A* Oracle,100,Medium,183,1,0.611586,0.99986,4.54371
A* Oracle,100,Medium,184,1,0.608069,0.99986,4.54161
A* Oracle,100,Medium,185,1,0.611927,0.99986,4.54147
A* Oracle,100,Medium,186,1,0.608818,0.99986,4.54133
A* Oracle,100,Medium,187,1,0.610719,0.99986,4.54133
A* Oracle,100,Medium,188,1,0.60924,0.99986,4.54161
A* Oracle,100,Medium,189,2,0.606398,0.99986,4.54077
A* Oracle,100,Medium,190,1,0.607633,0.99986,4.54008
A* Oracle,100,Medium,191,1,0.607249,0.99986,4.53994
A* Oracle,100,Medium,192,1,0.608181,0.99986,4.53546
A* Oracle,100,Medium,193,1,0.609134,0.99986,4.53532
A* Oracle,100,Medium,194,1,0.61127,0.99986,4.53518
A* Oracle,100,Medium,195,1,0.606379,0.99986,4.53518
A* Oracle,100,Medium,196,1,0.607474,0.99986,4.53532
A* Oracle,100,Medium,197,1,0.607306,0.99986,4.5356
A* Oracle,100,Medium,198,5,0.60611,0.99986,4.53546
A* Oracle,100,Medium,199,1,0.614124,0.99986,4.53532
A* Oracle,100,Medium,200,1,0.606552,0.99986,4.53532
HierarchySmart,100,Medium,0,0,0,0.99986,5.33151
HierarchySmart,100,Medium,1,1,0.843395,0.99986,5.35096
HierarchySmart,100,Medium,2,1,2.12554,0.99986,5.37124
HierarchySmart,100,Medium,3,1,0.00539799,0.99986,5.37152
HierarchySmart,100,Medium,4,2,0.00507504,0.99986,5.37054
HierarchySmart,100,Medium,5,1,0.00674117,0.99986,5.37124
HierarchySmart,100,Medium,6,1,0.00437707,0.99986,5.3711
HierarchySmart,100,Medium,7,1,6.84592,0.99986,5.35557
HierarchySmart,100,Medium,8,1,0.00622683,0.99986,5.35571
HierarchySmart,100,Medium,9,2,0.00732843,0.99986,5.35599
HierarchySmart,100,Medium,10,1,0.00588878,0.99986,5.35613
HierarchySmart,100,Medium,11,1,0.00241929,0.99986,5.35697
HierarchySmart,100,Medium,12,1,0.00230275,0.99986,5.35725
HierarchySmart,100,Medium,13,1,0.00358847,0.99986,5.35795
HierarchySmart,100,Medium,14,1,0.00803023,0.99986,5.35823
HierarchySmart,100,Medium,15,1,0.0100107,0.99986,5.35795
HierarchySmart,100,Medium,16,2,0.00822854,0.99972,5.3608
HierarchySmart,100,Medium,17,1,0.00453977,0.999161,5.3603
HierarchySmart,100,Medium,18,2,0.00826497,0.998741,5.36129
HierarchySmart,100,Medium,19,1,0.00423817,0.998741,5.36129
HierarchySmart,100,Medium,20,1,1.1562,0.998741,5.36872
HierarchySmart,100,Medium,21,1,0.00371114,0.998741,5.36886
HierarchySmart,100,Medium,22,1,0.00529454,0.998741,5.36886
HierarchySmart,100,Medium,23,1,0.0115952,0.998462,5.36896
HierarchySmart,100,Medium,24,1,0.00559658,0.998322,5.36845
HierarchySmart,100,Medium,25,1,0.00936962,0.996224,5.36122
HierarchySmart,100,Medium,26,1,0.0118418,0.996224,5.3615
HierarchySmart,100,Medium,27,1,0.00355439,0.993706,5.35665
HierarchySmart,100,Medium,28,1,0.79049,0.993706,5.35144
HierarchySmart,100,Medium,29,1,2.26136,0.994545,5.31683
HierarchySmart,100,Medium,30,1,0.00810337,0.994545,5.31669
HierarchySmart,100,Medium,31,1,0.00987617,0.994406,5.3166
HierarchySmart,100,Medium,32,1,0.0119038,0.994266,5.31664
HierarchySmart,100,Medium,33,1,0.00241988,0.994266,5.3165
HierarchySmart,100,Medium,34,1,0.00595902,0.993287,5.31935
HierarchySmart,100,Medium,35,2,3.86463,0.993287,5.33286
HierarchySmart,100,Medium,36,1,0.00706771,0.993287,5.33315
HierarchySmart,100,Medium,37,1,1.15769,0.993287,5.34314
HierarchySmart,100,Medium,38,1,0.00429278,0.993287,5.34216
HierarchySmart,100,Medium,39,1,0.00402335,0.993287,5.3423
HierarchySmart,100,Medium,40,1,0.00820784,0.993287,5.34244
HierarchySmart,100,Medium,41,1,0.0111923,0.993147,5.34333
HierarchySmart,100,Medium,42,1,0.00729367,0.993147,5.3439
HierarchySmart,100,Medium,43,1,3.2387,0.993287,5.34455
HierarchySmart,100,Medium,44,1,2.77183,0.993287,5.30118
HierarchySmart,100,Medium,45,1,0.00392081,0.993287,5.30118
HierarchySmart,100,Medium,46,1,1.26628,0.993287,5.3254
HierarchySmart,100,Medium,47,1,0.0105593,0.993287,5.3254
HierarchySmart,100,Medium,48,1,0.00656075,0.993287,5.32568
HierarchySmart,100,Medium,49,2,0.0145619,0.993287,5.32639
HierarchySmart,100,Medium,50,1,0.0056608,0.993287,5.32639
HierarchySmart,100,Medium,51,1,0.00286968,0.993287,5.32695
HierarchySmart,100,Medium,52,1,2.4009,0.992168,5.33028
HierarchySmart,100,Medium,53,1,1.1977,0.992168,5.33493
HierarchySmart,100,Medium,54,1,1.33626,0.992308,5.34249
HierarchySmart,100,Medium,55,1,0.0134811,0.992308,5.34249
HierarchySmart,100,Medium,56,1,0.00267844,0.992308,5.34264
HierarchySmart,100,Medium,57,1,0.00889579,0.992168,5.34268
HierarchySmart,100,Medium,58,1,0.0122702,0.992308,5.34292
HierarchySmart,100,Medium,59,1,0.00571943,0.992308,5.3432
HierarchySmart,100,Medium,60,1,0.0039679,0.992308,5.3432
HierarchySmart,100,Medium,61,1,0.00280896,0.992168,5.34367
HierarchySmart,100,Medium,62,2,0.0194261,0.992028,5.34372
HierarchySmart,100,Medium,63,1,0.677237,0.992028,5.33949
HierarchySmart,100,Medium,64,2,0.00958945,0.992028,5.33991
HierarchySmart,100,Medium,65,1,1.15034,0.992028,5.34118
HierarchySmart,100,Medium,66,2,0.00969827,0.992028,5.3416
HierarchySmart,100,Medium,67,1,1.2405,0.992028,5.34189
HierarchySmart,100,Medium,68,1,0.00364594,0.991888,5.34193
HierarchySmart,100,Medium,69,1,0.00438379,0.991888,5.34292
HierarchySmart,100,Medium,70,1,0.00440029,0.991888,5.34306
HierarchySmart,100,Medium,71,1,0.00604697,0.991888,5.34292
HierarchySmart,100,Medium,72,1,0.0101395,0.991888,5.34292
HierarchySmart,100,Medium,73,1,0.00362198,0.991608,5.34372
HierarchySmart,100,Medium,74,1,5.67245,0.992028,5.32356
HierarchySmart,100,Medium,75,1,0.00242399,0.992028,5.32398
HierarchySmart,100,Medium,76,1,0.0034174,0.992028,5.32398
HierarchySmart,100,Medium,77,1,0.00783633,0.992028,5.32299
HierarchySmart,100,Medium,78,1,0.00330821,0.992028,5.32299
HierarchySmart,100,Medium,79,1,0.00353392,0.992028,5.32285
HierarchySmart,100,Medium,80,1,0.00602854,0.991888,5.32276
HierarchySmart,100,Medium,81,4,1.33146,0.991329,5.3307
HierarchySmart,100,Medium,82,1,0.00384455,0.991329,5.33098
HierarchySmart,100,Medium,83,1,0.00423633,0.991329,5.33056
HierarchySmart,100,Medium,84,1,0.0029721,0.991189,5.33061
HierarchySmart,100,Medium,85,1,0.00449561,0.991189,5.33117
HierarchySmart,100,Medium,86,1,0.00370965,0.991189,5.33131
HierarchySmart,100,Medium,87,2,0.00443561,0.991189,5.33202
HierarchySmart,100,Medium,88,1,0.00399534,0.991049,5.33249
HierarchySmart,100,Medium,89,1,0.00734845,0.991049,5.33249
HierarchySmart,100,Medium,90,1,0.00569915,0.991049,5.33235
HierarchySmart,100,Medium,91,1,0.00842349,0.991049,5.3315
HierarchySmart,100,Medium,92,1,0.00407713,0.991049,5.33178
HierarchySmart,100,Medium,93,1,0.00477162,0.991049,5.33192
HierarchySmart,100,Medium,94,1,0.00605913,0.990909,5.33197
HierarchySmart,100,Medium,95,1,4.31294,0.992867,5.32033
HierarchySmart,100,Medium,96,1,0.00317937,0.992867,5.32131
HierarchySmart,100,Medium,97,1,0.00386947,0.986853,5.31165
HierarchySmart,100,Medium,98,4,0.0206425,0.986993,5.31203
HierarchySmart,100,Medium,99,1,0.00880443,0.986993,5.31217
HierarchySmart,100,Medium,100,1,2.64696,0.987273,5.27808
HierarchySmart,100,Medium,101,1,0.002644,0.987273,5.27823
HierarchySmart,100,Medium,102,1,0.00371824,0.987273,5.28616
HierarchySmart,100,Medium,103,2,0.969098,0.987273,5.29112
HierarchySmart,100,Medium,104,1,0.00644137,0.987273,5.29098
HierarchySmart,100,Medium,105,1,0.00530054,0.987273,5.29126
HierarchySmart,100,Medium,106,1,0.00366245,0.987133,5.2913
HierarchySmart,100,Medium,107,1,0.00962387,0.987273,5.29211
HierarchySmart,100,Medium,108,1,0.00871313,0.987273,5.29225
HierarchySmart,100,Medium,109,1,0.00961452,0.987133,5.29272
HierarchySmart,100,Medium,110,1,0.00767301,0.987133,5.293
HierarchySmart,100,Medium,111,1,0.00361563,0.987273,5.29296
HierarchySmart,100,Medium,112,1,0.00585991,0.987273,5.29296
HierarchySmart,100,Medium,113,1,0.00371324,0.987273,5.2931
HierarchySmart,100,Medium,114,1,0.00954907,0.987273,5.29211
HierarchySmart,100,Medium,115,1,1.2757,0.987413,5.2949
HierarchySmart,100,Medium,116,4,0.941301,0.986713,5.30276
HierarchySmart,100,Medium,117,1,0.00232886,0.986713,5.30333
HierarchySmart,100,Medium,118,1,0.00265891,0.986713,5.30347
HierarchySmart,100,Medium,119,1,0.00312252,0.986573,5.30366
HierarchySmart,100,Medium,120,1,0.003967,0.986573,5.30408
HierarchySmart,100,Medium,121,2,0.00821645,0.986294,5.30431
HierarchySmart,100,Medium,122,1,0.00492047,0.986294,5.30488
HierarchySmart,100,Medium,123,2,0.00866784,0.986294,5.30445
HierarchySmart,100,Medium,124,1,0.00919974,0.986294,5.30488
HierarchySmart,100,Medium,125,1,0.00337737,0.986294,5.30516
HierarchySmart,100,Medium,126,1,0.00973477,0.986294,5.3063
HierarchySmart,100,Medium,127,1,1.1918,0.986294,5.30942
HierarchySmart,100,Medium,128,2,0.016763,0.986154,5.30989
HierarchySmart,100,Medium,129,1,1.3742,0.986154,5.31074
HierarchySmart,100,Medium,130,1,0.00405698,0.986154,5.31059
HierarchySmart,100,Medium,131,1,0.00796991,0.986154,5.31059
HierarchySmart,100,Medium,132,1,0.69383,0.986294,5.29991
HierarchySmart,100,Medium,133,1,0.00361563,0.986154,5.30052
HierarchySmart,100,Medium,134,1,0.00389595,0.986154,5.30067
HierarchySmart,100,Medium,135,1,0.00803236,0.986154,5.30052
HierarchySmart,100,Medium,136,1,0.00302732,0.986154,5.30081
HierarchySmart,100,Medium,137,1,0.00382304,0.986154,5.30336
HierarchySmart,100,Medium,138,2,1.54278,0.986154,5.30676
HierarchySmart,100,Medium,139,1,0.00468,0.986014,5.31135
HierarchySmart,100,Medium,140,1,0.00388313,0.986014,5.31163
HierarchySmart,100,Medium,141,1,0.00281533,0.986014,5.31177
HierarchySmart,100,Medium,142,1,0.0083016,0.986014,5.31504
HierarchySmart,100,Medium,143,1,0.0044962,0.986014,5.31504
HierarchySmart,100,Medium,144,1,0.00372617,0.986014,5.31447
HierarchySmart,100,Medium,145,2,0.8159,0.986014,5.30624
HierarchySmart,100,Medium,146,1,0.00392574,0.986014,5.31617
HierarchySmart,100,Medium,147,1,0.0094464,0.986014,5.31532
HierarchySmart,100,Medium,148,1,0.00438277,0.986014,5.3156
HierarchySmart,100,Medium,149,1,0.00366053,0.986014,5.31546
HierarchySmart,100,Medium,150,1,0.0085156,0.986014,5.31546
HierarchySmart,100,Medium,151,1,1.33162,0.986014,5.3139
HierarchySmart,100,Medium,152,1,0.00736241,0.986014,5.3139
HierarchySmart,100,Medium,153,1,1.22741,0.986014,5.31433
HierarchySmart,100,Medium,154,1,0.00971576,0.985874,5.31451
HierarchySmart,100,Medium,155,1,0.00356923,0.985734,5.31456
HierarchySmart,100,Medium,156,1,1.40836,0.985734,5.31115
HierarchySmart,100,Medium,157,1,0.00367692,0.985594,5.31148
HierarchySmart,100,Medium,158,2,0.99574,0.985734,5.30775
HierarchySmart,100,Medium,159,1,0.00637305,0.985734,5.30789
HierarchySmart,100,Medium,160,1,0.00435241,0.985734,5.30789
HierarchySmart,100,Medium,161,1,0.00635954,0.985594,5.30736
HierarchySmart,100,Medium,162,1,0.00606951,0.985594,5.30765
HierarchySmart,100,Medium,163,1,0.00370054,0.985455,5.30727
HierarchySmart,100,Medium,164,2,0.00899405,0.985455,5.30698
HierarchySmart,100,Medium,165,1,0.00380992,0.985455,5.30712
HierarchySmart,100,Medium,166,1,0.00660485,0.985455,5.30712
HierarchySmart,100,Medium,167,1,1.0657,0.985455,5.31692
HierarchySmart,100,Medium,168,1,0.0100042,0.985455,5.3172
HierarchySmart,100,Medium,169,1,3.91372,0.985455,5.31521
HierarchySmart,100,Medium,170,2,0.0100076,0.985175,5.31431
HierarchySmart,100,Medium,171,1,0.0140689,0.983357,5.31759
HierarchySmart,100,Medium,172,1,0.00297553,0.983217,5.32006
HierarchySmart,100,Medium,173,1,0.00570121,0.983217,5.3202
HierarchySmart,100,Medium,174,1,1.36358,0.983357,5.32086
HierarchySmart,100,Medium,175,1,3.31577,0.98951,5.30587
HierarchySmart,100,Medium,176,1,0.00339991,0.989371,5.30619
HierarchySmart,100,Medium,177,1,0.00961381,0.989371,5.30478
HierarchySmart,100,Medium,178,4,0.0203558,0.987413,5.30538
HierarchySmart,100,Medium,179,1,1.28672,0.987552,5.32276
HierarchySmart,100,Medium,180,1,0.00345943,0.987552,5.32276
HierarchySmart,100,Medium,181,1,0.690911,0.988252,5.31404
HierarchySmart,100,Medium,182,1,0.0025911,0.988252,5.31404
HierarchySmart,100,Medium,183,1,0.00976887,0.988252,5.32154
HierarchySmart,100,Medium,184,1,1.12036,0.988252,5.31899
HierarchySmart,100,Medium,185,1,0.00537238,0.988252,5.31885
HierarchySmart,100,Medium,186,1,0.00328409,0.988252,5.31899
HierarchySmart,100,Medium,187,1,0.00282927,0.988252,5.31899
HierarchySmart,100,Medium,188,1,0.00828587,0.987692,5.3213
HierarchySmart,100,Medium,189,2,1.06769,0.98951,5.31717
HierarchySmart,100,Medium,190,1,1.22764,0.99007,5.3105
HierarchySmart,100,Medium,191,1,0.00977911,0.99007,5.31035
HierarchySmart,100,Medium,192,1,0.0111543,0.99007,5.31148
HierarchySmart,100,Medium,193,1,0.00432124,0.99007,5.31177
HierarchySmart,100,Medium,194,1,0.00430106,0.99007,5.31163
HierarchySmart,100,Medium,195,1,0.00322146,0.98979,5.3127
HierarchySmart,100,Medium,196,1,0.00583383,0.98979,5.31299
HierarchySmart,100,Medium,197,1,0.00322493,0.98993,5.31266
HierarchySmart,100,Medium,198,5,4.41189,0.99049,5.31629
HierarchySmart,100,Medium,199,1,0.00349207,0.99049,5.31629
HierarchySmart,100,Medium,200,1,0.976967,0.99049,5.31488
A* Static,100,Hard,0,0,0,0.998027,7.41111
A* Static,100,Hard,1,1,0,0.997698,7.41141
A* Static,100,Hard,2,1,0,0.99112,7.40584
A* Static,100,Hard,3,1,0,0.990791,7.40515
A* Static,100,Hard,4,1,0,0.990627,7.40621
A* Static,100,Hard,5,1,0,0.990462,7.40727
A* Static,100,Hard,6,1,0,0.989804,7.40821
A* Static,100,Hard,7,1,0,0.98964,7.40728
A* Static,100,Hard,8,1,0,0.989147,7.40848
A* Static,100,Hard,9,1,0,0.988982,7.40871
A* Static,100,Hard,10,1,0,0.988818,7.40895
A* Static,100,Hard,11,1,0,0.988653,7.40752
A* Static,100,Hard,12,2,0,0.987502,7.40749
A* Static,100,Hard,13,1,0,0.987338,7.4064
A* Static,100,Hard,14,1,0,0.986515,7.4044
A* Static,100,Hard,15,2,0,0.986351,7.40347
A* Static,100,Hard,16,1,0,0.986022,7.4041
A* Static,100,Hard,17,1,0,0.982898,7.40505
A* Static,100,Hard,18,1,0,0.982733,7.40512
A* Static,100,Hard,19,1,0,0.982569,7.40536
A* Static,100,Hard,20,1,0,0.982404,7.40475
A* Static,100,Hard,21,1,0,0.98224,7.40432
A* Static,100,Hard,22,1,0,0.981253,7.40489
A* Static,100,Hard,23,1,0,0.980595,7.406
A* Static,100,Hard,24,1,0,0.980266,7.40631
A* Static,100,Hard,25,1,0,0.978786,7.3997
A* Static,100,Hard,26,1,0,0.978622,7.40027
A* Static,100,Hard,27,2,0,0.977964,7.39818
A* Static,100,Hard,28,1,0,0.977635,7.3968
A* Static,100,Hard,29,1,0,0.975333,7.40027
A* Static,100,Hard,30,2,0,0.97484,7.39626
A* Static,100,Hard,31,1,0,0.974675,7.39582
A* Static,100,Hard,32,1,0,0.974017,7.3949
A* Static,100,Hard,33,1,0,0.973853,7.39463
A* Static,100,Hard,34,1,0,0.973524,7.39392
A* Static,100,Hard,35,1,0,0.97336,7.39399
A* Static,100,Hard,36,4,0,0.962342,7.34108
A* Static,100,Hard,37,1,0,0.962013,7.33692
A* Static,100,Hard,38,1,0,0.960204,7.33996
A* Static,100,Hard,39,1,0,0.959382,7.34076
A* Static,100,Hard,40,1,0,0.958559,7.33951
A* Static,100,Hard,41,1,0,0.957573,7.33488
A* Static,100,Hard,42,7,0,0.949186,7.32363
A* Static,100,Hard,43,1,0,0.944088,7.30308
A* Static,100,Hard,44,2,0,0.944088,7.30308
A* Static,100,Hard,45,1,0,0.944088,7.30308
A* Static,100,Hard,46,2,0,0.943759,7.30058
A* Static,100,Hard,47,1,0,0.940964,7.30496
A* Static,100,Hard,48,1,0,0.940799,7.30554
A* Static,100,Hard,49,2,0,0.937017,7.28589
A* Static,100,Hard,50,1,0,0.936852,7.28664
A* Static,100,Hard,51,1,0,0.936359,7.2875
A* Static,100,Hard,52,1,0,0.933235,7.29427
A* Static,100,Hard,53,1,0,0.931261,7.29966
A* Static,100,Hard,54,1,0,0.931097,7.29954
A* Static,100,Hard,55,1,0,0.929946,7.30239
A* Static,100,Hard,56,1,0,0.929781,7.30262
A* Static,100,Hard,57,1,0,0.929288,7.30313
A* Static,100,Hard,58,1,0,0.928959,7.30306
A* Static,100,Hard,59,1,0,0.928137,7.29111
A* Static,100,Hard,60,1,0,0.927972,7.28939
A* Static,100,Hard,61,1,0,0.927808,7.2889
A* Static,100,Hard,62,1,0,0.925999,7.27491
A* Static,100,Hard,63,1,0,0.92419,7.27206
A* Static,100,Hard,64,1,0,0.924026,7.27176
A* Static,100,Hard,65,1,0,0.920079,7.22574
A* Static,100,Hard,66,1,0,0.919914,7.22471
A* Static,100,Hard,67,1,0,0.918928,7.22566
A* Static,100,Hard,68,1,0,0.918434,7.22632
A* Static,100,Hard,69,1,0,0.917777,7.22487
A* Static,100,Hard,70,1,0,0.917612,7.22473
A* Static,100,Hard,71,1,0,0.917612,7.22473
A* Static,100,Hard,72,1,0,0.917448,7.22477
A* Static,100,Hard,73,1,0,0.917283,7.22409
A* Static,100,Hard,74,1,0,0.91679,7.22368
A* Static,100,Hard,75,1,0,0.916626,7.22336
A* Static,100,Hard,76,1,0,0.91531,7.21685
A* Static,100,Hard,77,1,0,0.913994,7.21968
A* Static,100,Hard,78,1,0,0.910541,7.22738
A* Static,100,Hard,79,2,0,0.909554,7.22491
A* Static,100,Hard,80,1,0,0.909061,7.2254
A* Static,100,Hard,81,1,0,0.907088,7.21555
A* Static,100,Hard,82,1,0,0.903305,7.1846
A* Static,100,Hard,83,1,0,0.903305,7.1846
A* Static,100,Hard,84,1,0,0.899688,7.17602
A* Static,100,Hard,85,1,0,0.899523,7.1755
A* Static,100,Hard,86,1,0,0.898536,7.17075
A* Static,100,Hard,87,1,0,0.89755,7.17461
A* Static,100,Hard,88,1,0,0.896399,7.17043
A* Static,100,Hard,89,1,0,0.89311,7.17474
A* Static,100,Hard,90,1,0,0.892123,7.16756
A* Static,100,Hard,91,1,0,0.891465,7.16473
A* Static,100,Hard,92,1,0,0.891301,7.16494
A* Static,100,Hard,93,1,0,0.887847,7.15095
A* Static,100,Hard,94,1,0,0.887683,7.15043
A* Static,100,Hard,95,1,0,0.887025,7.15091
A* Static,100,Hard,96,1,0,0.886861,7.15186
A* Static,100,Hard,97,1,0,0.885545,7.15135
A* Static,100,Hard,98,1,0,0.885381,7.15063
A* Static,100,Hard,99,1,0,0.885381,7.15063
A* Static,100,Hard,100,1,0,0.884887,7.15202
A* Static,100,Hard,101,1,0,0.884723,7.15223
A* Static,100,Hard,102,9,0,0.877981,7.12118
A* Static,100,Hard,103,1,0,0.875843,7.11885
A* Static,100,Hard,104,1,0,0.875514,7.11627
A* Static,100,Hard,105,1,0,0.875021,7.11013
A* Static,100,Hard,106,1,0,0.870909,7.08686
A* Static,100,Hard,107,1,0,0.870909,7.08686
A* Static,100,Hard,108,1,0,0.867456,7.09384
A* Static,100,Hard,109,4,0,0.859727,7.09851
A* Static,100,Hard,110,1,0,0.859563,7.09776
A* Static,100,Hard,111,1,0,0.85578,7.09685
A* Static,100,Hard,112,1,0,0.85578,7.09685
A* Static,100,Hard,113,1,0,0.85578,7.09685
A* Static,100,Hard,114,1,0,0.850847,7.10379
A* Static,100,Hard,115,1,0,0.850847,7.10379
A* Static,100,Hard,116,1,0,0.8469,7.10485
A* Static,100,Hard,117,1,0,0.845585,7.09685
A* Static,100,Hard,118,4,0,0.836704,7.09473
A* Static,100,Hard,119,1,0,0.836047,7.09304
A* Static,100,Hard,120,1,0,0.835882,7.09187
A* Static,100,Hard,121,1,0,0.834567,7.08571
A* Static,100,Hard,122,1,0,0.833744,7.08777
A* Static,100,Hard,123,1,0,0.83358,7.08779
A* Static,100,Hard,124,1,0,0.833416,7.0882
A* Static,100,Hard,125,1,0,0.833251,7.08802
A* Static,100,Hard,126,1,0,0.832922,7.08746
A* Static,100,Hard,127,1,0,0.832758,7.0863
A* Static,100,Hard,128,3,0,0.820918,7.05449
A* Static,100,Hard,129,3,0,0.817958,7.04142
A* Static,100,Hard,130,1,0,0.817958,7.04142
A* Static,100,Hard,131,1,0,0.817958,7.04142
A* Static,100,Hard,132,1,0,0.815491,7.04053
A* Static,100,Hard,133,1,0,0.815491,7.04053
A* Static,100,Hard,134,1,0,0.815162,7.03813
A* Static,100,Hard,135,1,0,0.814998,7.03874
A* Static,100,Hard,136,1,0,0.814998,7.03874
A* Static,100,Hard,137,1,0,0.814998,7.03874
A* Static,100,Hard,138,2,0,0.810722,7.02556
A* Static,100,Hard,139,1,0,0.810722,7.02556
A* Static,100,Hard,140,1,0,0.810557,7.02455
A* Static,100,Hard,141,1,0,0.810557,7.02455
A* Static,100,Hard,142,1,0,0.809735,7.02173
A* Static,100,Hard,143,1,0,0.809735,7.02173
A* Static,100,Hard,144,1,0,0.809571,7.02092
A* Static,100,Hard,145,1,0,0.809406,7.02154
A* Static,100,Hard,146,1,0,0.809406,7.02154
A* Static,100,Hard,147,4,0,0.808091,7.02035
A* Static,100,Hard,148,1,0,0.807926,7.01974
A* Static,100,Hard,149,1,0,0.806282,7.01632
A* Static,100,Hard,150,2,0,0.805131,7.01614
A* Static,100,Hard,151,1,0,0.79954,7.00555
A* Static,100,Hard,152,1,0,0.79954,7.00555
A* Static,100,Hard,153,1,0,0.799375,7.00432
A* Static,100,Hard,154,1,0,0.799046,7.0037
A* Static,100,Hard,155,1,0,0.798882,7.00412
A* Static,100,Hard,156,1,0,0.798553,7.0035
A* Static,100,Hard,157,1,0,0.797237,6.99484
A* Static,100,Hard,158,1,0,0.794935,7.00455
A* Static,100,Hard,159,1,0,0.794606,7.00145
A* Static,100,Hard,160,1,0,0.794606,7.00145
A* Static,100,Hard,161,1,0,0.788357,6.98498
A* Static,100,Hard,162,1,0,0.788193,6.98435
A* Static,100,Hard,163,1,0,0.788193,6.98435
A* Static,100,Hard,164,1,0,0.787864,6.98435
A* Static,100,Hard,165,1,0,0.787699,6.98455
A* Static,100,Hard,166,1,0,0.786055,6.97824
A* Static,100,Hard,167,1,0,0.784739,6.97716
A* Static,100,Hard,168,1,0,0.784739,6.97716
A* Static,100,Hard,169,1,0,0.783917,6.97273
A* Static,100,Hard,170,1,0,0.783917,6.97273
A* Static,100,Hard,171,2,0,0.784575,6.97862
A* Static,100,Hard,172,1,0,0.784246,6.97547
A* Static,100,Hard,173,1,0,0.784246,6.97547
A* Static,100,Hard,174,1,0,0.784082,6.97546
A* Static,100,Hard,175,1,0,0.783259,6.97334
A* Static,100,Hard,176,3,0,0.781122,6.98105
A* Static,100,Hard,177,1,0,0.780957,6.98021
A* Static,100,Hard,178,1,0,0.780299,6.9785
A* Static,100,Hard,179,1,0,0.77997,6.97828
A* Static,100,Hard,180,1,0,0.776846,6.96973
A* Static,100,Hard,181,1,0,0.771913,6.93928
A* Static,100,Hard,182,1,0,0.770926,6.93707
A* Static,100,Hard,183,1,0,0.770926,6.93707
A* Static,100,Hard,184,1,0,0.770761,6.93706
A* Static,100,Hard,185,1,0,0.769775,6.93677
A* Static,100,Hard,186,2,0,0.769446,6.93396
A* Static,100,Hard,187,2,0,0.768295,6.93322
A* Static,100,Hard,188,1,0,0.758757,6.86368
A* Static,100,Hard,189,1,0,0.756619,6.84808
A* Static,100,Hard,190,1,0,0.756455,6.84783
A* Static,100,Hard,191,1,0,0.755632,6.842
A* Static,100,Hard,192,1,0,0.755468,6.84197
A* Static,100,Hard,193,1,0,0.754975,6.8386
A* Static,100,Hard,194,1,0,0.754975,6.8386
A* Static,100,Hard,195,1,0,0.754481,6.83457
A* Static,100,Hard,196,2,0,0.754152,6.83624
A* Static,100,Hard,197,1,0,0.754152,6.83624
A* Static,100,Hard,198,2,0,0.750863,6.82567
A* Static,100,Hard,199,1,0,0.746094,6.81926
A* Static,100,Hard,200,2,0,0.744943,6.81325
A* Oracle,100,Hard,0,0,0,0.998027,7.41111
A* Oracle,100,Hard,1,1,0.835581,0.998027,7.41127
A* Oracle,100,Hard,2,1,0.834061,0.998027,7.41127
A* Oracle,100,Hard,3,1,0.835969,0.998027,7.41144
A* Oracle,100,Hard,4,1,0.838239,0.998027,7.4116
A* Oracle,100,Hard,5,1,0.838241,0.997862,7.41266
A* Oracle,100,Hard,6,1,0.839722,0.997862,7.41282
A* Oracle,100,Hard,7,1,0.840827,0.997862,7.41266
A* Oracle,100,Hard,8,1,0.839451,0.997862,7.41299
A* Oracle,100,Hard,9,1,0.840964,0.997862,7.41299
A* Oracle,100,Hard,10,1,0.840022,0.997862,7.41315
A* Oracle,100,Hard,11,1,0.839354,0.997862,7.41315
A* Oracle,100,Hard,12,2,0.840178,0.997862,7.41002
A* Oracle,100,Hard,13,1,0.838352,0.997862,7.41018
A* Oracle,100,Hard,14,1,0.839801,0.997862,7.41018
A* Oracle,100,Hard,15,2,0.841666,0.998027,7.40995
A* Oracle,100,Hard,16,1,0.840811,0.998027,7.41012
A* Oracle,100,Hard,17,1,0.843539,0.998027,7.40995
A* Oracle,100,Hard,18,1,0.840791,0.998027,7.40995
A* Oracle,100,Hard,19,1,0.843518,0.998027,7.41012
A* Oracle,100,Hard,20,1,0.84437,0.998027,7.41012
A* Oracle,100,Hard,21,1,0.844131,0.998027,7.40962
A* Oracle,100,Hard,22,1,0.842375,0.998027,7.40929
A* Oracle,100,Hard,23,1,0.844907,0.998027,7.40995
A* Oracle,100,Hard,24,1,0.842489,0.998027,7.40946
A* Oracle,100,Hard,25,1,0.842344,0.998027,7.40896
A* Oracle,100,Hard,26,1,0.84298,0.998027,7.40913
A* Oracle,100,Hard,27,2,0.843871,0.998027,7.40484
A* Oracle,100,Hard,28,1,0.84734,0.998027,7.40501
A* Oracle,100,Hard,29,1,0.843697,0.998027,7.40534
A* Oracle,100,Hard,30,2,0.850683,0.998027,7.40534
A* Oracle,100,Hard,31,1,0.844915,0.998027,7.40649
A* Oracle,100,Hard,32,1,0.843469,0.998027,7.40666
A* Oracle,100,Hard,33,1,0.846117,0.998027,7.40633
A* Oracle,100,Hard,34,1,0.842887,0.998027,7.40633
A* Oracle,100,Hard,35,1,0.843532,0.998027,7.40583
A* Oracle,100,Hard,36,4,0.844458,0.998027,7.40666
A* Oracle,100,Hard,37,1,0.845519,0.998027,7.40649
A* Oracle,100,Hard,38,1,0.842203,0.998027,7.40682
A* Oracle,100,Hard,39,1,0.842661,0.998027,7.40666
A* Oracle,100,Hard,40,1,0.843903,0.998027,7.40732
A* Oracle,100,Hard,41,1,0.843465,0.998027,7.40765
A* Oracle,100,Hard,42,7,0.848132,0.998027,7.42
A* Oracle,100,Hard,43,1,0.845875,0.998027,7.42
A* Oracle,100,Hard,44,2,0.846404,0.998684,7.41726
A* Oracle,100,Hard,45,1,0.847987,0.998684,7.41742
A* Oracle,100,Hard,46,2,0.845741,0.998684,7.40622
A* Oracle,100,Hard,47,1,0.846752,0.998684,7.40836
A* Oracle,100,Hard,48,1,0.846619,0.998684,7.39766
A* Oracle,100,Hard,49,2,0.847799,0.998684,7.40013
A* Oracle,100,Hard,50,1,0.846009,0.998684,7.4003
A* Oracle,100,Hard,51,1,0.84677,0.998684,7.40079
A* Oracle,100,Hard,52,1,0.847141,0.998684,7.40079
A* Oracle,100,Hard,53,1,0.848106,0.998684,7.40161
A* Oracle,100,Hard,54,1,0.846701,0.998684,7.40145
A* Oracle,100,Hard,55,1,0.846407,0.998684,7.40079
A* Oracle,100,Hard,56,1,0.844035,0.998684,7.38679
A* Oracle,100,Hard,57,1,0.84447,0.998684,7.38795
A* Oracle,100,Hard,58,1,0.844657,0.998684,7.38811
A* Oracle,100,Hard,59,1,0.846251,0.998684,7.38795
A* Oracle,100,Hard,60,1,0.84511,0.998684,7.38828
A* Oracle,100,Hard,61,1,0.844227,0.998684,7.38811
A* Oracle,100,Hard,62,1,0.840192,0.998684,7.38811
A* Oracle,100,Hard,63,1,0.837864,0.998684,7.3947
A* Oracle,100,Hard,64,1,0.838585,0.998684,7.3947
A* Oracle,100,Hard,65,1,0.841679,0.998684,7.3947
A* Oracle,100,Hard,66,1,0.83756,0.998684,7.39453
A* Oracle,100,Hard,67,1,0.83674,0.998684,7.3947
A* Oracle,100,Hard,68,1,0.837361,0.998684,7.39453
A* Oracle,100,Hard,69,1,0.835989,0.998684,7.39387
A* Oracle,100,Hard,70,1,0.835865,0.998684,7.39453
A* Oracle,100,Hard,71,1,0.838271,0.998356,7.38527
A* Oracle,100,Hard,72,1,0.834329,0.998356,7.39038
A* Oracle,100,Hard,73,1,0.838575,0.998356,7.39038
A* Oracle,100,Hard,74,1,0.833665,0.998356,7.39038
A* Oracle,100,Hard,75,1,0.835518,0.998356,7.39022
A* Oracle,100,Hard,76,1,0.834545,0.998356,7.38643
A* Oracle,100,Hard,77,1,0.836509,0.998356,7.38791
A* Oracle,100,Hard,78,1,0.833185,0.998356,7.38989
A* Oracle,100,Hard,79,2,0.835074,0.998356,7.38758
A* Oracle,100,Hard,80,1,0.835981,0.998356,7.38775
A* Oracle,100,Hard,81,1,0.834183,0.998356,7.38824
A* Oracle,100,Hard,82,1,0.834189,0.998356,7.38857
A* Oracle,100,Hard,83,1,0.834355,0.998356,7.3884
A* Oracle,100,Hard,84,1,0.832155,0.998356,7.3884
A* Oracle,100,Hard,85,1,0.831624,0.998356,7.3884
A* Oracle,100,Hard,86,1,0.830652,0.998356,7.3884
A* Oracle,100,Hard,87,1,0.829085,0.998356,7.38972
A* Oracle,100,Hard,88,1,0.829867,0.998356,7.38972
A* Oracle,100,Hard,89,1,0.83194,0.998356,7.39335
A* Oracle,100,Hard,90,1,0.828484,0.998356,7.39335
A* Oracle,100,Hard,91,1,0.830389,0.998356,7.39335
A* Oracle,100,Hard,92,1,0.828319,0.998356,7.39335
A* Oracle,100,Hard,93,1,0.827707,0.998356,7.39335
A* Oracle,100,Hard,94,1,0.835467,0.998356,7.39318
A* Oracle,100,Hard,95,1,0.829999,0.998356,7.39335
A* Oracle,100,Hard,96,1,0.829552,0.998356,7.39351
A* Oracle,100,Hard,97,1,0.828102,0.998356,7.39367
A* Oracle,100,Hard,98,1,0.828612,0.998356,7.39335
A* Oracle,100,Hard,99,1,0.830653,0.998356,7.39318
A* Oracle,100,Hard,100,1,0.828885,0.998356,7.39318
A* Oracle,100,Hard,101,1,0.830103,0.998356,7.39302
A* Oracle,100,Hard,102,9,0.830071,0.998191,7.39605
A* Oracle,100,Hard,103,1,0.833579,0.998191,7.39473
A* Oracle,100,Hard,104,1,0.835543,0.998191,7.39473
A* Oracle,100,Hard,105,1,0.826695,0.998191,7.39456
A* Oracle,100,Hard,106,1,0.829486,0.998191,7.40593
A* Oracle,100,Hard,107,1,0.832124,0.998191,7.4061
A* Oracle,100,Hard,108,1,0.828284,0.998191,7.40758
A* Oracle,100,Hard,109,4,0.830854,0.998191,7.4028
A* Oracle,100,Hard,110,1,0.829732,0.998191,7.40264
A* Oracle,100,Hard,111,1,0.829429,0.998191,7.40461
A* Oracle,100,Hard,112,1,0.829423,0.998191,7.40445
A* Oracle,100,Hard,113,1,0.833229,0.998191,7.40329
A* Oracle,100,Hard,114,1,0.830714,0.998191,7.41367
A* Oracle,100,Hard,115,1,0.828844,0.998191,7.41301
A* Oracle,100,Hard,116,1,0.83142,0.998191,7.40972
A* Oracle,100,Hard,117,1,0.830061,0.998191,7.41054
A* Oracle,100,Hard,118,4,0.831934,0.998191,7.41614
A* Oracle,100,Hard,119,1,0.830391,0.998191,7.41664
A* Oracle,100,Hard,120,1,0.832508,0.998191,7.41631
A* Oracle,100,Hard,121,1,0.838158,0.998191,7.41631
A* Oracle,100,Hard,122,1,0.83203,0.998191,7.41631
A* Oracle,100,Hard,123,1,0.833674,0.998191,7.41565
A* Oracle,100,Hard,124,1,0.831422,0.998191,7.41483
A* Oracle,100,Hard,125,1,0.833245,0.998191,7.41483
A* Oracle,100,Hard,126,1,0.832554,0.998191,7.41483
A* Oracle,100,Hard,127,1,0.831419,0.998191,7.41516
A* Oracle,100,Hard,128,3,0.834612,0.998191,7.41483
A* Oracle,100,Hard,129,3,0.831604,0.998191,7.4117
A* Oracle,100,Hard,130,1,0.836822,0.998191,7.4117
A* Oracle,100,Hard,131,1,0.828567,0.997204,7.39759
A* Oracle,100,Hard,132,1,0.830611,0.997204,7.39759
A* Oracle,100,Hard,133,1,0.829978,0.997204,7.39759
A* Oracle,100,Hard,134,1,0.831461,0.997204,7.39693
A* Oracle,100,Hard,135,1,0.835516,0.997204,7.39726
A* Oracle,100,Hard,136,1,0.833003,0.997204,7.3971
A* Oracle,100,Hard,137,1,0.836166,0.997204,7.39726
A* Oracle,100,Hard,138,2,0.828874,0.997204,7.37071
A* Oracle,100,Hard,139,1,0.833538,0.997204,7.37088
A* Oracle,100,Hard,140,1,0.825625,0.997204,7.37022
A* Oracle,100,Hard,141,1,0.829286,0.997204,7.37038
A* Oracle,100,Hard,142,1,0.828833,0.997204,7.37055
A* Oracle,100,Hard,143,1,0.826092,0.997204,7.37055
A* Oracle,100,Hard,144,1,0.826248,0.997204,7.37071
A* Oracle,100,Hard,145,1,0.829112,0.997204,7.37088
A* Oracle,100,Hard,146,1,0.82968,0.997204,7.37088
A* Oracle,100,Hard,147,4,0.817751,0.997204,7.35752
A* Oracle,100,Hard,148,1,0.817841,0.997204,7.35735
A* Oracle,100,Hard,149,1,0.818411,0.997204,7.35735
A* Oracle,100,Hard,150,2,0.818509,0.997204,7.35752
A* Oracle,100,Hard,151,1,0.819512,0.997204,7.35752
A* Oracle,100,Hard,152,1,0.820432,0.997369,7.35796
A* Oracle,100,Hard,153,1,0.819233,0.997369,7.35878
A* Oracle,100,Hard,154,1,0.823079,0.997698,7.35932
A* Oracle,100,Hard,155,1,0.8181,0.997698,7.35734
A* Oracle,100,Hard,156,1,0.818638,0.997698,7.35767
A* Oracle,100,Hard,157,1,0.82294,0.997698,7.35405
A* Oracle,100,Hard,158,1,0.820849,0.997698,7.35322
A* Oracle,100,Hard,159,1,0.821063,0.997533,7.35229
A* Oracle,100,Hard,160,1,0.821932,0.997533,7.35229
A* Oracle,100,Hard,161,1,0.826109,0.997533,7.36433
A* Oracle,100,Hard,162,1,0.824815,0.997533,7.36433
A* Oracle,100,Hard,163,1,0.823125,0.997533,7.36416
A* Oracle,100,Hard,164,1,0.821925,0.997533,7.364
A* Oracle,100,Hard,165,1,0.822684,0.997533,7.36614
A* Oracle,100,Hard,166,1,0.821663,0.997533,7.36564
A* Oracle,100,Hard,167,1,0.822738,0.997533,7.36597
A* Oracle,100,Hard,168,1,0.822026,0.997533,7.36581
A* Oracle,100,Hard,169,1,0.822968,0.997533,7.36647
A* Oracle,100,Hard,170,1,0.821527,0.997533,7.36597
A* Oracle,100,Hard,171,2,0.820448,0.997533,7.36581
A* Oracle,100,Hard,172,1,0.820287,0.997533,7.36581
A* Oracle,100,Hard,173,1,0.819178,0.997533,7.36614
A* Oracle,100,Hard,174,1,0.822712,0.997533,7.36614
A* Oracle,100,Hard,175,1,0.820206,0.997533,7.36614
A* Oracle,100,Hard,176,3,0.821564,0.997369,7.36521
A* Oracle,100,Hard,177,1,0.822244,0.997369,7.36603
A* Oracle,100,Hard,178,1,0.820375,0.997369,7.36587
A* Oracle,100,Hard,179,1,0.82141,0.997204,7.36593
A* Oracle,100,Hard,180,1,0.821221,0.997204,7.36593
A* Oracle,100,Hard,181,1,0.821895,0.997204,7.36412
A* Oracle,100,Hard,182,1,0.8214,0.997204,7.36412
A* Oracle,100,Hard,183,1,0.82145,0.997204,7.36395
A* Oracle,100,Hard,184,1,0.821242,0.997204,7.36362
A* Oracle,100,Hard,185,1,0.822361,0.997204,7.36379
A* Oracle,100,Hard,186,2,0.819203,0.997204,7.34977
A* Oracle,100,Hard,187,2,0.82142,0.997204,7.35125
A* Oracle,100,Hard,188,1,0.821542,0.997204,7.36725
A* Oracle,100,Hard,189,1,0.823571,0.997204,7.36791
A* Oracle,100,Hard,190,1,0.822779,0.997204,7.36774
A* Oracle,100,Hard,191,1,0.8254,0.996547,7.36436
A* Oracle,100,Hard,192,1,0.824624,0.996547,7.36485
A* Oracle,100,Hard,193,1,0.825507,0.996547,7.3637
A* Oracle,100,Hard,194,1,0.825676,0.996547,7.36205
A* Oracle,100,Hard,195,1,0.81991,0.996547,7.36172
A* Oracle,100,Hard,196,2,0.820461,0.996547,7.36172
A* Oracle,100,Hard,197,1,0.82143,0.996547,7.36139
A* Oracle,100,Hard,198,2,0.823334,0.996547,7.36172
A* Oracle,100,Hard,199,1,0.819548,0.996547,7.34934
A* Oracle,100,Hard,200,2,0.82424,0.996547,7.34934
HierarchySmart,100,Hard,0,0,0,0.978293,8.09161
HierarchySmart,100,Hard,1,1,0.00932195,0.978293,8.09195
HierarchySmart,100,Hard,2,1,0.0055039,0.978293,8.09817
HierarchySmart,100,Hard,3,1,5.3848,0.978293,8.10237
HierarchySmart,100,Hard,4,1,1.42261,0.978293,8.1064
HierarchySmart,100,Hard,5,1,1.09467,0.978129,8.11096
HierarchySmart,100,Hard,6,1,0.00514006,0.978129,8.1113
HierarchySmart,100,Hard,7,1,0.00375593,0.978129,8.1113
HierarchySmart,100,Hard,8,1,0.0119163,0.978129,8.11247
HierarchySmart,100,Hard,9,1,0.740081,0.978129,8.12323
HierarchySmart,100,Hard,10,1,0.0104886,0.977142,8.12302
HierarchySmart,100,Hard,11,1,0.00753638,0.977142,8.12302
HierarchySmart,100,Hard,12,2,1.72485,0.976649,8.13083
HierarchySmart,100,Hard,13,1,8.17298,0.976649,8.33575
HierarchySmart,100,Hard,14,1,0.00459715,0.976649,8.33592
HierarchySmart,100,Hard,15,2,0.00986246,0.976649,8.33541
HierarchySmart,100,Hard,16,1,1.32508,0.976649,8.33945
HierarchySmart,100,Hard,17,1,0.0053415,0.976155,8.34468
HierarchySmart,100,Hard,18,1,1.31408,0.976155,8.34788
HierarchySmart,100,Hard,19,1,0.00602083,0.976155,8.34821
HierarchySmart,100,Hard,20,1,0.00564753,0.976155,8.34821
HierarchySmart,100,Hard,21,1,0.0127555,0.976155,8.34704
HierarchySmart,100,Hard,22,1,0.00785654,0.976155,8.34754
HierarchySmart,100,Hard,23,1,0.00506457,0.976155,8.34872
HierarchySmart,100,Hard,24,1,0.00406649,0.976155,8.34821
HierarchySmart,100,Hard,25,1,2.12653,0.976155,8.36894
HierarchySmart,100,Hard,26,1,0.00222204,0.975991,8.37018
HierarchySmart,100,Hard,27,2,0.878707,0.975333,8.3598
HierarchySmart,100,Hard,28,1,0.00502975,0.975333,8.36267
HierarchySmart,100,Hard,29,1,5.63359,0.975333,8.33839
HierarchySmart,100,Hard,30,2,0.0139749,0.975333,8.33957
HierarchySmart,100,Hard,31,1,0.00654161,0.975169,8.33912
HierarchySmart,100,Hard,32,1,4.02125,0.975991,8.3166
HierarchySmart,100,Hard,33,1,0.00757409,0.975826,8.31648
HierarchySmart,100,Hard,34,1,0.00963613,0.975826,8.31648
HierarchySmart,100,Hard,35,1,4.70434,0.975826,8.27048
HierarchySmart,100,Hard,36,4,5.20707,0.973524,8.28919
HierarchySmart,100,Hard,37,1,0.00579748,0.973524,8.28902
HierarchySmart,100,Hard,38,1,1.12407,0.973524,8.29206
HierarchySmart,100,Hard,39,1,0.00308246,0.973524,8.29189
HierarchySmart,100,Hard,40,1,0.00656477,0.973524,8.29274
HierarchySmart,100,Hard,41,1,2.31407,0.973524,8.31132
HierarchySmart,100,Hard,42,7,5.82846,0.967275,8.2948
HierarchySmart,100,Hard,43,1,0.00599085,0.967111,8.29332
HierarchySmart,100,Hard,44,2,0.0215748,0.966946,8.29184
HierarchySmart,100,Hard,45,1,0.00553371,0.966946,8.29422
HierarchySmart,100,Hard,46,2,0.00879079,0.966453,8.28824
HierarchySmart,100,Hard,47,1,2.32865,0.965302,8.29012
HierarchySmart,100,Hard,48,1,0.010694,0.965302,8.29012
HierarchySmart,100,Hard,49,2,0.0303775,0.962835,8.2813
HierarchySmart,100,Hard,50,1,0.00251525,0.962835,8.28181
HierarchySmart,100,Hard,51,1,1.38747,0.962835,8.29616
HierarchySmart,100,Hard,52,1,0.00498133,0.962835,8.29718
HierarchySmart,100,Hard,53,1,0.00480034,0.962671,8.29962
HierarchySmart,100,Hard,54,1,0.00658964,0.962506,8.2995
HierarchySmart,100,Hard,55,1,0.00276181,0.962506,8.30121
HierarchySmart,100,Hard,56,1,3.99159,0.962671,8.25521
HierarchySmart,100,Hard,57,1,2.36451,0.963164,8.26071
HierarchySmart,100,Hard,58,1,0.00409888,0.963164,8.26088
HierarchySmart,100,Hard,59,1,0.00717473,0.963,8.25871
HierarchySmart,100,Hard,60,1,0.00456539,0.962835,8.25653
HierarchySmart,100,Hard,61,1,1.33693,0.962835,8.25636
HierarchySmart,100,Hard,62,1,0.00710857,0.962835,8.25619
HierarchySmart,100,Hard,63,1,3.36126,0.963164,8.21598
HierarchySmart,100,Hard,64,1,11.7742,0.977471,8.15629
HierarchySmart,100,Hard,65,1,0.00525291,0.977471,8.16235
HierarchySmart,100,Hard,66,1,0.014196,0.977471,8.16201
HierarchySmart,100,Hard,67,1,0.00350096,0.977306,8.16305
HierarchySmart,100,Hard,68,1,0.00631034,0.972702,8.15435
HierarchySmart,100,Hard,69,1,0.00505796,0.972209,8.15037
HierarchySmart,100,Hard,70,1,7.68249,0.971057,8.21931
HierarchySmart,100,Hard,71,1,0.00180407,0.970728,8.21464
HierarchySmart,100,Hard,72,1,0.806522,0.970728,8.21599
HierarchySmart,100,Hard,73,1,0.00210456,0.970728,8.21616
HierarchySmart,100,Hard,74,1,3.58466,0.971386,8.18097
HierarchySmart,100,Hard,75,1,0.00392339,0.971386,8.18114
HierarchySmart,100,Hard,76,1,0.00869037,0.971386,8.18199
HierarchySmart,100,Hard,77,1,7.08486,0.974675,8.10073
HierarchySmart,100,Hard,78,1,0.00326312,0.974511,8.10479
HierarchySmart,100,Hard,79,2,0.00911267,0.974511,8.10108
HierarchySmart,100,Hard,80,1,0.00426629,0.974511,8.10327
HierarchySmart,100,Hard,81,1,0.0105551,0.974346,8.1038
HierarchySmart,100,Hard,82,1,0.00339466,0.974346,8.10414
HierarchySmart,100,Hard,83,1,0.00709655,0.974346,8.10414
HierarchySmart,100,Hard,84,1,3.34413,0.973195,8.10814
HierarchySmart,100,Hard,85,1,9.02134,0.980102,8.12399
HierarchySmart,100,Hard,86,1,1.47073,0.980102,8.15386
HierarchySmart,100,Hard,87,1,0.00335432,0.979938,8.15623
HierarchySmart,100,Hard,88,1,0.00435724,0.979773,8.15542
HierarchySmart,100,Hard,89,1,0.908007,0.979773,8.15911
HierarchySmart,100,Hard,90,1,0.00551075,0.979773,8.15995
HierarchySmart,100,Hard,91,1,0.00899792,0.979609,8.15998
HierarchySmart,100,Hard,92,1,0.00247386,0.979444,8.16101
HierarchySmart,100,Hard,93,1,0.00620475,0.979444,8.16101
HierarchySmart,100,Hard,94,1,1.67805,0.978951,8.18428
HierarchySmart,100,Hard,95,1,0.00199445,0.978951,8.18461
HierarchySmart,100,Hard,96,1,0.986948,0.978951,8.18495
HierarchySmart,100,Hard,97,1,6.60809,0.978293,8.17247
HierarchySmart,100,Hard,98,1,1.72204,0.9778,8.17003
HierarchySmart,100,Hard,99,1,2.00492,0.9778,8.19509
HierarchySmart,100,Hard,100,1,0.00208033,0.9778,8.19509
HierarchySmart,100,Hard,101,1,0.00882855,0.9778,8.19509
HierarchySmart,100,Hard,102,9,4.04474,0.976813,8.19949
HierarchySmart,100,Hard,103,1,1.26304,0.976813,8.20286
HierarchySmart,100,Hard,104,1,0.0111788,0.976813,8.20303
HierarchySmart,100,Hard,105,1,0.004395,0.976813,8.2032
HierarchySmart,100,Hard,106,1,0.00789578,0.970893,8.16057
HierarchySmart,100,Hard,107,1,0.00530044,0.970728,8.16127
HierarchySmart,100,Hard,108,1,1.29222,0.970728,8.16619
HierarchySmart,100,Hard,109,4,2.59123,0.971222,8.17965
HierarchySmart,100,Hard,110,1,0.0039453,0.971222,8.17863
HierarchySmart,100,Hard,111,1,0.0052596,0.970235,8.18492
HierarchySmart,100,Hard,112,1,2.30584,0.9704,8.18319
HierarchySmart,100,Hard,113,1,5.04707,0.971551,8.15944
HierarchySmart,100,Hard,114,1,0.965152,0.971551,8.16198
HierarchySmart,100,Hard,115,1,0.00857444,0.971551,8.16131
HierarchySmart,100,Hard,116,1,0.0123636,0.971551,8.16181
HierarchySmart,100,Hard,117,1,0.0029034,0.971551,8.16249
HierarchySmart,100,Hard,118,4,8.81619,0.978293,8.15818
HierarchySmart,100,Hard,119,1,0.00782636,0.978293,8.15885
HierarchySmart,100,Hard,120,1,0.00696494,0.978129,8.15837
HierarchySmart,100,Hard,121,1,0.00660963,0.977964,8.1584
HierarchySmart,100,Hard,122,1,0.00597059,0.977964,8.15874
HierarchySmart,100,Hard,123,1,0.00515645,0.977964,8.15806
HierarchySmart,100,Hard,124,1,0.00319836,0.977635,8.15761
HierarchySmart,100,Hard,125,1,0.00793617,0.977635,8.15795
HierarchySmart,100,Hard,126,1,0.00528991,0.977635,8.15778
HierarchySmart,100,Hard,127,1,0.0184279,0.977635,8.15812
HierarchySmart,100,Hard,128,3,1.1589,0.977471,8.15999
HierarchySmart,100,Hard,129,3,0.0137386,0.977142,8.17519
HierarchySmart,100,Hard,130,1,0.00654921,0.976977,8.1801
HierarchySmart,100,Hard,131,1,0.00672673,0.976977,8.1801
HierarchySmart,100,Hard,132,1,0.00965376,0.97632,8.18343
HierarchySmart,100,Hard,133,1,0.00607545,0.97632,8.18343
HierarchySmart,100,Hard,134,1,7.31361,0.978786,8.13138
HierarchySmart,100,Hard,135,1,0.810367,0.978786,8.13088
HierarchySmart,100,Hard,136,1,2.30895,0.978786,8.13088
HierarchySmart,100,Hard,137,1,0.00847393,0.978786,8.13122
HierarchySmart,100,Hard,138,2,4.57436,0.978786,8.12752
HierarchySmart,100,Hard,139,1,3.95125,0.979609,8.12019
HierarchySmart,100,Hard,140,1,0.0123501,0.979444,8.11954
HierarchySmart,100,Hard,141,1,1.20225,0.979444,8.11635
HierarchySmart,100,Hard,142,1,0.00631757,0.97928,8.11637
HierarchySmart,100,Hard,143,1,0.0058795,0.979115,8.11606
HierarchySmart,100,Hard,144,1,0.00242562,0.978951,8.1149
HierarchySmart,100,Hard,145,1,0.00760058,0.978786,8.11559
HierarchySmart,100,Hard,146,1,0.00594316,0.978786,8.12013
HierarchySmart,100,Hard,147,4,2.43871,0.978622,8.06217
HierarchySmart,100,Hard,148,1,0.00529406,0.978622,8.06217
HierarchySmart,100,Hard,149,1,0.00527963,0.978622,8.06234
HierarchySmart,100,Hard,150,2,0.0101301,0.978622,8.06268
HierarchySmart,100,Hard,151,1,1.77112,0.978622,8.0657
HierarchySmart,100,Hard,152,1,0.00620443,0.978457,8.06521
HierarchySmart,100,Hard,153,1,0.00892704,0.978293,8.06438
HierarchySmart,100,Hard,154,1,0.0042336,0.978293,8.06472
HierarchySmart,100,Hard,155,1,0.00255769,0.978293,8.06488
HierarchySmart,100,Hard,156,1,3.83973,0.978951,8.06753
HierarchySmart,100,Hard,157,1,0.00508588,0.974017,8.02397
HierarchySmart,100,Hard,158,1,0.00372779,0.974017,8.02465
HierarchySmart,100,Hard,159,1,2.01261,0.973195,8.01284
HierarchySmart,100,Hard,160,1,0.00610488,0.973031,8.01217
HierarchySmart,100,Hard,161,1,1.22197,0.973031,8.0387
HierarchySmart,100,Hard,162,1,0.00537196,0.972866,8.03905
HierarchySmart,100,Hard,163,1,0.00223559,0.972866,8.03922
HierarchySmart,100,Hard,164,1,0.00526988,0.972866,8.03938
HierarchySmart,100,Hard,165,1,0.00944329,0.972702,8.03973
HierarchySmart,100,Hard,166,1,0.00192547,0.972702,8.03973
HierarchySmart,100,Hard,167,1,1.23953,0.972702,8.04007
HierarchySmart,100,Hard,168,1,0.00520449,0.972537,8.04312
HierarchySmart,100,Hard,169,1,0.00488402,0.972209,8.04313
HierarchySmart,100,Hard,170,1,0.00565055,0.972044,8.04196
HierarchySmart,100,Hard,171,2,0.00925315,0.972044,8.0428
HierarchySmart,100,Hard,172,1,0.00438671,0.972044,8.04399
HierarchySmart,100,Hard,173,1,0.00629801,0.97188,8.04349
HierarchySmart,100,Hard,174,1,0.801154,0.97188,8.04349
HierarchySmart,100,Hard,175,1,0.713547,0.97188,8.0445
HierarchySmart,100,Hard,176,3,1.90576,0.971715,8.05077
HierarchySmart,100,Hard,177,1,0.00528153,0.971551,8.05027
HierarchySmart,100,Hard,178,1,0.0102425,0.971551,8.05044
HierarchySmart,100,Hard,179,1,2.01086,0.971386,8.05231
HierarchySmart,100,Hard,180,1,0.00671158,0.971222,8.05283
HierarchySmart,100,Hard,181,1,0.009641,0.967604,8.0396
HierarchySmart,100,Hard,182,1,0.00517526,0.967604,8.03977
HierarchySmart,100,Hard,183,1,0.00510649,0.967604,8.04045
HierarchySmart,100,Hard,184,1,1.62017,0.967768,8.03755
HierarchySmart,100,Hard,185,1,0.00563071,0.967768,8.03789
HierarchySmart,100,Hard,186,2,0.0115136,0.967604,8.03756
HierarchySmart,100,Hard,187,2,3.28488,0.967933,8.05759
HierarchySmart,100,Hard,188,1,4.98185,0.971222,8.11107
HierarchySmart,100,Hard,189,1,0.0121162,0.971222,8.11277
HierarchySmart,100,Hard,190,1,0.00521633,0.971222,8.11294
HierarchySmart,100,Hard,191,1,3.53715,0.971386,8.11089
HierarchySmart,100,Hard,192,1,0.00561672,0.971386,8.11156
HierarchySmart,100,Hard,193,1,1.63126,0.971386,8.11089
HierarchySmart,100,Hard,194,1,0.00204542,0.971222,8.1104
HierarchySmart,100,Hard,195,1,0.00444615,0.971222,8.11057
HierarchySmart,100,Hard,196,2,5.57639,0.971222,8.11548
HierarchySmart,100,Hard,197,1,0.0102918,0.971222,8.11463
HierarchySmart,100,Hard,198,2,3.85268,0.97484,8.16869
HierarchySmart,100,Hard,199,1,0.00485026,0.97484,8.17544
HierarchySmart,100,Hard,200,2,1.19358,0.97484,8.17072
A* Static,200,Easy,0,0,0,0.999907,4.65696
A* Static,200,Easy,1,1,0,0.999845,4.65703
A* Static,200,Easy,2,1,0,0.999412,4.65762
A* Static,200,Easy,3,1,0,0.999382,4.65764
A* Static,200,Easy,4,1,0,0.999289,4.65761
A* Static,200,Easy,5,1,0,0.999258,4.65757
A* Static,200,Easy,6,2,0,0.999196,4.65745
A* Static,200,Easy,7,1,0,0.999165,4.65744
A* Static,200,Easy,8,1,0,0.999134,4.65743
A* Static,200,Easy,9,1,0,0.999072,4.65763
A* Static,200,Easy,10,1,0,0.999011,4.65739
A* Static,200,Easy,11,1,0,0.998794,4.65661
A* Static,200,Easy,12,2,0,0.998578,4.65669
A* Static,200,Easy,13,1,0,0.998547,4.65667
A* Static,200,Easy,14,1,0,0.998361,4.65633
A* Static,200,Easy,15,1,0,0.998237,4.65613
A* Static,200,Easy,16,1,0,0.998207,4.65606
A* Static,200,Easy,17,1,0,0.998021,4.65578
A* Static,200,Easy,18,1,0,0.997434,4.65415
A* Static,200,Easy,19,1,0,0.997403,4.65405
A* Static,200,Easy,20,1,0,0.997372,4.65382
A* Static,200,Easy,21,1,0,0.997341,4.65384
A* Static,200,Easy,22,2,0,0.997279,4.6537
A* Static,200,Easy,23,1,0,0.997248,4.65378
A* Static,200,Easy,24,1,0,0.997124,4.65312
A* Static,200,Easy,25,1,0,0.996104,4.64978
A* Static,200,Easy,26,1,0,0.996042,4.64973
A* Static,200,Easy,27,1,0,0.996011,4.64968
A* Static,200,Easy,28,1,0,0.995949,4.64982
A* Static,200,Easy,29,1,0,0.995918,4.64947
A* Static,200,Easy,30,1,0,0.995887,4.64939
A* Static,200,Easy,31,1,0,0.995857,4.64929
A* Static,200,Easy,32,1,0,0.995826,4.64922
A* Static,200,Easy,33,1,0,0.995795,4.64924
A* Static,200,Easy,34,1,0,0.995764,4.64926
A* Static,200,Easy,35,1,0,0.995609,4.64787
A* Static,200,Easy,36,1,0,0.995578,4.64773
A* Static,200,Easy,37,1,0,0.995547,4.64778
A* Static,200,Easy,38,1,0,0.995424,4.6478
A* Static,200,Easy,39,1,0,0.995331,4.64743
A* Static,200,Easy,40,2,0,0.995238,4.64752
A* Static,200,Easy,41,1,0,0.995207,4.64751
A* Static,200,Easy,42,1,0,0.995083,4.64746
A* Static,200,Easy,43,1,0,0.994898,4.64693
A* Static,200,Easy,44,1,0,0.994867,4.64695
A* Static,200,Easy,45,1,0,0.994403,4.64772
A* Static,200,Easy,46,1,0,0.994187,4.64777
A* Static,200,Easy,47,2,0,0.994032,4.64762
A* Static,200,Easy,48,5,0,0.992919,4.64716
A* Static,200,Easy,49,1,0,0.992888,4.64709
A* Static,200,Easy,50,1,0,0.992826,4.64704
A* Static,200,Easy,51,1,0,0.992795,4.6469
A* Static,200,Easy,52,1,0,0.992548,4.64681
A* Static,200,Easy,53,1,0,0.992486,4.64657
A* Static,200,Easy,54,1,0,0.991837,4.64537
A* Static,200,Easy,55,1,0,0.991713,4.64499
A* Static,200,Easy,56,1,0,0.991497,4.6445
A* Static,200,Easy,57,2,0,0.991466,4.64455
A* Static,200,Easy,58,1,0,0.991156,4.64438
A* Static,200,Easy,59,1,0,0.991126,4.64431
A* Static,200,Easy,60,1,0,0.991095,4.64433
A* Static,200,Easy,61,1,0,0.990971,4.64441
A* Static,200,Easy,62,1,0,0.99094,4.6444
A* Static,200,Easy,63,1,0,0.990445,4.64453
A* Static,200,Easy,64,2,0,0.990167,4.6439
A* Static,200,Easy,65,1,0,0.98992,4.64325
A* Static,200,Easy,66,1,0,0.989889,4.64333
A* Static,200,Easy,67,1,0,0.989858,4.64338
A* Static,200,Easy,68,1,0,0.989487,4.64288
A* Static,200,Easy,69,1,0,0.989487,4.64288
A* Static,200,Easy,70,1,0,0.989425,4.64282
A* Static,200,Easy,71,1,0,0.989301,4.64275
A* Static,200,Easy,72,1,0,0.98927,4.64277
A* Static,200,Easy,73,1,0,0.988992,4.6422
A* Static,200,Easy,74,1,0,0.988961,4.64228
A* Static,200,Easy,75,1,0,0.988652,4.6411
A* Static,200,Easy,76,1,0,0.988621,4.64112
A* Static,200,Easy,77,1,0,0.98859,4.64117
A* Static,200,Easy,78,1,0,0.988497,4.64105
A* Static,200,Easy,79,1,0,0.988404,4.64092
A* Static,200,Easy,80,2,0,0.988188,4.64078
A* Static,200,Easy,81,1,0,0.988095,4.64074
A* Static,200,Easy,82,1,0,0.988002,4.6408
A* Static,200,Easy,83,1,0,0.987941,4.64075
A* Static,200,Easy,84,2,0,0.987631,4.63992
A* Static,200,Easy,85,1,0,0.987508,4.64
A* Static,200,Easy,86,1,0,0.987477,4.64005
A* Static,200,Easy,87,2,0,0.98726,4.63981
A* Static,200,Easy,88,1,0,0.987044,4.63942
A* Static,200,Easy,89,1,0,0.986858,4.63961
A* Static,200,Easy,90,1,0,0.986827,4.63963
A* Static,200,Easy,91,1,0,0.986797,4.63971
A* Static,200,Easy,92,1,0,0.986766,4.63954
A* Static,200,Easy,93,1,0,0.986611,4.63948
A* Static,200,Easy,94,1,0,0.98658,4.63947
A* Static,200,Easy,95,1,0,0.986518,4.63948
A* Static,200,Easy,96,2,0,0.986333,4.63941
A* Static,200,Easy,97,2,0,0.986271,4.63933
A* Static,200,Easy,98,2,0,0.986147,4.63916
A* Static,200,Easy,99,1,0,0.9859,4.63885
A* Static,200,Easy,100,2,0,0.985776,4.63858
A* Static,200,Easy,101,1,0,0.985745,4.63851
A* Static,200,Easy,102,1,0,0.985714,4.63853
A* Static,200,Easy,103,2,0,0.985591,4.63842
A* Static,200,Easy,104,1,0,0.985467,4.63872
A* Static,200,Easy,105,2,0,0.985436,4.63871
A* Static,200,Easy,106,1,0,0.98525,4.63886
A* Static,200,Easy,107,1,0,0.985158,4.63895
A* Static,200,Easy,108,1,0,0.984879,4.63835
A* Static,200,Easy,109,1,0,0.984756,4.63865
A* Static,200,Easy,110,1,0,0.984663,4.63836
A* Static,200,Easy,111,1,0,0.98457,4.63814
A* Static,200,Easy,112,1,0,0.984539,4.6381
A* Static,200,Easy,113,1,0,0.984508,4.63815
A* Static,200,Easy,114,1,0,0.984508,4.63793
A* Static,200,Easy,115,1,0,0.984632,4.63832
A* Static,200,Easy,116,2,0,0.984137,4.63823
A* Static,200,Easy,117,1,0,0.98389,4.63748
A* Static,200,Easy,118,1,0,0.983859,4.63738
A* Static,200,Easy,119,1,0,0.983797,4.63745
A* Static,200,Easy,120,1,0,0.983704,4.63732
A* Static,200,Easy,121,1,0,0.983643,4.63682
A* Static,200,Easy,122,3,0,0.983179,4.63577
A* Static,200,Easy,123,1,0,0.983024,4.63609
A* Static,200,Easy,124,1,0,0.982777,4.63616
A* Static,200,Easy,125,1,0,0.982746,4.63621
A* Static,200,Easy,126,1,0,0.982622,4.63629
A* Static,200,Easy,127,1,0,0.982591,4.63621
A* Static,200,Easy,128,1,0,0.982344,4.63619
A* Static,200,Easy,129,1,0,0.982313,4.63602
A* Static,200,Easy,130,1,0,0.982282,4.63604
A* Static,200,Easy,131,1,0,0.982066,4.63492
A* Static,200,Easy,132,1,0,0.982004,4.63502
A* Static,200,Easy,133,1,0,0.981725,4.63394
A* Static,200,Easy,134,1,0,0.981602,4.63371
A* Static,200,Easy,135,1,0,0.981571,4.63376
A* Static,200,Easy,136,1,0,0.97953,4.63085
A* Static,200,Easy,137,1,0,0.979468,4.63079
A* Static,200,Easy,138,1,0,0.979375,4.63057
A* Static,200,Easy,139,1,0,0.979314,4.63045
A* Static,200,Easy,140,3,0,0.978169,4.62657
A* Static,200,Easy,141,1,0,0.978108,4.62658
A* Static,200,Easy,142,1,0,0.978015,4.62629
A* Static,200,Easy,143,1,0,0.977922,4.62638
A* Static,200,Easy,144,1,0,0.977706,4.62598
A* Static,200,Easy,145,1,0,0.977675,4.62575
A* Static,200,Easy,146,1,0,0.977644,4.62574
A* Static,200,Easy,147,1,0,0.977582,4.62556
A* Static,200,Easy,148,1,0,0.977551,4.62558
A* Static,200,Easy,149,1,0,0.97752,4.6256
A* Static,200,Easy,150,1,0,0.977242,4.62524
A* Static,200,Easy,151,2,0,0.976933,4.62483
A* Static,200,Easy,152,3,0,0.976809,4.62441
A* Static,200,Easy,153,1,0,0.97585,4.62207
A* Static,200,Easy,154,1,0,0.975819,4.622
A* Static,200,Easy,155,1,0,0.975696,4.62211
A* Static,200,Easy,156,1,0,0.975696,4.62214
A* Static,200,Easy,157,1,0,0.975541,4.6223
A* Static,200,Easy,158,1,0,0.975665,4.62244
A* Static,200,Easy,159,2,0,0.975572,4.62231
A* Static,200,Easy,160,1,0,0.975541,4.62233
A* Static,200,Easy,161,1,0,0.97551,4.62235
A* Static,200,Easy,162,1,0,0.975387,4.62186
A* Static,200,Easy,163,1,0,0.975356,4.62191
A* Static,200,Easy,164,1,0,0.974923,4.62108
A* Static,200,Easy,165,1,0,0.974892,4.6211
A* Static,200,Easy,166,4,0,0.974273,4.6201
A* Static,200,Easy,167,1,0,0.973686,4.6192
A* Static,200,Easy,168,4,0,0.973469,4.61918
A* Static,200,Easy,169,1,0,0.973438,4.61914
A* Static,200,Easy,170,1,0,0.973315,4.61902
A* Static,200,Easy,171,1,0,0.973315,4.61902
A* Static,200,Easy,172,1,0,0.972882,4.6185
A* Static,200,Easy,173,1,0,0.97282,4.61851
A* Static,200,Easy,174,1,0,0.972635,4.61818
A* Static,200,Easy,175,1,0,0.972604,4.61817
A* Static,200,Easy,176,1,0,0.972418,4.61788
A* Static,200,Easy,177,1,0,0.972356,4.61801
A* Static,200,Easy,178,1,0,0.972325,4.61787
A* Static,200,Easy,179,1,0,0.972202,4.61738
A* Static,200,Easy,180,1,0,0.972109,4.61747
A* Static,200,Easy,181,1,0,0.972078,4.61743
A* Static,200,Easy,182,1,0,0.971954,4.61693
A* Static,200,Easy,183,1,0,0.971923,4.61692
A* Static,200,Easy,184,1,0,0.971892,4.61697
A* Static,200,Easy,185,1,0,0.971861,4.61689
A* Static,200,Easy,186,1,0,0.971707,4.6168
A* Static,200,Easy,187,1,0,0.971676,4.61669
A* Static,200,Easy,188,1,0,0.971645,4.61671
A* Static,200,Easy,189,1,0,0.971614,4.61661
A* Static,200,Easy,190,1,0,0.971614,4.61661
A* Static,200,Easy,191,1,0,0.971552,4.61668
A* Static,200,Easy,192,1,0,0.971459,4.61664
A* Static,200,Easy,193,1,0,0.971305,4.61623
A* Static,200,Easy,194,1,0,0.971274,4.61619
A* Static,200,Easy,195,1,0,0.97115,4.6163
A* Static,200,Easy,196,1,0,0.971119,4.61628
A* Static,200,Easy,197,1,0,0.971088,4.61621
A* Static,200,Easy,198,1,0,0.971058,4.6162
A* Static,200,Easy,199,1,0,0.970903,4.61658
A* Static,200,Easy,200,1,0,0.97081,4.61654
A* Static,200,Easy,201,1,0,0.970748,4.61623
A* Static,200,Easy,202,3,0,0.970408,4.61492
A* Static,200,Easy,203,1,0,0.970377,4.61478
A* Static,200,Easy,204,1,0,0.970346,4.61474
A* Static,200,Easy,205,1,0,0.970161,4.61402
A* Static,200,Easy,206,1,0,0.97013,4.61408
A* Static,200,Easy,207,1,0,0.970037,4.61366
A* Static,200,Easy,208,1,0,0.970006,4.61364
A* Static,200,Easy,209,2,0,0.970099,4.61343
A* Static,200,Easy,210,1,0,0.970037,4.61337
A* Static,200,Easy,211,1,0,0.970006,4.6132
A* Static,200,Easy,212,1,0,0.969913,4.61313
A* Static,200,Easy,213,2,0,0.968553,4.61144
A* Static,200,Easy,214,1,0,0.968398,4.61089
A* Static,200,Easy,215,1,0,0.968367,4.61079
A* Static,200,Easy,216,1,0,0.967038,4.60984
A* Static,200,Easy,217,1,0,0.966852,4.61018
A* Static,200,Easy,218,1,0,0.966729,4.61019
A* Static,200,Easy,219,1,0,0.966574,4.60958
A* Static,200,Easy,220,1,0,0.966388,4.60983
A* Static,200,Easy,221,1,0,0.966388,4.60983
A* Static,200,Easy,222,1,0,0.966234,4.60993
A* Static,200,Easy,223,1,0,0.965801,4.60988
A* Static,200,Easy,224,1,0,0.965739,4.60957
A* Static,200,Easy,225,1,0,0.965677,4.60938
A* Static,200,Easy,226,1,0,0.965646,4.60937
A* Static,200,Easy,227,1,0,0.965553,4.60917
A* Static,200,Easy,228,1,0,0.965244,4.6095
A* Static,200,Easy,229,1,0,0.965213,4.60935
A* Static,200,Easy,230,1,0,0.964935,4.60956
A* Static,200,Easy,231,1,0,0.964904,4.60965
A* Static,200,Easy,232,2,0,0.96475,4.6092
A* Static,200,Easy,233,1,0,0.964502,4.60929
A* Static,200,Easy,234,1,0,0.964409,4.60906
A* Static,200,Easy,235,1,0,0.964378,4.60895
A* Static,200,Easy,236,4,0,0.964286,4.60875
A* Static,200,Easy,237,1,0,0.963853,4.6088
A* Static,200,Easy,238,1,0,0.963698,4.60762
A* Static,200,Easy,239,1,0,0.963605,4.60774
A* Static,200,Easy,240,1,0,0.963575,4.6077
A* Static,200,Easy,241,1,0,0.96342,4.60734
A* Static,200,Easy,242,1,0,0.963327,4.6074
A* Static,200,Easy,243,1,0,0.962554,4.60725
A* Static,200,Easy,244,1,0,0.962461,4.6074
A* Static,200,Easy,245,1,0,0.96243,4.60739
A* Static,200,Easy,246,1,0,0.962245,4.6076
A* Static,200,Easy,247,1,0,0.962214,4.60759
A* Static,200,Easy,248,1,0,0.962152,4.60776
A* Static,200,Easy,249,1,0,0.962121,4.60781
A* Static,200,Easy,250,1,0,0.962121,4.60781
A* Static,200,Easy,251,1,0,0.962059,4.60772
A* Static,200,Easy,252,1,0,0.961998,4.60766
A* Static,200,Easy,253,1,0,0.961998,4.60766
A* Static,200,Easy,254,1,0,0.961967,4.60765
A* Static,200,Easy,255,1,0,0.961534,4.60644
A* Static,200,Easy,256,1,0,0.961224,4.60651
A* Static,200,Easy,257,1,0,0.960977,4.60638
A* Static,200,Easy,258,1,0,0.960946,4.60633
A* Static,200,Easy,259,1,0,0.960915,4.60616
A* Static,200,Easy,260,1,0,0.960884,4.60615
A* Static,200,Easy,261,1,0,0.960637,4.60585
A* Static,200,Easy,262,1,0,0.960606,4.60568
A* Static,200,Easy,263,1,0,0.960575,4.60563
A* Static,200,Easy,264,1,0,0.960544,4.60556
A* Static,200,Easy,265,1,0,0.960019,4.60524
A* Static,200,Easy,266,1,0,0.959524,4.6044
A* Static,200,Easy,267,1,0,0.959493,4.60448
A* Static,200,Easy,268,1,0,0.959462,4.6044
A* Static,200,Easy,269,1,0,0.959462,4.6044
A* Static,200,Easy,270,1,0,0.959431,4.60439
A* Static,200,Easy,271,2,0,0.959246,4.60435
A* Static,200,Easy,272,2,0,0.958751,4.60369
A* Static,200,Easy,273,1,0,0.95872,4.60355
A* Static,200,Easy,274,1,0,0.958503,4.60362
A* Static,200,Easy,275,1,0,0.958349,4.60346
A* Static,200,Easy,276,1,0,0.958318,4.60332
A* Static,200,Easy,277,1,0,0.957978,4.60321
A* Static,200,Easy,278,1,0,0.957947,4.60323
A* Static,200,Easy,279,1,0,0.957761,4.6028
A* Static,200,Easy,280,1,0,0.957638,4.60281
A* Static,200,Easy,281,1,0,0.957483,4.60268
A* Static,200,Easy,282,1,0,0.957452,4.6027
A* Static,200,Easy,283,1,0,0.957112,4.60123
A* Static,200,Easy,284,1,0,0.956957,4.60094
A* Static,200,Easy,285,1,0,0.956895,4.60092
A* Static,200,Easy,286,1,0,0.956586,4.60118
A* Static,200,Easy,287,1,0,0.956555,4.60123
A* Static,200,Easy,288,1,0,0.956494,4.60133
A* Static,200,Easy,289,1,0,0.956339,4.60085
A* Static,200,Easy,290,1,0,0.956215,4.60102
A* Static,200,Easy,291,1,0,0.956184,4.60107
A* Static,200,Easy,292,1,0,0.956122,4.60095
A* Static,200,Easy,293,1,0,0.956122,4.60095
A* Static,200,Easy,294,2,0,0.955782,4.59929
A* Static,200,Easy,295,1,0,0.955628,4.59939
A* Static,200,Easy,296,1,0,0.955442,4.5994
A* Static,200,Easy,297,1,0,0.955411,4.59929
A* Static,200,Easy,298,1,0,0.955349,4.5992
A* Static,200,Easy,299,1,0,0.955164,4.59877
A* Static,200,Easy,300,1,0,0.955133,4.59879
A* Static,200,Easy,301,1,0,0.954453,4.59905
A* Static,200,Easy,302,1,0,0.954422,4.59917
A* Static,200,Easy,303,1,0,0.954174,4.59761
A* Static,200,Easy,304,1,0,0.954143,4.59753
A* Static,200,Easy,305,1,0,0.954082,4.59741
A* Static,200,Easy,306,1,0,0.954051,4.5973
A* Static,200,Easy,307,1,0,0.95402,4.59719
A* Static,200,Easy,308,1,0,0.953989,4.59721
A* Static,200,Easy,309,1,0,0.953865,4.59689
A* Static,200,Easy,310,1,0,0.953834,4.59691
A* Static,200,Easy,311,1,0,0.953803,4.597
A* Static,200,Easy,312,1,0,0.953772,4.59708
A* Static,200,Easy,313,1,0,0.953772,4.59708
A* Static,200,Easy,314,1,0,0.953741,4.59694
A* Static,200,Easy,315,1,0,0.953556,4.59637
A* Static,200,Easy,316,1,0,0.953525,4.59633
A* Static,200,Easy,317,1,0,0.953123,4.5959
A* Static,200,Easy,318,1,0,0.953092,4.59572
A* Static,200,Easy,319,1,0,0.953061,4.59574
A* Static,200,Easy,320,1,0,0.952999,4.59581
A* Static,200,Easy,321,1,0,0.952907,4.59587
A* Static,200,Easy,322,1,0,0.952845,4.59594
A* Static,200,Easy,323,1,0,0.952814,4.59596
A* Static,200,Easy,324,1,0,0.952783,4.59592
A* Static,200,Easy,325,1,0,0.952628,4.59585
A* Static,200,Easy,326,1,0,0.952505,4.59521
A* Static,200,Easy,327,1,0,0.952412,4.5954
A* Static,200,Easy,328,1,0,0.952381,4.59526
A* Static,200,Easy,329,1,0,0.95235,4.59525
A* Static,200,Easy,330,1,0,0.952165,4.59507
A* Static,200,Easy,331,1,0,0.952134,4.59515
A* Static,200,Easy,332,3,0,0.951701,4.5938
A* Static,200,Easy,333,1,0,0.95167,4.59379
A* Static,200,Easy,334,1,0,0.951546,4.59338
A* Static,200,Easy,335,1,0,0.951422,4.59287
A* Static,200,Easy,336,1,0,0.950618,4.59168
A* Static,200,Easy,337,1,0,0.950557,4.59162
A* Static,200,Easy,338,1,0,0.950433,4.59183
A* Static,200,Easy,339,1,0,0.950031,4.59081
A* Static,200,Easy,340,1,0,0.949784,4.58966
A* Static,200,Easy,341,1,0,0.949784,4.58966
A* Static,200,Easy,342,1,0,0.949753,4.58958
A* Static,200,Easy,343,1,0,0.949722,4.5896
A* Static,200,Easy,344,1,0,0.949691,4.58952
A* Static,200,Easy,345,5,0,0.949536,4.58939
A* Static,200,Easy,346,1,0,0.949351,4.5897
A* Static,200,Easy,347,1,0,0.94932,4.58956
A* Static,200,Easy,348,1,0,0.949443,4.58971
A* Static,200,Easy,349,1,0,0.949227,4.58874
A* Static,200,Easy,350,1,0,0.949072,4.58916
A* Static,200,Easy,351,1,0,0.948609,4.58863
A* Static,200,Easy,352,1,0,0.948578,4.58855
A* Static,200,Easy,353,2,0,0.94867,4.58879
A* Static,200,Easy,354,1,0,0.948578,4.58888
A* Static,200,Easy,355,1,0,0.948516,4.58879
A* Static,200,Easy,356,1,0,0.948485,4.58874
A* Static,200,Easy,357,1,0,0.948361,4.58875
A* Static,200,Easy,358,1,0,0.94833,4.58864
A* Static,200,Easy,359,1,0,0.948207,4.58885
A* Static,200,Easy,360,2,0,0.947434,4.58939
A* Static,200,Easy,361,1,0,0.947403,4.58935
A* Static,200,Easy,362,2,0,0.947341,4.58935
A* Static,200,Easy,363,1,0,0.94731,4.58937
A* Static,200,Easy,364,1,0,0.947186,4.5886
A* Static,200,Easy,365,1,0,0.947093,4.58869
A* Static,200,Easy,366,1,0,0.946784,4.58829
A* Static,200,Easy,367,1,0,0.946722,4.58824
A* Static,200,Easy,368,1,0,0.946599,4.58818
A* Static,200,Easy,369,1,0,0.946568,4.5881
A* Static,200,Easy,370,1,0,0.946475,4.58747
A* Static,200,Easy,371,2,0,0.946259,4.58722
A* Static,200,Easy,372,1,0,0.946042,4.58683
A* Static,200,Easy,373,1,0,0.945857,4.58645
A* Static,200,Easy,374,1,0,0.945764,4.58631
A* Static,200,Easy,375,1,0,0.945145,4.58676
A* Static,200,Easy,376,1,0,0.945083,4.58677
A* Static,200,Easy,377,1,0,0.944836,4.58453
A* Static,200,Easy,378,2,0,0.944558,4.58431
A* Static,200,Easy,379,1,0,0.944527,4.58417
A* Static,200,Easy,380,1,0,0.944434,4.58406
A* Static,200,Easy,381,1,0,0.944403,4.58408
A* Static,200,Easy,382,1,0,0.944403,4.58408
A* Static,200,Easy,383,1,0,0.944341,4.58402
A* Static,200,Easy,384,1,0,0.94431,4.58407
A* Static,200,Easy,385,1,0,0.944218,4.58406
A* Static,200,Easy,386,1,0,0.94363,4.58315
A* Static,200,Easy,387,1,0,0.943537,4.58262
A* Static,200,Easy,388,1,0,0.94329,4.58277
A* Static,200,Easy,389,1,0,0.943197,4.58266
A* Static,200,Easy,390,1,0,0.943166,4.58265
A* Static,200,Easy,391,1,0,0.943074,4.58261
A* Static,200,Easy,392,1,0,0.942919,4.58274
A* Static,200,Easy,393,1,0,0.942795,4.58265
A* Static,200,Easy,394,2,0,0.942022,4.5808
A* Static,200,Easy,395,1,0,0.941991,4.58072
A* Static,200,Easy,396,1,0,0.941929,4.58072
A* Static,200,Easy,397,1,0,0.941558,4.5799
A* Static,200,Easy,398,1,0,0.941373,4.57883
A* Static,200,Easy,399,1,0,0.941218,4.57867
A* Static,200,Easy,400,1,0,0.941126,4.57859
A* Oracle,200,Easy,0,0,0,0.999907,4.65696
A* Oracle,200,Easy,1,1,4.27154,0.999907,4.65699
A* Oracle,200,Easy,2,1,4.27652,0.999907,4.65696
A* Oracle,200,Easy,3,1,4.28533,0.999907,4.65693
A* Oracle,200,Easy,4,1,4.28781,0.999907,4.65689
A* Oracle,200,Easy,5,1,4.28188,0.999907,4.65693
A* Oracle,200,Easy,6,2,4.28498,0.999907,4.65686
A* Oracle,200,Easy,7,1,4.29644,0.999907,4.65689
A* Oracle,200,Easy,8,1,4.28247,0.999907,4.65686
A* Oracle,200,Easy,9,1,4.28601,0.999907,4.65686
A* Oracle,200,Easy,10,1,4.29187,0.999907,4.65689
A* Oracle,200,Easy,11,1,4.28773,0.999907,4.65686
A* Oracle,200,Easy,12,2,4.28926,0.999907,4.65699
A* Oracle,200,Easy,13,1,4.29249,0.999907,4.65696
A* Oracle,200,Easy,14,1,4.30789,0.999907,4.65699
A* Oracle,200,Easy,15,1,4.29446,0.999907,4.65674
A* Oracle,200,Easy,16,1,4.28771,0.999907,4.65671
A* Oracle,200,Easy,17,1,4.28872,0.999907,4.65683
A* Oracle,200,Easy,18,1,4.28711,0.999876,4.65688
A* Oracle,200,Easy,19,1,4.29462,0.999876,4.65685
A* Oracle,200,Easy,20,1,4.29597,0.999876,4.65682
A* Oracle,200,Easy,21,1,4.28831,0.999876,4.65685
A* Oracle,200,Easy,22,2,4.29036,0.999876,4.65685
A* Oracle,200,Easy,23,1,4.28733,0.999876,4.65688
A* Oracle,200,Easy,24,1,4.28378,0.999876,4.65691
A* Oracle,200,Easy,25,1,4.286,0.999876,4.65691
A* Oracle,200,Easy,26,1,4.28256,0.999876,4.65695
A* Oracle,200,Easy,27,1,4.28905,0.999876,4.65688
A* Oracle,200,Easy,28,1,4.28551,0.999876,4.65676
A* Oracle,200,Easy,29,1,4.28502,0.999876,4.65673
A* Oracle,200,Easy,30,1,4.28838,0.999876,4.65673
A* Oracle,200,Easy,31,1,4.28077,0.999876,4.6567
A* Oracle,200,Easy,32,1,4.27774,0.999876,4.6567
A* Oracle,200,Easy,33,1,4.27672,0.999876,4.6567
A* Oracle,200,Easy,34,1,4.27839,0.999876,4.65667
A* Oracle,200,Easy,35,1,4.28795,0.999876,4.65664
A* Oracle,200,Easy,36,1,4.2892,0.999876,4.65661
A* Oracle,200,Easy,37,1,4.28514,0.999876,4.65661
A* Oracle,200,Easy,38,1,4.2878,0.999876,4.65661
A* Oracle,200,Easy,39,1,4.28907,0.999876,4.65667
A* Oracle,200,Easy,40,2,4.28514,0.999876,4.6567
A* Oracle,200,Easy,41,1,4.28816,0.999876,4.65673
A* Oracle,200,Easy,42,1,4.29324,0.999876,4.65676
A* Oracle,200,Easy,43,1,4.28479,0.999876,4.65673
A* Oracle,200,Easy,44,1,4.29189,0.999876,4.6567
A* Oracle,200,Easy,45,1,4.2908,0.999876,4.65676
A* Oracle,200,Easy,46,1,4.28391,0.999876,4.65676
A* Oracle,200,Easy,47,2,4.30196,0.999876,4.65654
A* Oracle,200,Easy,48,5,4.29579,0.999876,4.65664
A* Oracle,200,Easy,49,1,4.29427,0.999876,4.65661
A* Oracle,200,Easy,50,1,4.29031,0.999876,4.65657
A* Oracle,200,Easy,51,1,4.28461,0.999876,4.65654
A* Oracle,200,Easy,52,1,4.28688,0.999876,4.65627
A* Oracle,200,Easy,53,1,4.2882,0.999876,4.6563
A* Oracle,200,Easy,54,1,4.28286,0.999876,4.6563
A* Oracle,200,Easy,55,1,4.29545,0.999876,4.65633
A* Oracle,200,Easy,56,1,4.28487,0.999876,4.65639
A* Oracle,200,Easy,57,2,4.28161,0.999876,4.65639
A* Oracle,200,Easy,58,1,4.29976,0.999876,4.65642
A* Oracle,200,Easy,59,1,4.28832,0.999876,4.65639
A* Oracle,200,Easy,60,1,4.28145,0.999876,4.65639
A* Oracle,200,Easy,61,1,4.28309,0.999876,4.65639
A* Oracle,200,Easy,62,1,4.28924,0.999876,4.65636
A* Oracle,200,Easy,63,1,4.28848,0.999876,4.65645
A* Oracle,200,Easy,64,2,4.28618,0.999876,4.65478
A* Oracle,200,Easy,65,1,4.29261,0.999876,4.65478
A* Oracle,200,Easy,66,1,4.28791,0.999876,4.65472
A* Oracle,200,Easy,67,1,4.2857,0.999876,4.65469
A* Oracle,200,Easy,68,1,4.29067,0.999876,4.65469
A* Oracle,200,Easy,69,1,4.28833,0.999876,4.65472
A* Oracle,200,Easy,70,1,4.28035,0.999876,4.65475
A* Oracle,200,Easy,71,1,4.28136,0.999876,4.65475
A* Oracle,200,Easy,72,1,4.28831,0.999876,4.65478
A* Oracle,200,Easy,73,1,4.28661,0.999876,4.65481
A* Oracle,200,Easy,74,1,4.29171,0.999876,4.65444
A* Oracle,200,Easy,75,1,4.29485,0.999876,4.6545
A* Oracle,200,Easy,76,1,4.29147,0.999876,4.65444
A* Oracle,200,Easy,77,1,4.29635,0.999876,4.65438
A* Oracle,200,Easy,78,1,4.29465,0.999876,4.65435
A* Oracle,200,Easy,79,1,4.29836,0.999876,4.65435
A* Oracle,200,Easy,80,2,4.35378,0.999876,4.65444
A* Oracle,200,Easy,81,1,4.29571,0.999876,4.65441
A* Oracle,200,Easy,82,1,4.31492,0.999876,4.65444
A* Oracle,200,Easy,83,1,4.29014,0.999876,4.65447
A* Oracle,200,Easy,84,2,4.29497,0.999876,4.65456
A* Oracle,200,Easy,85,1,4.29521,0.999876,4.65463
A* Oracle,200,Easy,86,1,4.28728,0.999876,4.65463
A* Oracle,200,Easy,87,2,4.28971,0.999876,4.65466
A* Oracle,200,Easy,88,1,4.2852,0.999876,4.65475
A* Oracle,200,Easy,89,1,4.28039,0.999876,4.65475
A* Oracle,200,Easy,90,1,4.28863,0.999876,4.65475
A* Oracle,200,Easy,91,1,4.29609,0.999876,4.65472
A* Oracle,200,Easy,92,1,4.28823,0.999876,4.65469
A* Oracle,200,Easy,93,1,4.28917,0.999876,4.65469
A* Oracle,200,Easy,94,1,4.28531,0.999876,4.65472
A* Oracle,200,Easy,95,1,4.28874,0.999876,4.65472
A* Oracle,200,Easy,96,2,4.28285,0.999876,4.65472
A* Oracle,200,Easy,97,2,4.29787,0.999876,4.65469
A* Oracle,200,Easy,98,2,4.29592,0.999876,4.65472
A* Oracle,200,Easy,99,1,4.2889,0.999876,4.6545
A* Oracle,200,Easy,100,2,4.2908,0.999876,4.6545
A* Oracle,200,Easy,101,1,4.29029,0.999876,4.65456
A* Oracle,200,Easy,102,1,4.28924,0.999876,4.65456
A* Oracle,200,Easy,103,2,4.29927,0.999876,4.65456
A* Oracle,200,Easy,104,1,4.2881,0.999876,4.65466
A* Oracle,200,Easy,105,2,4.2968,0.999876,4.65466
A* Oracle,200,Easy,106,1,4.29097,0.999876,4.65463
A* Oracle,200,Easy,107,1,4.28616,0.999876,4.65463
A* Oracle,200,Easy,108,1,4.29617,0.999876,4.65506
A* Oracle,200,Easy,109,1,4.28721,0.999876,4.65512
A* Oracle,200,Easy,110,1,4.29347,0.999876,4.65512
A* Oracle,200,Easy,111,1,4.29028,0.999876,4.65503
A* Oracle,200,Easy,112,1,4.29244,0.999876,4.65503
A* Oracle,200,Easy,113,1,4.29127,0.999876,4.655
A* Oracle,200,Easy,114,1,4.29394,0.999876,4.65497
A* Oracle,200,Easy,115,1,4.28679,0.999876,4.65494
A* Oracle,200,Easy,116,2,4.29614,0.999876,4.65524
A* Oracle,200,Easy,117,1,4.29544,0.999876,4.65528
A* Oracle,200,Easy,118,1,4.28719,0.999876,4.65521
A* Oracle,200,Easy,119,1,4.29394,0.999876,4.65512
A* Oracle,200,Easy,120,1,4.2931,0.999876,4.65512
A* Oracle,200,Easy,121,1,4.29471,0.999876,4.65509
A* Oracle,200,Easy,122,3,4.29266,0.999876,4.65475
A* Oracle,200,Easy,123,1,4.28607,0.999876,4.65481
A* Oracle,200,Easy,124,1,4.29096,0.999876,4.65481
A* Oracle,200,Easy,125,1,4.2902,0.999876,4.65481
A* Oracle,200,Easy,126,1,4.29401,0.999876,4.65478
A* Oracle,200,Easy,127,1,4.29099,0.999876,4.65481
A* Oracle,200,Easy,128,1,4.29114,0.999876,4.6549
A* Oracle,200,Easy,129,1,4.29495,0.999876,4.6549
A* Oracle,200,Easy,130,1,4.2863,0.999876,4.6549
A* Oracle,200,Easy,131,1,4.29627,0.999876,4.65497
A* Oracle,200,Easy,132,1,4.29222,0.999876,4.655
A* Oracle,200,Easy,133,1,4.29214,0.999876,4.65497
A* Oracle,200,Easy,134,1,4.29612,0.999876,4.65497
A* Oracle,200,Easy,135,1,4.29007,0.999876,4.6549
A* Oracle,200,Easy,136,1,4.28686,0.999876,4.65466
A* Oracle,200,Easy,137,1,4.29481,0.999876,4.65466
A* Oracle,200,Easy,138,1,4.29967,0.999876,4.65469
A* Oracle,200,Easy,139,1,4.29986,0.999876,4.65472
A* Oracle,200,Easy,140,3,4.29755,0.999876,4.65651
A* Oracle,200,Easy,141,1,4.29592,0.999876,4.65654
A* Oracle,200,Easy,142,1,4.29215,0.999876,4.65654
A* Oracle,200,Easy,143,1,4.2893,0.999876,4.65654
A* Oracle,200,Easy,144,1,4.3058,0.999876,4.65651
A* Oracle,200,Easy,145,1,4.29257,0.999876,4.65648
A* Oracle,200,Easy,146,1,4.29627,0.999876,4.65651
A* Oracle,200,Easy,147,1,4.2968,0.999876,4.65623
A* Oracle,200,Easy,148,1,4.28674,0.999876,4.6562
A* Oracle,200,Easy,149,1,4.28598,0.999876,4.65614
A* Oracle,200,Easy,150,1,4.29289,0.999876,4.6562
A* Oracle,200,Easy,151,2,4.2846,0.999876,4.65608
A* Oracle,200,Easy,152,3,4.28481,0.999876,4.65589
A* Oracle,200,Easy,153,1,4.2949,0.999876,4.65583
A* Oracle,200,Easy,154,1,4.28301,0.999876,4.6558
A* Oracle,200,Easy,155,1,4.29386,0.999876,4.6558
A* Oracle,200,Easy,156,1,4.30066,0.999876,4.65583
A* Oracle,200,Easy,157,1,4.29088,0.999876,4.65586
A* Oracle,200,Easy,158,1,4.28302,0.999876,4.65583
A* Oracle,200,Easy,159,2,4.28836,0.999876,4.65586
A* Oracle,200,Easy,160,1,4.28568,0.999876,4.65583
A* Oracle,200,Easy,161,1,4.29641,0.999876,4.6558
A* Oracle,200,Easy,162,1,4.29199,0.999876,4.65583
A* Oracle,200,Easy,163,1,4.29599,0.999876,4.65577
A* Oracle,200,Easy,164,1,4.30032,0.999876,4.65577
A* Oracle,200,Easy,165,1,4.28886,0.999876,4.6558
A* Oracle,200,Easy,166,4,4.28829,0.999876,4.65574
A* Oracle,200,Easy,167,1,4.28886,0.999876,4.65577
A* Oracle,200,Easy,168,4,4.29324,0.999876,4.65559
A* Oracle,200,Easy,169,1,4.28153,0.999876,4.65559
A* Oracle,200,Easy,170,1,4.29926,0.999876,4.65562
A* Oracle,200,Easy,171,1,4.28062,0.999876,4.65565
A* Oracle,200,Easy,172,1,4.29049,0.999876,4.65559
A* Oracle,200,Easy,173,1,4.29197,0.999876,4.6554
A* Oracle,200,Easy,174,1,4.28571,0.999876,4.6554
A* Oracle,200,Easy,175,1,4.29631,0.999876,4.6554
A* Oracle,200,Easy,176,1,4.28875,0.999876,4.6554
A* Oracle,200,Easy,177,1,4.36332,0.999876,4.6554
A* Oracle,200,Easy,178,1,4.63225,0.999876,4.65543
A* Oracle,200,Easy,179,1,4.37414,0.999876,4.6554
A* Oracle,200,Easy,180,1,4.37412,0.999876,4.65404
A* Oracle,200,Easy,181,1,4.40071,0.999876,4.65401
A* Oracle,200,Easy,182,1,4.39876,0.999876,4.65398
A* Oracle,200,Easy,183,1,4.34447,0.999876,4.65401
A* Oracle,200,Easy,184,1,4.33082,0.999876,4.65398
A* Oracle,200,Easy,185,1,4.30371,0.999876,4.65398
A* Oracle,200,Easy,186,1,4.40894,0.999876,4.65401
A* Oracle,200,Easy,187,1,4.2792,0.999876,4.65395
A* Oracle,200,Easy,188,1,4.29101,0.999876,4.65395
A* Oracle,200,Easy,189,1,4.28174,0.999876,4.65395
A* Oracle,200,Easy,190,1,4.28562,0.999876,4.65392
A* Oracle,200,Easy,191,1,4.28258,0.999876,4.65388
A* Oracle,200,Easy,192,1,4.28139,0.999876,4.65388
A* Oracle,200,Easy,193,1,4.27409,0.999876,4.65398
A* Oracle,200,Easy,194,1,4.28263,0.999876,4.65373
A* Oracle,200,Easy,195,1,4.27997,0.999876,4.65379
A* Oracle,200,Easy,196,1,4.27787,0.999876,4.65379
A* Oracle,200,Easy,197,1,4.28843,0.999876,4.65379
A* Oracle,200,Easy,198,1,4.29148,0.999876,4.65376
A* Oracle,200,Easy,199,1,4.27835,0.999876,4.65382
A* Oracle,200,Easy,200,1,4.27468,0.999876,4.65392
A* Oracle,200,Easy,201,1,4.2925,0.999876,4.65395
A* Oracle,200,Easy,202,3,4.28306,0.999876,4.65382
A* Oracle,200,Easy,203,1,4.2956,0.999876,4.65379
A* Oracle,200,Easy,204,1,4.27203,0.999876,4.6537
A* Oracle,200,Easy,205,1,4.28042,0.999876,4.65388
A* Oracle,200,Easy,206,1,4.28316,0.999876,4.65392
A* Oracle,200,Easy,207,1,4.28208,0.999876,4.65392
A* Oracle,200,Easy,208,1,4.41036,0.999876,4.65388
A* Oracle,200,Easy,209,2,4.29297,0.999876,4.65388
A* Oracle,200,Easy,210,1,4.28301,0.999876,4.65385
A* Oracle,200,Easy,211,1,4.2833,0.999876,4.65382
A* Oracle,200,Easy,212,1,4.28271,0.999876,4.65388
A* Oracle,200,Easy,213,2,4.27606,0.999876,4.65388
A* Oracle,200,Easy,214,1,4.2828,0.999876,4.65392
A* Oracle,200,Easy,215,1,4.28122,0.999876,4.65388
A* Oracle,200,Easy,216,1,4.28459,0.999876,4.65413
A* Oracle,200,Easy,217,1,4.29374,0.999876,4.65419
A* Oracle,200,Easy,218,1,4.27809,0.999876,4.65426
A* Oracle,200,Easy,219,1,4.28191,0.999876,4.65422
A* Oracle,200,Easy,220,1,4.2848,0.999876,4.65426
A* Oracle,200,Easy,221,1,4.27849,0.999876,4.65422
A* Oracle,200,Easy,222,1,4.27723,0.999876,4.65419
A* Oracle,200,Easy,223,1,4.29057,0.999876,4.65416
A* Oracle,200,Easy,224,1,4.27837,0.999876,4.65413
A* Oracle,200,Easy,225,1,4.28655,0.999876,4.65407
A* Oracle,200,Easy,226,1,4.28036,0.999876,4.65407
A* Oracle,200,Easy,227,1,4.27865,0.999876,4.6541
A* Oracle,200,Easy,228,1,4.28308,0.999876,4.65413
A* Oracle,200,Easy,229,1,4.28582,0.999876,4.6541
A* Oracle,200,Easy,230,1,4.29603,0.999876,4.65422
A* Oracle,200,Easy,231,1,4.28857,0.999876,4.65422
A* Oracle,200,Easy,232,2,4.2856,0.999876,4.65447
A* Oracle,200,Easy,233,1,4.28525,0.999876,4.6546
A* Oracle,200,Easy,234,1,4.29074,0.999876,4.65456
A* Oracle,200,Easy,235,1,4.27975,0.999876,4.6546
A* Oracle,200,Easy,236,4,4.28142,0.999876,4.65484
A* Oracle,200,Easy,237,1,4.28421,0.999876,4.65512
A* Oracle,200,Easy,238,1,4.28828,0.999876,4.65509
A* Oracle,200,Easy,239,1,4.28245,0.999876,4.65512
A* Oracle,200,Easy,240,1,4.27773,0.999876,4.65512
A* Oracle,200,Easy,241,1,4.28297,0.999876,4.65487
A* Oracle,200,Easy,242,1,4.28645,0.999876,4.6549
A* Oracle,200,Easy,243,1,4.28715,0.999876,4.655
A* Oracle,200,Easy,244,1,4.28571,0.999876,4.6549
A* Oracle,200,Easy,245,1,4.28137,0.999876,4.6549
A* Oracle,200,Easy,246,1,4.27949,0.999876,4.6549
A* Oracle,200,Easy,247,1,4.28843,0.999876,4.65487
A* Oracle,200,Easy,248,1,4.28363,0.999876,4.65531
A* Oracle,200,Easy,249,1,4.27529,0.999876,4.65534
A* Oracle,200,Easy,250,1,4.2789,0.999876,4.65534
A* Oracle,200,Easy,251,1,4.28939,0.999876,4.65537
A* Oracle,200,Easy,252,1,4.28334,0.999876,4.65537
A* Oracle,200,Easy,253,1,4.29759,0.999876,4.65534
A* Oracle,200,Easy,254,1,4.27832,0.999876,4.65537
A* Oracle,200,Easy,255,1,4.27888,0.999876,4.65537
A* Oracle,200,Easy,256,1,4.28967,0.999876,4.6554
A* Oracle,200,Easy,257,1,4.28862,0.999876,4.65543
A* Oracle,200,Easy,258,1,4.29352,0.999876,4.65546
A* Oracle,200,Easy,259,1,4.28292,0.999876,4.65543
A* Oracle,200,Easy,260,1,4.28492,0.999876,4.65546
A* Oracle,200,Easy,261,1,4.27783,0.999876,4.65534
A* Oracle,200,Easy,262,1,4.28123,0.999876,4.65534
A* Oracle,200,Easy,263,1,4.28204,0.999876,4.65531
A* Oracle,200,Easy,264,1,4.28575,0.999876,4.65528
A* Oracle,200,Easy,265,1,4.28458,0.999876,4.65509
A* Oracle,200,Easy,266,1,4.28357,0.999876,4.65521
A* Oracle,200,Easy,267,1,4.29393,0.999876,4.65521
A* Oracle,200,Easy,268,1,4.28344,0.999876,4.65518
A* Oracle,200,Easy,269,1,4.27653,0.999876,4.65512
A* Oracle,200,Easy,270,1,4.28623,0.999876,4.65509
A* Oracle,200,Easy,271,2,4.28378,0.999876,4.65515
A* Oracle,200,Easy,272,2,4.29504,0.999876,4.65512
A* Oracle,200,Easy,273,1,4.29225,0.999876,4.65515
A* Oracle,200,Easy,274,1,4.29103,0.999876,4.65521
A* Oracle,200,Easy,275,1,4.28907,0.999876,4.65524
A* Oracle,200,Easy,276,1,4.27977,0.999876,4.65524
A* Oracle,200,Easy,277,1,4.27686,0.999876,4.65534
A* Oracle,200,Easy,278,1,4.28296,0.999876,4.65534
A* Oracle,200,Easy,279,1,4.28345,0.999876,4.65531
A* Oracle,200,Easy,280,1,4.28738,0.999876,4.65512
A* Oracle,200,Easy,281,1,4.29477,0.999876,4.65515
A* Oracle,200,Easy,282,1,4.27838,0.999876,4.65518
A* Oracle,200,Easy,283,1,4.28111,0.999876,4.65506
A* Oracle,200,Easy,284,1,4.2904,0.999876,4.65494
A* Oracle,200,Easy,285,1,4.28924,0.999876,4.65494
A* Oracle,200,Easy,286,1,4.29807,0.999876,4.65497
A* Oracle,200,Easy,287,1,4.28291,0.999876,4.65497
A* Oracle,200,Easy,288,1,4.29463,0.999876,4.655
A* Oracle,200,Easy,289,1,4.2916,0.999876,4.65503
A* Oracle,200,Easy,290,1,4.28597,0.999876,4.65503
A* Oracle,200,Easy,291,1,4.28597,0.999876,4.65506
A* Oracle,200,Easy,292,1,4.28244,0.999876,4.65509
A* Oracle,200,Easy,293,1,4.28427,0.999876,4.65487
A* Oracle,200,Easy,294,2,4.28677,0.999876,4.65475
A* Oracle,200,Easy,295,1,4.2962,0.999876,4.65475
A* Oracle,200,Easy,296,1,4.29195,0.999876,4.65456
A* Oracle,200,Easy,297,1,4.29378,0.999876,4.65456
A* Oracle,200,Easy,298,1,4.29085,0.999876,4.65456
A* Oracle,200,Easy,299,1,4.28459,0.999876,4.6546
A* Oracle,200,Easy,300,1,4.29093,0.999876,4.65456
A* Oracle,200,Easy,301,1,4.28702,0.999876,4.65432
A* Oracle,200,Easy,302,1,4.28562,0.999876,4.65432
A* Oracle,200,Easy,303,1,4.28997,0.999876,4.65435
A* Oracle,200,Easy,304,1,4.28646,0.999876,4.65432
A* Oracle,200,Easy,305,1,4.28299,0.999876,4.65435
A* Oracle,200,Easy,306,1,4.28892,0.999876,4.65432
A* Oracle,200,Easy,307,1,4.28174,0.999876,4.65429
A* Oracle,200,Easy,308,1,4.27955,0.999876,4.65432
A* Oracle,200,Easy,309,1,4.29261,0.999876,4.65429
A* Oracle,200,Easy,310,1,4.289,0.999876,4.65426
A* Oracle,200,Easy,311,1,4.28356,0.999876,4.65426
A* Oracle,200,Easy,312,1,4.2895,0.999876,4.65429
A* Oracle,200,Easy,313,1,4.28393,0.999876,4.65429
A* Oracle,200,Easy,314,1,4.28736,0.999876,4.65426
A* Oracle,200,Easy,315,1,4.28812,0.999876,4.65426
A* Oracle,200,Easy,316,1,4.28043,0.999876,4.65426
A* Oracle,200,Easy,317,1,4.29463,0.999876,4.65401
A* Oracle,200,Easy,318,1,4.27775,0.999876,4.65404
A* Oracle,200,Easy,319,1,4.28373,0.999876,4.65401
A* Oracle,200,Easy,320,1,4.27866,0.999876,4.65404
A* Oracle,200,Easy,321,1,4.28691,0.999876,4.65404
A* Oracle,200,Easy,322,1,4.28076,0.999876,4.65404
A* Oracle,200,Easy,323,1,4.28898,0.999876,4.65401
A* Oracle,200,Easy,324,1,4.28878,0.999876,4.65398
A* Oracle,200,Easy,325,1,4.28655,0.999876,4.65401
A* Oracle,200,Easy,326,1,4.27503,0.999876,4.65388
A* Oracle,200,Easy,327,1,4.2767,0.999876,4.65385
A* Oracle,200,Easy,328,1,4.29377,0.999876,4.65379
A* Oracle,200,Easy,329,1,4.27223,0.999876,4.65382
A* Oracle,200,Easy,330,1,4.27877,0.999876,4.65398
A* Oracle,200,Easy,331,1,4.27774,0.999876,4.6541
A* Oracle,200,Easy,332,3,4.26837,0.999876,4.65407
A* Oracle,200,Easy,333,1,4.27598,0.999876,4.65404
A* Oracle,200,Easy,334,1,4.27809,0.999876,4.65404
A* Oracle,200,Easy,335,1,4.27302,0.999876,4.65407
A* Oracle,200,Easy,336,1,4.26642,0.999876,4.65395
A* Oracle,200,Easy,337,1,4.28062,0.999876,4.65395
A* Oracle,200,Easy,338,1,4.26971,0.999876,4.65398
A* Oracle,200,Easy,339,1,4.27678,0.999876,4.65395
A* Oracle,200,Easy,340,1,4.29097,0.999876,4.65398
A* Oracle,200,Easy,341,1,4.27291,0.999876,4.65395
A* Oracle,200,Easy,342,1,4.2856,0.999876,4.65395
A* Oracle,200,Easy,343,1,4.27185,0.999876,4.65388
A* Oracle,200,Easy,344,1,4.2771,0.999876,4.65385
A* Oracle,200,Easy,345,5,4.27843,0.999876,4.65379
A* Oracle,200,Easy,346,1,4.27271,0.999876,4.65379
A* Oracle,200,Easy,347,1,4.27468,0.999876,4.65379
A* Oracle,200,Easy,348,1,4.28231,0.999876,4.65382
A* Oracle,200,Easy,349,1,4.27764,0.999876,4.65392
A* Oracle,200,Easy,350,1,4.27091,0.999876,4.65401
A* Oracle,200,Easy,351,1,4.28457,0.999876,4.65413
A* Oracle,200,Easy,352,1,4.28519,0.999876,4.65413
A* Oracle,200,Easy,353,2,4.27306,0.999876,4.65419
A* Oracle,200,Easy,354,1,4.27705,0.999876,4.65422
A* Oracle,200,Easy,355,1,4.28218,0.999876,4.65426
A* Oracle,200,Easy,356,1,4.27305,0.999876,4.65426
A* Oracle,200,Easy,357,1,4.2756,0.999876,4.65426
A* Oracle,200,Easy,358,1,4.26474,0.999876,4.65426
A* Oracle,200,Easy,359,1,4.27662,0.999876,4.65426
A* Oracle,200,Easy,360,2,4.27015,0.999876,4.65447
A* Oracle,200,Easy,361,1,4.26688,0.999876,4.65453
A* Oracle,200,Easy,362,2,4.28485,0.999876,4.6546
A* Oracle,200,Easy,363,1,4.26215,0.999876,4.65456
A* Oracle,200,Easy,364,1,4.26553,0.999876,4.65456
A* Oracle,200,Easy,365,1,4.2714,0.999876,4.6545
A* Oracle,200,Easy,366,1,4.27151,0.999876,4.65453
A* Oracle,200,Easy,367,1,4.26867,0.999876,4.65453
A* Oracle,200,Easy,368,1,4.27514,0.999876,4.65453
A* Oracle,200,Easy,369,1,4.2711,0.999876,4.65453
A* Oracle,200,Easy,370,1,4.2804,0.999876,4.65453
A* Oracle,200,Easy,371,2,4.28278,0.999876,4.65447
A* Oracle,200,Easy,372,1,4.27529,0.999876,4.6545
A* Oracle,200,Easy,373,1,4.27452,0.999876,4.6545
A* Oracle,200,Easy,374,1,4.27093,0.999876,4.65453
A* Oracle,200,Easy,375,1,4.29523,0.999876,4.65475
A* Oracle,200,Easy,376,1,4.27345,0.999876,4.65475
A* Oracle,200,Easy,377,1,4.27211,0.999876,4.65478
A* Oracle,200,Easy,378,2,4.27681,0.999876,4.65475
A* Oracle,200,Easy,379,1,4.28714,0.999876,4.65472
A* Oracle,200,Easy,380,1,4.28,0.999876,4.65481
A* Oracle,200,Easy,381,1,4.26973,0.999876,4.65484
A* Oracle,200,Easy,382,1,4.27184,0.999876,4.65484
A* Oracle,200,Easy,383,1,4.27986,0.999876,4.65484
A* Oracle,200,Easy,384,1,4.27553,0.999876,4.65484
A* Oracle,200,Easy,385,1,4.27932,0.999876,4.65487
A* Oracle,200,Easy,386,1,4.28176,0.999876,4.65518
A* Oracle,200,Easy,387,1,4.27519,0.999876,4.65515
A* Oracle,200,Easy,388,1,4.28066,0.999876,4.65515
A* Oracle,200,Easy,389,1,4.27182,0.999876,4.65515
A* Oracle,200,Easy,390,1,4.28013,0.999876,4.65515
A* Oracle,200,Easy,391,1,4.27764,0.999876,4.65518
A* Oracle,200,Easy,392,1,4.28318,0.999876,4.65518
A* Oracle,200,Easy,393,1,4.28096,0.999876,4.65524
A* Oracle,200,Easy,394,2,4.27297,0.999876,4.65494
A* Oracle,200,Easy,395,1,4.28708,0.999876,4.6549
A* Oracle,200,Easy,396,1,4.27664,0.999876,4.65494
A* Oracle,200,Easy,397,1,4.27513,0.999876,4.65503
A* Oracle,200,Easy,398,1,4.28139,0.999876,4.65497
A* Oracle,200,Easy,399,1,4.27198,0.999876,4.65503
A* Oracle,200,Easy,400,1,4.28206,0.999876,4.65506
HierarchySmart,200,Easy,0,0,0,0.997279,6.34172
HierarchySmart,200,Easy,1,1,0.0074077,0.997279,6.34187
HierarchySmart,200,Easy,2,1,0.00264896,0.997279,6.34509
HierarchySmart,200,Easy,3,1,0.010367,0.997279,6.34509
HierarchySmart,200,Easy,4,1,0.00743101,0.997279,6.345
HierarchySmart,200,Easy,5,1,0.0132924,0.997279,6.34506
HierarchySmart,200,Easy,6,2,0.0858034,0.997248,6.34538
HierarchySmart,200,Easy,7,1,0.00577869,0.997248,6.34545
HierarchySmart,200,Easy,8,1,0.00543338,0.997248,6.34548
HierarchySmart,200,Easy,9,1,0.00557876,0.997248,6.34557
HierarchySmart,200,Easy,10,1,0.0457071,0.997248,6.3456
HierarchySmart,200,Easy,11,1,0.0499908,0.997248,6.34566
HierarchySmart,200,Easy,12,2,0.0113611,0.997248,6.34582
HierarchySmart,200,Easy,13,1,0.00585178,0.997248,6.34585
HierarchySmart,200,Easy,14,1,0.00823318,0.997248,6.34588
HierarchySmart,200,Easy,15,1,0.00443771,0.997248,6.34573
HierarchySmart,200,Easy,16,1,0.0117985,0.997248,6.34566
HierarchySmart,200,Easy,17,1,0.00490798,0.997248,6.34573
HierarchySmart,200,Easy,18,1,0.00931917,0.997217,6.34577
HierarchySmart,200,Easy,19,1,0.0170806,0.997217,6.34577
HierarchySmart,200,Easy,20,1,0.0877683,0.997217,6.34574
HierarchySmart,200,Easy,21,1,0.00413699,0.997248,6.34582
HierarchySmart,200,Easy,22,2,0.0173802,0.997248,6.34591
HierarchySmart,200,Easy,23,1,0.00463218,0.997217,6.34602
HierarchySmart,200,Easy,24,1,4.37607,0.997217,6.35433
HierarchySmart,200,Easy,25,1,0.0105851,0.997155,6.35444
HierarchySmart,200,Easy,26,1,0.00720148,0.997155,6.35456
HierarchySmart,200,Easy,27,1,0.0325628,0.997155,6.35453
HierarchySmart,200,Easy,28,1,0.00630553,0.997155,6.35453
HierarchySmart,200,Easy,29,1,0.0158028,0.997155,6.35472
HierarchySmart,200,Easy,30,1,0.904971,0.997155,6.34573
HierarchySmart,200,Easy,31,1,0.0108084,0.997155,6.34566
HierarchySmart,200,Easy,32,1,0.00581547,0.997155,6.34566
HierarchySmart,200,Easy,33,1,0.00939637,0.997155,6.3457
HierarchySmart,200,Easy,34,1,0.00481418,0.997124,6.34574
HierarchySmart,200,Easy,35,1,0.0752078,0.997124,6.34571
HierarchySmart,200,Easy,36,1,0.00649419,0.997124,6.34568
HierarchySmart,200,Easy,37,1,0.00487614,0.997124,6.34568
HierarchySmart,200,Easy,38,1,0.00439805,0.997124,6.34583
HierarchySmart,200,Easy,39,1,0.0110448,0.997124,6.3458
HierarchySmart,200,Easy,40,2,0.0486844,0.997124,6.34605
HierarchySmart,200,Easy,41,1,0.0149418,0.997124,6.34636
HierarchySmart,200,Easy,42,1,0.0036536,0.997124,6.34636
HierarchySmart,200,Easy,43,1,0.00869924,0.997124,6.34636
HierarchySmart,200,Easy,44,1,0.00318495,0.997124,6.34626
HierarchySmart,200,Easy,45,1,0.00613194,0.997124,6.34648
HierarchySmart,200,Easy,46,1,0.020622,0.997124,6.34651
HierarchySmart,200,Easy,47,2,0.0544995,0.997217,6.34741
HierarchySmart,200,Easy,48,5,2.98273,0.997279,6.34057
HierarchySmart,200,Easy,49,1,0.00576387,0.997248,6.34052
HierarchySmart,200,Easy,50,1,0.00618783,0.997155,6.34011
HierarchySmart,200,Easy,51,1,0.00824792,0.997155,6.34015
HierarchySmart,200,Easy,52,1,1.33069,0.997186,6.33762
HierarchySmart,200,Easy,53,1,0.00647482,0.997186,6.33768
HierarchySmart,200,Easy,54,1,0.0166663,0.997186,6.33806
HierarchySmart,200,Easy,55,1,0.0136015,0.997186,6.33809
HierarchySmart,200,Easy,56,1,0.00664865,0.997186,6.33809
HierarchySmart,200,Easy,57,2,0.0166584,0.997186,6.33831
HierarchySmart,200,Easy,58,1,0.966979,0.997186,6.33809
HierarchySmart,200,Easy,59,1,0.0117736,0.997186,6.33964
HierarchySmart,200,Easy,60,1,0.0129652,0.997186,6.33936
HierarchySmart,200,Easy,61,1,0.0192108,0.997186,6.33939
HierarchySmart,200,Easy,62,1,0.00530694,0.997186,6.33933
HierarchySmart,200,Easy,63,1,0.00442532,0.997186,6.33911
HierarchySmart,200,Easy,64,2,1.44032,0.997186,6.34088
HierarchySmart,200,Easy,65,1,0.00478997,0.997186,6.34094
HierarchySmart,200,Easy,66,1,0.00479085,0.997186,6.34113
HierarchySmart,200,Easy,67,1,0.00695611,0.997186,6.34134
HierarchySmart,200,Easy,68,1,0.00358112,0.997186,6.34122
HierarchySmart,200,Easy,69,1,0.0183481,0.997186,6.34137
HierarchySmart,200,Easy,70,1,0.00727605,0.997186,6.34116
HierarchySmart,200,Easy,71,1,0.00921778,0.997186,6.34131
HierarchySmart,200,Easy,72,1,0.00768686,0.996815,6.34097
HierarchySmart,200,Easy,73,1,0.00639861,0.996815,6.34101
HierarchySmart,200,Easy,74,1,0.0107229,0.996753,6.3414
HierarchySmart,200,Easy,75,1,1.30451,0.996753,6.33191
HierarchySmart,200,Easy,76,1,0.00701987,0.996753,6.33191
HierarchySmart,200,Easy,77,1,0.00384878,0.996753,6.33194
HierarchySmart,200,Easy,78,1,0.00545536,0.996413,6.33159
HierarchySmart,200,Easy,79,1,0.00598629,0.996413,6.33162
HierarchySmart,200,Easy,80,2,1.89391,0.996444,6.32351
HierarchySmart,200,Easy,81,1,0.013634,0.996444,6.3236
HierarchySmart,200,Easy,82,1,1.13328,0.996475,6.3198
HierarchySmart,200,Easy,83,1,0.00527431,0.996475,6.32154
HierarchySmart,200,Easy,84,2,0.0196004,0.996475,6.32204
HierarchySmart,200,Easy,85,1,0.00896761,0.996475,6.32216
HierarchySmart,200,Easy,86,1,0.00436766,0.996475,6.32185
HierarchySmart,200,Easy,87,2,0.0689563,0.996444,6.3218
HierarchySmart,200,Easy,88,1,0.00800958,0.996413,6.32218
HierarchySmart,200,Easy,89,1,0.00572824,0.996413,6.32218
HierarchySmart,200,Easy,90,1,0.0142798,0.996413,6.32218
HierarchySmart,200,Easy,91,1,0.00555369,0.99632,6.32327
HierarchySmart,200,Easy,92,1,0.0424047,0.99632,6.32345
HierarchySmart,200,Easy,93,1,0.00474633,0.99564,6.32554
HierarchySmart,200,Easy,94,1,0.0730976,0.99564,6.3256
HierarchySmart,200,Easy,95,1,0.0071101,0.99564,6.32566
HierarchySmart,200,Easy,96,2,0.0396477,0.99564,6.32582
HierarchySmart,200,Easy,97,2,0.0146393,0.99564,6.32585
HierarchySmart,200,Easy,98,2,0.0152924,0.995485,6.32571
HierarchySmart,200,Easy,99,1,0.0113456,0.995455,6.32622
HierarchySmart,200,Easy,100,2,0.0445129,0.995424,6.32698
HierarchySmart,200,Easy,101,1,0.0239598,0.995424,6.32732
HierarchySmart,200,Easy,102,1,0.00470744,0.995424,6.32738
HierarchySmart,200,Easy,103,2,0.0118197,0.995424,6.32729
HierarchySmart,200,Easy,104,1,2.51698,0.995455,6.31451
HierarchySmart,200,Easy,105,2,0.0304634,0.995269,6.31364
HierarchySmart,200,Easy,106,1,0.00434189,0.995269,6.31401
HierarchySmart,200,Easy,107,1,0.00317392,0.995269,6.31392
HierarchySmart,200,Easy,108,1,0.00651674,0.995238,6.31448
HierarchySmart,200,Easy,109,1,0.00304485,0.995145,6.3147
HierarchySmart,200,Easy,110,1,0.0141989,0.995145,6.31482
HierarchySmart,200,Easy,111,1,0.0255446,0.994898,6.31531
HierarchySmart,200,Easy,112,1,0.0048203,0.994898,6.31537
HierarchySmart,200,Easy,113,1,0.0061856,0.994898,6.31562
HierarchySmart,200,Easy,114,1,0.0135344,0.994898,6.31556
HierarchySmart,200,Easy,115,1,0.0275033,0.994898,6.31577
HierarchySmart,200,Easy,116,2,0.0152911,0.994743,6.31654
HierarchySmart,200,Easy,117,1,0.0360779,0.994682,6.31597
HierarchySmart,200,Easy,118,1,0.0201461,0.994682,6.31559
HierarchySmart,200,Easy,119,1,0.0103312,0.994651,6.3156
HierarchySmart,200,Easy,120,1,0.00618294,0.994651,6.31486
HierarchySmart,200,Easy,121,1,0.0173154,0.994651,6.31489
HierarchySmart,200,Easy,122,3,0.163946,0.994558,6.31507
HierarchySmart,200,Easy,123,1,0.00215224,0.994527,6.31561
HierarchySmart,200,Easy,124,1,0.0449496,0.994527,6.31564
HierarchySmart,200,Easy,125,1,0.00543214,0.994527,6.31564
HierarchySmart,200,Easy,126,1,0.00491663,0.994527,6.31648
HierarchySmart,200,Easy,127,1,0.0172216,0.994496,6.3164
HierarchySmart,200,Easy,128,1,0.00933741,0.994496,6.31655
HierarchySmart,200,Easy,129,1,0.00626167,0.994496,6.31665
HierarchySmart,200,Easy,130,1,0.00596417,0.994496,6.31677
HierarchySmart,200,Easy,131,1,0.0705422,0.994496,6.31677
HierarchySmart,200,Easy,132,1,0.00301846,0.994125,6.31835
HierarchySmart,200,Easy,133,1,0.015088,0.993939,6.32246
HierarchySmart,200,Easy,134,1,0.00457718,0.993939,6.32246
HierarchySmart,200,Easy,135,1,0.00299363,0.993939,6.32242
HierarchySmart,200,Easy,136,1,0.0153828,0.993939,6.3237
HierarchySmart,200,Easy,137,1,0.00461963,0.993908,6.32346
HierarchySmart,200,Easy,138,1,0.0107686,0.993908,6.32352
HierarchySmart,200,Easy,139,1,0.0088287,0.993908,6.32368
HierarchySmart,200,Easy,140,3,0.0483475,0.993785,6.3231
HierarchySmart,200,Easy,141,1,0.010025,0.993785,6.32313
HierarchySmart,200,Easy,142,1,0.0112367,0.993754,6.32298
HierarchySmart,200,Easy,143,1,0.0165994,0.993754,6.32314
HierarchySmart,200,Easy,144,1,0.0316514,0.993754,6.32295
HierarchySmart,200,Easy,145,1,0.0566888,0.993754,6.32304
HierarchySmart,200,Easy,146,1,0.00440336,0.993754,6.32311
HierarchySmart,200,Easy,147,1,0.00666513,0.993754,6.32304
HierarchySmart,200,Easy,148,1,0.00471739,0.993352,6.32233
HierarchySmart,200,Easy,149,1,0.0682626,0.993352,6.32246
HierarchySmart,200,Easy,150,1,0.0195903,0.993352,6.32305
HierarchySmart,200,Easy,151,2,0.0270223,0.993352,6.32168
HierarchySmart,200,Easy,152,3,1.07978,0.994125,6.31347
HierarchySmart,200,Easy,153,1,0.00665481,0.994032,6.319
HierarchySmart,200,Easy,154,1,0.0177196,0.994001,6.31873
HierarchySmart,200,Easy,155,1,0.00753425,0.99397,6.31899
HierarchySmart,200,Easy,156,1,0.0174652,0.993939,6.3176
HierarchySmart,200,Easy,157,1,0.00747814,0.993939,6.31776
HierarchySmart,200,Easy,158,1,0.00443648,0.993939,6.31779
HierarchySmart,200,Easy,159,2,1.63567,0.993908,6.31833
HierarchySmart,200,Easy,160,1,0.0134599,0.993908,6.31808
HierarchySmart,200,Easy,161,1,0.00767975,0.993908,6.31811
HierarchySmart,200,Easy,162,1,0.00958916,0.993908,6.31817
HierarchySmart,200,Easy,163,1,0.00495629,0.993878,6.31812
HierarchySmart,200,Easy,164,1,0.00500983,0.993321,6.31771
HierarchySmart,200,Easy,165,1,0.00638361,0.993321,6.31777
HierarchySmart,200,Easy,166,4,0.0229134,0.993321,6.31724
HierarchySmart,200,Easy,167,1,0.00545699,0.993321,6.31764
HierarchySmart,200,Easy,168,4,0.81004,0.993352,6.31832
HierarchySmart,200,Easy,169,1,0.00851869,0.993352,6.31844
HierarchySmart,200,Easy,170,1,0.0282761,0.993352,6.31851
HierarchySmart,200,Easy,171,1,0.00730532,0.993352,6.31857
HierarchySmart,200,Easy,172,1,0.00413705,0.993352,6.3186
HierarchySmart,200,Easy,173,1,0.00507962,0.993352,6.31832
HierarchySmart,200,Easy,174,1,0.0079254,0.993352,6.31841
HierarchySmart,200,Easy,175,1,0.00689935,0.993352,6.31841
HierarchySmart,200,Easy,176,1,1.22654,0.993352,6.31577
HierarchySmart,200,Easy,177,1,0.00287885,0.993352,6.31583
HierarchySmart,200,Easy,178,1,0.0432081,0.993352,6.31583
HierarchySmart,200,Easy,179,1,0.0122964,0.993352,6.3162
HierarchySmart,200,Easy,180,1,0.0438423,0.993259,6.31782
HierarchySmart,200,Easy,181,1,0.00642455,0.993259,6.31779
HierarchySmart,200,Easy,182,1,0.0315411,0.993259,6.31791
HierarchySmart,200,Easy,183,1,0.00543647,0.993228,6.31795
HierarchySmart,200,Easy,184,1,0.00518945,0.993228,6.31789
HierarchySmart,200,Easy,185,1,0.0162994,0.993228,6.31817
HierarchySmart,200,Easy,186,1,0.00712279,0.993228,6.31556
HierarchySmart,200,Easy,187,1,0.0218159,0.993228,6.31556
HierarchySmart,200,Easy,188,1,0.00840486,0.993228,6.31553
HierarchySmart,200,Easy,189,1,0.0471809,0.993197,6.31547
HierarchySmart,200,Easy,190,1,0.0114371,0.993197,6.31547
HierarchySmart,200,Easy,191,1,0.0113168,0.993166,6.31542
HierarchySmart,200,Easy,192,1,0.015806,0.993166,6.3152
HierarchySmart,200,Easy,193,1,0.0142667,0.99295,6.31403
HierarchySmart,200,Easy,194,1,0.00696169,0.99295,6.31396
HierarchySmart,200,Easy,195,1,0.93451,0.99295,6.30515
HierarchySmart,200,Easy,196,1,0.00529576,0.99295,6.30512
HierarchySmart,200,Easy,197,1,0.00552759,0.99295,6.30515
HierarchySmart,200,Easy,198,1,0.00970887,0.992857,6.30496
HierarchySmart,200,Easy,199,1,0.0124104,0.992857,6.30512
HierarchySmart,200,Easy,200,1,0.00858387,0.992857,6.30521
HierarchySmart,200,Easy,201,1,0.0105598,0.992857,6.30524
HierarchySmart,200,Easy,202,3,0.0370784,0.992826,6.30513
HierarchySmart,200,Easy,203,1,0.0318222,0.992795,6.30495
HierarchySmart,200,Easy,204,1,0.00590847,0.992795,6.30492
HierarchySmart,200,Easy,205,1,0.00891038,0.992795,6.30482
HierarchySmart,200,Easy,206,1,0.0109453,0.992239,6.30537
HierarchySmart,200,Easy,207,1,0.0246016,0.992239,6.30543
HierarchySmart,200,Easy,208,1,0.00985662,0.992239,6.3054
HierarchySmart,200,Easy,209,2,0.0176113,0.992239,6.30537
HierarchySmart,200,Easy,210,1,0.00669109,0.992239,6.30596
HierarchySmart,200,Easy,211,1,0.0366441,0.992239,6.30593
HierarchySmart,200,Easy,212,1,1.02399,0.992239,6.30232
HierarchySmart,200,Easy,213,2,0.0123345,0.992115,6.30263
HierarchySmart,200,Easy,214,1,0.0169734,0.992053,6.30256
HierarchySmart,200,Easy,215,1,0.0127024,0.992053,6.30262
HierarchySmart,200,Easy,216,1,0.00813583,0.992022,6.30304
HierarchySmart,200,Easy,217,1,0.00508161,0.991558,6.30411
HierarchySmart,200,Easy,218,1,0.00254016,0.991558,6.30418
HierarchySmart,200,Easy,219,1,0.0143278,0.991466,6.30383
HierarchySmart,200,Easy,220,1,0.00877164,0.990383,6.30382
HierarchySmart,200,Easy,221,1,0.00565436,0.990414,6.30359
HierarchySmart,200,Easy,222,1,0.718573,0.990445,6.29793
HierarchySmart,200,Easy,223,1,1.67081,0.990538,6.28938
HierarchySmart,200,Easy,224,1,0.0133206,0.990538,6.28935
HierarchySmart,200,Easy,225,1,0.00872151,0.990538,6.28932
HierarchySmart,200,Easy,226,1,0.00690489,0.990538,6.28935
HierarchySmart,200,Easy,227,1,0.0073489,0.990538,6.28947
HierarchySmart,200,Easy,228,1,0.00861015,0.990538,6.28957
HierarchySmart,200,Easy,229,1,0.00990188,0.990538,6.2895
HierarchySmart,200,Easy,230,1,1.01492,0.990662,6.28357
HierarchySmart,200,Easy,231,1,0.00405617,0.990662,6.28354
HierarchySmart,200,Easy,232,2,0.0435064,0.990631,6.28352
HierarchySmart,200,Easy,233,1,0.00887857,0.990631,6.28386
HierarchySmart,200,Easy,234,1,0.0306803,0.990631,6.28417
HierarchySmart,200,Easy,235,1,0.04761,0.990631,6.2842
HierarchySmart,200,Easy,236,4,1.6059,0.990693,6.28125
HierarchySmart,200,Easy,237,1,0.00838662,0.990693,6.28122
HierarchySmart,200,Easy,238,1,0.0227751,0.990693,6.28119
HierarchySmart,200,Easy,239,1,0.0124775,0.990693,6.28085
HierarchySmart,200,Easy,240,1,0.00861742,0.990693,6.28085
HierarchySmart,200,Easy,241,1,0.00925351,0.990662,6.28092
HierarchySmart,200,Easy,242,1,0.00509793,0.990662,6.28089
HierarchySmart,200,Easy,243,1,0.00557851,0.990662,6.28089
HierarchySmart,200,Easy,244,1,1.34752,0.990724,6.27665
HierarchySmart,200,Easy,245,1,0.00372153,0.990662,6.27664
HierarchySmart,200,Easy,246,1,0.00321344,0.990662,6.2767
HierarchySmart,200,Easy,247,1,0.00624165,0.990662,6.27667
HierarchySmart,200,Easy,248,1,0.00738475,0.990662,6.27739
HierarchySmart,200,Easy,249,1,0.00659549,0.990662,6.27742
HierarchySmart,200,Easy,250,1,0.00706155,0.990662,6.27773
HierarchySmart,200,Easy,251,1,0.0107128,0.990662,6.27786
HierarchySmart,200,Easy,252,1,0.00574425,0.990662,6.27795
HierarchySmart,200,Easy,253,1,0.0272844,0.990662,6.27789
HierarchySmart,200,Easy,254,1,0.00807795,0.990662,6.27798
HierarchySmart,200,Easy,255,1,0.0103938,0.9906,6.27778
HierarchySmart,200,Easy,256,1,0.00586869,0.9906,6.27778
HierarchySmart,200,Easy,257,1,0.0197003,0.990569,6.27791
HierarchySmart,200,Easy,258,1,0.00897231,0.990569,6.27813
HierarchySmart,200,Easy,259,1,0.0377195,0.990569,6.27816
HierarchySmart,200,Easy,260,1,0.040292,0.990538,6.27824
HierarchySmart,200,Easy,261,1,0.00648701,0.990538,6.2782
HierarchySmart,200,Easy,262,1,0.0567924,0.990538,6.27824
HierarchySmart,200,Easy,263,1,0.00603283,0.990507,6.27821
HierarchySmart,200,Easy,264,1,0.0583505,0.990445,6.27823
HierarchySmart,200,Easy,265,1,0.00629112,0.990445,6.27823
HierarchySmart,200,Easy,266,1,0.0474942,0.990414,6.27852
HierarchySmart,200,Easy,267,1,0.00284726,0.990414,6.27899
HierarchySmart,200,Easy,268,1,0.0174991,0.990414,6.27899
HierarchySmart,200,Easy,269,1,0.0052525,0.990414,6.27899
HierarchySmart,200,Easy,270,1,0.00458155,0.990414,6.27921
HierarchySmart,200,Easy,271,2,0.0138001,0.990414,6.27958
HierarchySmart,200,Easy,272,2,0.0129121,0.990043,6.28112
HierarchySmart,200,Easy,273,1,0.0574812,0.990012,6.28094
HierarchySmart,200,Easy,274,1,0.00796837,0.990043,6.28087
HierarchySmart,200,Easy,275,1,0.0116799,0.990043,6.28097
HierarchySmart,200,Easy,276,1,0.0137765,0.990043,6.281
HierarchySmart,200,Easy,277,1,1.26784,0.990043,6.28119
HierarchySmart,200,Easy,278,1,0.00310466,0.990043,6.28131
HierarchySmart,200,Easy,279,1,0.0238999,0.990043,6.2815
HierarchySmart,200,Easy,280,1,0.00777454,0.990043,6.2815
HierarchySmart,200,Easy,281,1,0.0128627,0.990043,6.28147
HierarchySmart,200,Easy,282,1,0.00445379,0.990043,6.28212
HierarchySmart,200,Easy,283,1,0.0176657,0.990043,6.28215
HierarchySmart,200,Easy,284,1,0.00477746,0.990043,6.283
HierarchySmart,200,Easy,285,1,0.00887633,0.990043,6.28309
HierarchySmart,200,Easy,286,1,0.00569626,0.990043,6.28325
HierarchySmart,200,Easy,287,1,0.00447308,0.990043,6.28325
HierarchySmart,200,Easy,288,1,0.00535175,0.990012,6.28338
HierarchySmart,200,Easy,289,1,0.0336444,0.989981,6.28389
HierarchySmart,200,Easy,290,1,0.00298783,0.989981,6.28389
HierarchySmart,200,Easy,291,1,0.00360406,0.989981,6.28392
HierarchySmart,200,Easy,292,1,0.00568568,0.989981,6.28398
HierarchySmart,200,Easy,293,1,0.0357847,0.989981,6.28295
HierarchySmart,200,Easy,294,2,0.110471,0.989981,6.28348
HierarchySmart,200,Easy,295,1,0.70723,0.989981,6.28014
HierarchySmart,200,Easy,296,1,0.00546198,0.989981,6.27992
HierarchySmart,200,Easy,297,1,0.0159117,0.989981,6.27983
HierarchySmart,200,Easy,298,1,0.0228957,0.989981,6.27986
HierarchySmart,200,Easy,299,1,0.00675237,0.989981,6.27989
HierarchySmart,200,Easy,300,1,0.00314588,0.989981,6.27989
HierarchySmart,200,Easy,301,1,0.00423138,0.989981,6.28005
HierarchySmart,200,Easy,302,1,0.00740138,0.989981,6.28008
HierarchySmart,200,Easy,303,1,0.0174672,0.989981,6.28014
HierarchySmart,200,Easy,304,1,0.00657487,0.989981,6.28011
HierarchySmart,200,Easy,305,1,0.00597537,0.989981,6.28308
HierarchySmart,200,Easy,306,1,0.0087017,0.989981,6.28305
HierarchySmart,200,Easy,307,1,0.0101095,0.989981,6.28301
HierarchySmart,200,Easy,308,1,0.0224845,0.989981,6.28308
HierarchySmart,200,Easy,309,1,0.00593745,0.989981,6.28305
HierarchySmart,200,Easy,310,1,0.0122675,0.989981,6.28301
HierarchySmart,200,Easy,311,1,0.00414007,0.989951,6.28312
HierarchySmart,200,Easy,312,1,0.0047598,0.989981,6.28317
HierarchySmart,200,Easy,313,1,0.0214608,0.989981,6.28336
HierarchySmart,200,Easy,314,1,0.0559791,0.989951,6.28315
HierarchySmart,200,Easy,315,1,0.0128642,0.989951,6.28315
HierarchySmart,200,Easy,316,1,0.00726847,0.989951,6.28321
HierarchySmart,200,Easy,317,1,0.0129344,0.989951,6.28368
HierarchySmart,200,Easy,318,1,0.0365734,0.989951,6.28371
HierarchySmart,200,Easy,319,1,0.0226745,0.989951,6.28374
HierarchySmart,200,Easy,320,1,0.00370186,0.989951,6.28368
HierarchySmart,200,Easy,321,1,0.00337467,0.989858,6.28405
HierarchySmart,200,Easy,322,1,0.00387227,0.989827,6.28406
HierarchySmart,200,Easy,323,1,0.928354,0.989827,6.27737
HierarchySmart,200,Easy,324,1,0.00612325,0.989827,6.2774
HierarchySmart,200,Easy,325,1,0.00431553,0.989827,6.27744
HierarchySmart,200,Easy,326,1,0.00861636,0.989827,6.27747
HierarchySmart,200,Easy,327,1,0.00497934,0.989827,6.27919
HierarchySmart,200,Easy,328,1,0.0126671,0.989796,6.27907
HierarchySmart,200,Easy,329,1,0.00482155,0.989796,6.27907
HierarchySmart,200,Easy,330,1,0.00784944,0.989796,6.27973
HierarchySmart,200,Easy,331,1,0.00453961,0.989765,6.27977
HierarchySmart,200,Easy,332,3,0.0305957,0.989734,6.28002
HierarchySmart,200,Easy,333,1,0.020534,0.989703,6.27997
HierarchySmart,200,Easy,334,1,0.0053924,0.989703,6.28019
HierarchySmart,200,Easy,335,1,0.00876061,0.989703,6.28025
HierarchySmart,200,Easy,336,1,0.00318671,0.989734,6.28018
HierarchySmart,200,Easy,337,1,0.00782616,0.989734,6.28024
HierarchySmart,200,Easy,338,1,0.83353,0.989765,6.27536
HierarchySmart,200,Easy,339,1,0.00802039,0.989703,6.27541
HierarchySmart,200,Easy,340,1,0.0330582,0.989703,6.27544
HierarchySmart,200,Easy,341,1,0.00405302,0.989703,6.27541
HierarchySmart,200,Easy,342,1,1.1942,0.989703,6.26919
HierarchySmart,200,Easy,343,1,0.00717632,0.989734,6.26896
HierarchySmart,200,Easy,344,1,0.00741073,0.989734,6.26884
HierarchySmart,200,Easy,345,5,6.8821,0.989827,6.22339
HierarchySmart,200,Easy,346,1,0.00428824,0.989827,6.22336
HierarchySmart,200,Easy,347,1,0.0342648,0.989827,6.22339
HierarchySmart,200,Easy,348,1,0.00734579,0.989363,6.22422
HierarchySmart,200,Easy,349,1,0.0095836,0.989363,6.22431
HierarchySmart,200,Easy,350,1,0.673037,0.989456,6.21807
HierarchySmart,200,Easy,351,1,0.00533352,0.989456,6.21807
HierarchySmart,200,Easy,352,1,0.0068902,0.989456,6.21807
HierarchySmart,200,Easy,353,2,0.0526543,0.989456,6.21848
HierarchySmart,200,Easy,354,1,0.0107115,0.989456,6.21863
HierarchySmart,200,Easy,355,1,0.623045,0.989456,6.21229
HierarchySmart,200,Easy,356,1,0.00519856,0.989456,6.21232
HierarchySmart,200,Easy,357,1,0.00372823,0.989394,6.21327
HierarchySmart,200,Easy,358,1,0.0242751,0.989394,6.2133
HierarchySmart,200,Easy,359,1,0.00245904,0.989394,6.21349
HierarchySmart,200,Easy,360,2,0.0199321,0.989394,6.21571
HierarchySmart,200,Easy,361,1,0.00650835,0.989394,6.21574
HierarchySmart,200,Easy,362,2,0.0212229,0.989363,6.21587
HierarchySmart,200,Easy,363,1,0.0022532,0.989363,6.21584
HierarchySmart,200,Easy,364,1,0.0461147,0.989363,6.21584
HierarchySmart,200,Easy,365,1,0.00518008,0.989363,6.21575
HierarchySmart,200,Easy,366,1,0.00824688,0.989363,6.21587
HierarchySmart,200,Easy,367,1,0.0115461,0.989363,6.21587
HierarchySmart,200,Easy,368,1,0.00472413,0.989332,6.21594
HierarchySmart,200,Easy,369,1,0.0178727,0.989332,6.21657
HierarchySmart,200,Easy,370,1,0.0722414,0.989332,6.2166
HierarchySmart,200,Easy,371,2,0.0784424,0.989332,6.21682
HierarchySmart,200,Easy,372,1,0.00884424,0.989332,6.21678
HierarchySmart,200,Easy,373,1,0.0108536,0.989332,6.217
HierarchySmart,200,Easy,374,1,0.00531186,0.989301,6.21695
HierarchySmart,200,Easy,375,1,0.00560432,0.989301,6.2187
HierarchySmart,200,Easy,376,1,0.00788297,0.989301,6.21904
HierarchySmart,200,Easy,377,1,0.053562,0.989301,6.21907
HierarchySmart,200,Easy,378,2,0.0136719,0.989208,6.21978
HierarchySmart,200,Easy,379,1,0.00626755,0.989177,6.21969
HierarchySmart,200,Easy,380,1,0.00571947,0.989177,6.21966
HierarchySmart,200,Easy,381,1,0.0048295,0.989177,6.21969
HierarchySmart,200,Easy,382,1,6.11909,0.990445,6.13958
HierarchySmart,200,Easy,383,1,0.00401295,0.990414,6.13965
HierarchySmart,200,Easy,384,1,0.00206717,0.990414,6.13962
HierarchySmart,200,Easy,385,1,0.0069412,0.990414,6.14327
HierarchySmart,200,Easy,386,1,0.00576776,0.990414,6.14337
HierarchySmart,200,Easy,387,1,0.0418661,0.990414,6.1434
HierarchySmart,200,Easy,388,1,0.014951,0.990414,6.14349
HierarchySmart,200,Easy,389,1,0.00595942,0.990414,6.14349
HierarchySmart,200,Easy,390,1,0.00510019,0.990383,6.14353
HierarchySmart,200,Easy,391,1,0.594724,0.990383,6.14318
HierarchySmart,200,Easy,392,1,0.0155482,0.990105,6.14475
HierarchySmart,200,Easy,393,1,0.00701781,0.990074,6.1446
HierarchySmart,200,Easy,394,2,0.0593992,0.990074,6.14454
HierarchySmart,200,Easy,395,1,0.00634788,0.990043,6.14439
HierarchySmart,200,Easy,396,1,0.00555701,0.989981,6.14449
HierarchySmart,200,Easy,397,1,0.012506,0.989981,6.14477
HierarchySmart,200,Easy,398,1,0.0569849,0.989981,6.14477
HierarchySmart,200,Easy,399,1,0.00333169,0.989981,6.14483
HierarchySmart,200,Easy,400,1,0.609442,0.989981,6.13921
A* Static,200,Medium,0,0,0,0.999894,4.48537
A* Static,200,Medium,1,1,0,0.999648,4.48542
A* Static,200,Medium,2,1,0,0.999613,4.4854
A* Static,200,Medium,3,1,0,0.999577,4.48549
A* Static,200,Medium,4,1,0,0.999542,4.4855
A* Static,200,Medium,5,1,0,0.999331,4.48575
A* Static,200,Medium,6,1,0,0.999014,4.48562
A* Static,200,Medium,7,1,0,0.998838,4.48588
A* Static,200,Medium,8,1,0,0.998803,4.48576
A* Static,200,Medium,9,1,0,0.998732,4.48554
A* Static,200,Medium,10,1,0,0.998556,4.48528
A* Static,200,Medium,11,1,0,0.998521,4.48529
A* Static,200,Medium,12,1,0,0.998486,4.48542
A* Static,200,Medium,13,1,0,0.998451,4.48522
A* Static,200,Medium,14,2,0,0.99838,4.48505
A* Static,200,Medium,15,1,0,0.998345,4.4851
A* Static,200,Medium,16,1,0,0.998239,4.48508
A* Static,200,Medium,17,1,0,0.998204,4.48502
A* Static,200,Medium,18,1,0,0.998169,4.48508
A* Static,200,Medium,19,1,0,0.99757,4.48346
A* Static,200,Medium,20,1,0,0.997535,4.48344
A* Static,200,Medium,21,1,0,0.9975,4.48332
A* Static,200,Medium,22,1,0,0.997429,4.48335
A* Static,200,Medium,23,1,0,0.997324,4.48323
A* Static,200,Medium,24,1,0,0.997253,4.48316
A* Static,200,Medium,25,1,0,0.996831,4.48276
A* Static,200,Medium,26,1,0,0.996408,4.48155
A* Static,200,Medium,27,1,0,0.996408,4.48155
A* Static,200,Medium,28,1,0,0.996021,4.47919
A* Static,200,Medium,29,1,0,0.99595,4.47919
A* Static,200,Medium,30,1,0,0.995915,4.47917
A* Static,200,Medium,31,1,0,0.99588,4.47912
A* Static,200,Medium,32,1,0,0.995845,4.47914
A* Static,200,Medium,33,1,0,0.995774,4.47899
A* Static,200,Medium,34,1,0,0.995704,4.47892
A* Static,200,Medium,35,1,0,0.995669,4.4789
A* Static,200,Medium,36,1,0,0.995633,4.47892
A* Static,200,Medium,37,1,0,0.995598,4.47873
A* Static,200,Medium,38,1,0,0.995563,4.47874
A* Static,200,Medium,39,1,0,0.995352,4.47845
A* Static,200,Medium,40,1,0,0.993908,4.47646
A* Static,200,Medium,41,1,0,0.993485,4.47638
A* Static,200,Medium,42,1,0,0.993415,4.4763
A* Static,200,Medium,43,1,0,0.993204,4.47605
A* Static,200,Medium,44,1,0,0.993169,4.47596
A* Static,200,Medium,45,1,0,0.993098,4.47603
A* Static,200,Medium,46,1,0,0.993098,4.47603
A* Static,200,Medium,47,1,0,0.993028,4.4761
A* Static,200,Medium,48,1,0,0.992852,4.4759
A* Static,200,Medium,49,1,0,0.992816,4.47599
A* Static,200,Medium,50,1,0,0.992676,4.47616
A* Static,200,Medium,51,1,0,0.99257,4.47614
A* Static,200,Medium,52,1,0,0.992535,4.47616
A* Static,200,Medium,53,1,0,0.992464,4.47609
A* Static,200,Medium,54,1,0,0.992429,4.47607
A* Static,200,Medium,55,1,0,0.992323,4.47601
A* Static,200,Medium,56,1,0,0.992288,4.47592
A* Static,200,Medium,57,1,0,0.992253,4.47587
A* Static,200,Medium,58,1,0,0.992147,4.47549
A* Static,200,Medium,59,1,0,0.991866,4.47509
A* Static,200,Medium,60,1,0,0.99183,4.47504
A* Static,200,Medium,61,1,0,0.991795,4.47509
A* Static,200,Medium,62,1,0,0.991654,4.47513
A* Static,200,Medium,63,1,0,0.991549,4.47479
A* Static,200,Medium,64,1,0,0.991513,4.4747
A* Static,200,Medium,65,1,0,0.991373,4.47455
A* Static,200,Medium,66,2,0,0.991197,4.47467
A* Static,200,Medium,67,1,0,0.991161,4.47469
A* Static,200,Medium,68,1,0,0.991126,4.4747
A* Static,200,Medium,69,1,0,0.991091,4.47476
A* Static,200,Medium,70,1,0,0.991056,4.47484
A* Static,200,Medium,71,1,0,0.99102,4.47483
A* Static,200,Medium,72,1,0,0.990985,4.47481
A* Static,200,Medium,73,1,0,0.99095,4.47482
A* Static,200,Medium,74,1,0,0.990915,4.4748
A* Static,200,Medium,75,1,0,0.99088,4.47479
A* Static,200,Medium,76,1,0,0.990844,4.47484
A* Static,200,Medium,77,1,0,0.990774,4.47484
A* Static,200,Medium,78,4,0,0.989999,4.47304
A* Static,200,Medium,79,1,0,0.989964,4.47277
A* Static,200,Medium,80,1,0,0.989929,4.47265
A* Static,200,Medium,81,1,0,0.989718,4.47243
A* Static,200,Medium,82,1,0,0.989013,4.46856
A* Static,200,Medium,83,1,0,0.988978,4.46865
A* Static,200,Medium,84,1,0,0.988943,4.4687
A* Static,200,Medium,85,1,0,0.988661,4.46866
A* Static,200,Medium,86,1,0,0.988591,4.46873
A* Static,200,Medium,87,1,0,0.988485,4.46892
A* Static,200,Medium,88,1,0,0.988379,4.46875
A* Static,200,Medium,89,1,0,0.988344,4.46866
A* Static,200,Medium,90,1,0,0.988309,4.46868
A* Static,200,Medium,91,1,0,0.988274,4.4687
A* Static,200,Medium,92,1,0,0.988239,4.4685
A* Static,200,Medium,93,1,0,0.988203,4.46845
A* Static,200,Medium,94,1,0,0.988133,4.46859
A* Static,200,Medium,95,1,0,0.98764,4.46875
A* Static,200,Medium,96,1,0,0.987393,4.46876
A* Static,200,Medium,97,1,0,0.987323,4.46869
A* Static,200,Medium,98,1,0,0.987288,4.4686
A* Static,200,Medium,99,1,0,0.987253,4.46861
A* Static,200,Medium,100,1,0,0.987217,4.46852
A* Static,200,Medium,101,1,0,0.987182,4.46861
A* Static,200,Medium,102,1,0,0.987147,4.46866
A* Static,200,Medium,103,1,0,0.986936,4.46869
A* Static,200,Medium,104,1,0,0.9869,4.4686
A* Static,200,Medium,105,1,0,0.98676,4.46856
A* Static,200,Medium,106,1,0,0.986724,4.46858
A* Static,200,Medium,107,1,0,0.986619,4.46848
A* Static,200,Medium,108,1,0,0.986478,4.46823
A* Static,200,Medium,109,1,0,0.986337,4.46837
A* Static,200,Medium,110,1,0,0.986231,4.46842
A* Static,200,Medium,111,1,0,0.985985,4.46868
A* Static,200,Medium,112,1,0,0.98595,4.4687
A* Static,200,Medium,113,1,0,0.985879,4.46862
A* Static,200,Medium,114,1,0,0.985844,4.46864
A* Static,200,Medium,115,1,0,0.985809,4.46866
A* Static,200,Medium,116,1,0,0.985809,4.46866
A* Static,200,Medium,117,1,0,0.985738,4.46858
A* Static,200,Medium,118,1,0,0.985703,4.46835
A* Static,200,Medium,119,1,0,0.985598,4.46811
A* Static,200,Medium,120,2,0,0.984612,4.46826
A* Static,200,Medium,121,1,0,0.984541,4.46783
A* Static,200,Medium,122,1,0,0.984506,4.46777
A* Static,200,Medium,123,1,0,0.984471,4.46768
A* Static,200,Medium,124,1,0,0.984436,4.46774
A* Static,200,Medium,125,1,0,0.984154,4.46662
A* Static,200,Medium,126,1,0,0.984013,4.46643
A* Static,200,Medium,127,1,0,0.983872,4.46607
A* Static,200,Medium,128,1,0,0.983837,4.46616
A* Static,200,Medium,129,1,0,0.983731,4.46578
A* Static,200,Medium,130,1,0,0.983661,4.4657
A* Static,200,Medium,131,1,0,0.983626,4.46576
A* Static,200,Medium,132,1,0,0.983309,4.46426
A* Static,200,Medium,133,1,0,0.983168,4.46375
A* Static,200,Medium,134,1,0,0.983133,4.46373
A* Static,200,Medium,135,3,0,0.982851,4.46272
A* Static,200,Medium,136,1,0,0.982041,4.46289
A* Static,200,Medium,137,1,0,0.982006,4.46283
A* Static,200,Medium,138,1,0,0.981724,4.46246
A* Static,200,Medium,139,1,0,0.981689,4.46244
A* Static,200,Medium,140,1,0,0.981583,4.46253
A* Static,200,Medium,141,5,0,0.980104,4.4606
A* Static,200,Medium,142,1,0,0.980069,4.46058
A* Static,200,Medium,143,1,0,0.980034,4.46057
A* Static,200,Medium,144,1,0,0.979999,4.46051
A* Static,200,Medium,145,1,0,0.979928,4.46036
A* Static,200,Medium,146,1,0,0.979682,4.46052
A* Static,200,Medium,147,1,0,0.979611,4.46051
A* Static,200,Medium,148,1,0,0.979083,4.45857
A* Static,200,Medium,149,1,0,0.979083,4.45857
A* Static,200,Medium,150,2,0,0.978449,4.45706
A* Static,200,Medium,151,1,0,0.978379,4.45699
A* Static,200,Medium,152,1,0,0.978203,4.45653
A* Static,200,Medium,153,1,0,0.978167,4.45648
A* Static,200,Medium,154,2,0,0.978097,4.45655
A* Static,200,Medium,155,1,0,0.978062,4.45635
A* Static,200,Medium,156,1,0,0.977921,4.4567
A* Static,200,Medium,157,1,0,0.977639,4.45658
A* Static,200,Medium,158,1,0,0.977604,4.45642
A* Static,200,Medium,159,1,0,0.977569,4.45647
A* Static,200,Medium,160,1,0,0.977498,4.45643
A* Static,200,Medium,161,1,0,0.976829,4.45234
A* Static,200,Medium,162,1,0,0.976688,4.45183
A* Static,200,Medium,163,1,0,0.976512,4.45144
A* Static,200,Medium,164,1,0,0.976442,4.45144
A* Static,200,Medium,165,1,0,0.976266,4.45113
A* Static,200,Medium,166,1,0,0.97616,4.4511
A* Static,200,Medium,167,1,0,0.97616,4.4511
A* Static,200,Medium,168,1,0,0.97609,4.45103
A* Static,200,Medium,169,1,0,0.975738,4.45072
A* Static,200,Medium,170,1,0,0.975703,4.45077
A* Static,200,Medium,171,1,0,0.975667,4.45072
A* Static,200,Medium,172,1,0,0.975597,4.45082
A* Static,200,Medium,173,1,0,0.975562,4.45077
A* Static,200,Medium,174,1,0,0.974963,4.44862
A* Static,200,Medium,175,1,0,0.974963,4.44862
A* Static,200,Medium,176,1,0,0.974681,4.44832
A* Static,200,Medium,177,1,0,0.974611,4.44817
A* Static,200,Medium,178,1,0,0.974576,4.44815
A* Static,200,Medium,179,1,0,0.97454,4.44813
A* Static,200,Medium,180,1,0,0.974505,4.44804
A* Static,200,Medium,181,1,0,0.974259,4.44736
A* Static,200,Medium,182,1,0,0.973836,4.44607
A* Static,200,Medium,183,1,0,0.973801,4.44598
A* Static,200,Medium,184,1,0,0.973731,4.4459
A* Static,200,Medium,185,1,0,0.973519,4.44603
A* Static,200,Medium,186,1,0,0.973484,4.44608
A* Static,200,Medium,187,1,0,0.973097,4.44648
A* Static,200,Medium,188,1,0,0.972921,4.44656
A* Static,200,Medium,189,1,0,0.972885,4.44661
A* Static,200,Medium,190,1,0,0.972745,4.4466
A* Static,200,Medium,191,1,0,0.972216,4.44482
A* Static,200,Medium,192,1,0,0.972075,4.4447
A* Static,200,Medium,193,2,0,0.971653,4.44392
A* Static,200,Medium,194,2,0,0.971583,4.44384
A* Static,200,Medium,195,1,0,0.971125,4.44438
A* Static,200,Medium,196,1,0,0.970949,4.44399
A* Static,200,Medium,197,1,0,0.970737,4.44372
A* Static,200,Medium,198,2,0,0.970315,4.44304
A* Static,200,Medium,199,1,0,0.97028,4.4428
A* Static,200,Medium,200,1,0,0.970209,4.4428
A* Static,200,Medium,201,1,0,0.970139,4.4425
A* Static,200,Medium,202,1,0,0.970104,4.44248
A* Static,200,Medium,203,1,0,0.970068,4.44257
A* Static,200,Medium,204,1,0,0.970033,4.44255
A* Static,200,Medium,205,1,0,0.969857,4.44238
A* Static,200,Medium,206,1,0,0.969787,4.44248
A* Static,200,Medium,207,1,0,0.969716,4.44248
A* Static,200,Medium,208,1,0,0.969681,4.4426
A* Static,200,Medium,209,1,0,0.969646,4.44262
A* Static,200,Medium,210,1,0,0.969364,4.44264
A* Static,200,Medium,211,1,0,0.969329,4.44258
A* Static,200,Medium,212,1,0,0.969118,4.4425
A* Static,200,Medium,213,1,0,0.967639,4.44019
A* Static,200,Medium,214,2,0,0.966864,4.43832
A* Static,200,Medium,215,1,0,0.966829,4.43826
A* Static,200,Medium,216,1,0,0.966758,4.43815
A* Static,200,Medium,217,1,0,0.966723,4.43817
A* Static,200,Medium,218,1,0,0.966688,4.43818
A* Static,200,Medium,219,1,0,0.966653,4.4382
A* Static,200,Medium,220,1,0,0.966582,4.43819
A* Static,200,Medium,221,1,0,0.966512,4.4379
A* Static,200,Medium,222,1,0,0.966477,4.43799
A* Static,200,Medium,223,1,0,0.965807,4.43771
A* Static,200,Medium,224,1,0,0.965103,4.4377
A* Static,200,Medium,225,4,0,0.964575,4.43717
A* Static,200,Medium,226,1,0,0.964505,4.43687
A* Static,200,Medium,227,4,0,0.964012,4.43677
A* Static,200,Medium,228,1,0,0.963976,4.43675
A* Static,200,Medium,229,1,0,0.963941,4.43673
A* Static,200,Medium,230,1,0,0.963835,4.43634
A* Static,200,Medium,231,1,0,0.963659,4.43572
A* Static,200,Medium,232,1,0,0.963624,4.43563
A* Static,200,Medium,233,1,0,0.963519,4.43546
A* Static,200,Medium,234,1,0,0.963202,4.43567
A* Static,200,Medium,235,1,0,0.963202,4.43567
A* Static,200,Medium,236,1,0,0.962779,4.43448
A* Static,200,Medium,237,1,0,0.962744,4.43442
A* Static,200,Medium,238,2,0,0.962638,4.43439
A* Static,200,Medium,239,1,0,0.962603,4.4343
A* Static,200,Medium,240,3,0,0.961899,4.43396
A* Static,200,Medium,241,1,0,0.961864,4.43397
A* Static,200,Medium,242,1,0,0.961828,4.43403
A* Static,200,Medium,243,1,0,0.961582,4.43417
A* Static,200,Medium,244,1,0,0.961511,4.4341
A* Static,200,Medium,245,1,0,0.960983,4.43415
A* Static,200,Medium,246,2,0,0.959222,4.42915
A* Static,200,Medium,247,1,0,0.959187,4.42898
A* Static,200,Medium,248,1,0,0.959117,4.42868
A* Static,200,Medium,249,1,0,0.959046,4.42875
A* Static,200,Medium,250,1,0,0.959011,4.42873
A* Static,200,Medium,251,1,0,0.958976,4.42882
A* Static,200,Medium,252,1,0,0.958941,4.42872
A* Static,200,Medium,253,1,0,0.958729,4.42885
A* Static,200,Medium,254,1,0,0.958694,4.42872
A* Static,200,Medium,255,1,0,0.958659,4.42874
A* Static,200,Medium,256,1,0,0.958518,4.42873
A* Static,200,Medium,257,1,0,0.958483,4.42863
A* Static,200,Medium,258,1,0,0.958448,4.42865
A* Static,200,Medium,259,1,0,0.958272,4.42821
A* Static,200,Medium,260,1,0,0.958201,4.42817
A* Static,200,Medium,261,1,0,0.957884,4.42648
A* Static,200,Medium,262,1,0,0.957849,4.42645
A* Static,200,Medium,263,1,0,0.957779,4.42667
A* Static,200,Medium,264,1,0,0.957145,4.42552
A* Static,200,Medium,265,1,0,0.95711,4.42542
A* Static,200,Medium,266,1,0,0.957074,4.42544
A* Static,200,Medium,267,1,0,0.956969,4.42552
A* Static,200,Medium,268,2,0,0.956546,4.42531
A* Static,200,Medium,269,1,0,0.956511,4.42521
A* Static,200,Medium,270,1,0,0.956441,4.42524
A* Static,200,Medium,271,2,0,0.953694,4.4186
A* Static,200,Medium,272,1,0,0.953553,4.41826
A* Static,200,Medium,273,1,0,0.953447,4.41819
A* Static,200,Medium,274,1,0,0.953342,4.41817
A* Static,200,Medium,275,1,0,0.953166,4.41747
A* Static,200,Medium,276,1,0,0.95299,4.41681
A* Static,200,Medium,277,1,0,0.952954,4.41656
A* Static,200,Medium,278,1,0,0.952321,4.41588
A* Static,200,Medium,279,1,0,0.952285,4.41593
A* Static,200,Medium,280,1,0,0.95225,4.41606
A* Static,200,Medium,281,1,0,0.952215,4.41615
A* Static,200,Medium,282,1,0,0.952109,4.41597
A* Static,200,Medium,283,1,0,0.952074,4.41595
A* Static,200,Medium,284,2,0,0.951616,4.41419
A* Static,200,Medium,285,1,0,0.951581,4.41405
A* Static,200,Medium,286,1,0,0.950912,4.41446
A* Static,200,Medium,287,1,0,0.950877,4.41436
A* Static,200,Medium,288,2,0,0.947567,4.40451
A* Static,200,Medium,289,1,0,0.947461,4.40459
A* Static,200,Medium,290,1,0,0.945806,4.39923
A* Static,200,Medium,291,1,0,0.945736,4.3993
A* Static,200,Medium,292,1,0,0.945595,4.39932
A* Static,200,Medium,293,1,0,0.945419,4.39865
A* Static,200,Medium,294,1,0,0.945419,4.39865
A* Static,200,Medium,295,1,0,0.945419,4.39865
A* Static,200,Medium,296,1,0,0.945348,4.39864
A* Static,200,Medium,297,1,0,0.945313,4.39866
A* Static,200,Medium,298,2,0,0.945137,4.3984
A* Static,200,Medium,299,1,0,0.945031,4.39844
A* Static,200,Medium,300,1,0,0.944785,4.39817
A* Static,200,Medium,301,1,0,0.944714,4.39791
A* Static,200,Medium,302,1,0,0.944574,4.39726
A* Static,200,Medium,303,1,0,0.944257,4.3972
A* Static,200,Medium,304,1,0,0.944186,4.3972
A* Static,200,Medium,305,1,0,0.94394,4.397
A* Static,200,Medium,306,1,0,0.943905,4.39694
A* Static,200,Medium,307,2,0,0.943834,4.39686
A* Static,200,Medium,308,1,0,0.943658,4.39693
A* Static,200,Medium,309,1,0,0.943623,4.39687
A* Static,200,Medium,310,1,0,0.943271,4.39631
A* Static,200,Medium,311,1,0,0.94313,4.3963
A* Static,200,Medium,312,1,0,0.943095,4.39635
A* Static,200,Medium,313,6,0,0.94151,4.39638
A* Static,200,Medium,314,2,0,0.941334,4.39653
A* Static,200,Medium,315,1,0,0.941263,4.39667
A* Static,200,Medium,316,1,0,0.941228,4.39657
A* Static,200,Medium,317,1,0,0.940418,4.39246
A* Static,200,Medium,318,1,0,0.940383,4.39236
A* Static,200,Medium,319,2,0,0.93908,4.38934
A* Static,200,Medium,320,1,0,0.938975,4.38916
A* Static,200,Medium,321,1,0,0.938939,4.38925
A* Static,200,Medium,322,1,0,0.938869,4.38924
A* Static,200,Medium,323,1,0,0.938834,4.38926
A* Static,200,Medium,324,1,0,0.938622,4.38961
A* Static,200,Medium,325,1,0,0.938165,4.38969
A* Static,200,Medium,326,2,0,0.938024,4.38937
A* Static,200,Medium,327,1,0,0.937989,4.38927
A* Static,200,Medium,328,1,0,0.937989,4.38927
A* Static,200,Medium,329,1,0,0.937953,4.38936
A* Static,200,Medium,330,1,0,0.937883,4.38928
A* Static,200,Medium,331,1,0,0.937777,4.38925
A* Static,200,Medium,332,1,0,0.937777,4.38925
A* Static,200,Medium,333,1,0,0.937707,4.38931
A* Static,200,Medium,334,1,0,0.937566,4.38885
A* Static,200,Medium,335,1,0,0.937249,4.38774
A* Static,200,Medium,336,1,0,0.936967,4.38669
A* Static,200,Medium,337,1,0,0.936932,4.38651
A* Static,200,Medium,338,1,0,0.93665,4.38573
A* Static,200,Medium,339,1,0,0.93665,4.38577
A* Static,200,Medium,340,1,0,0.936545,4.38573
A* Static,200,Medium,341,1,0,0.936439,4.38563
A* Static,200,Medium,342,1,0,0.936298,4.38561
A* Static,200,Medium,343,1,0,0.936263,4.38555
A* Static,200,Medium,344,1,0,0.936122,4.38561
A* Static,200,Medium,345,1,0,0.936017,4.38531
A* Static,200,Medium,346,1,0,0.935946,4.38523
A* Static,200,Medium,347,1,0,0.935946,4.38523
A* Static,200,Medium,348,2,0,0.935524,4.38378
A* Static,200,Medium,349,1,0,0.935277,4.38385
A* Static,200,Medium,350,3,0,0.93496,4.38375
A* Static,200,Medium,351,1,0,0.934925,4.38377
A* Static,200,Medium,352,1,0,0.93489,4.38367
A* Static,200,Medium,353,1,0,0.934855,4.38368
A* Static,200,Medium,354,1,0,0.934749,4.38331
A* Static,200,Medium,355,1,0,0.934678,4.3833
A* Static,200,Medium,356,1,0,0.934643,4.38328
A* Static,200,Medium,357,1,0,0.934538,4.38325
A* Static,200,Medium,358,1,0,0.934256,4.38148
A* Static,200,Medium,359,1,0,0.934221,4.38149
A* Static,200,Medium,360,1,0,0.934186,4.38143
A* Static,200,Medium,361,1,0,0.93415,4.3813
A* Static,200,Medium,362,1,0,0.934115,4.3812
A* Static,200,Medium,363,1,0,0.934045,4.38104
A* Static,200,Medium,364,1,0,0.933974,4.38103
A* Static,200,Medium,365,1,0,0.933904,4.38079
A* Static,200,Medium,366,1,0,0.933833,4.38071
A* Static,200,Medium,367,1,0,0.933763,4.3804
A* Static,200,Medium,368,1,0,0.933728,4.38037
A* Static,200,Medium,369,1,0,0.933693,4.38035
A* Static,200,Medium,370,1,0,0.933657,4.38025
A* Static,200,Medium,371,1,0,0.933481,4.37995
A* Static,200,Medium,372,1,0,0.933446,4.38007
A* Static,200,Medium,373,1,0,0.933411,4.38005
A* Static,200,Medium,374,1,0,0.933376,4.37999
A* Static,200,Medium,375,3,0,0.932108,4.37824
A* Static,200,Medium,376,1,0,0.931826,4.37794
A* Static,200,Medium,377,2,0,0.931544,4.37786
A* Static,200,Medium,378,1,0,0.931509,4.37776
A* Static,200,Medium,379,1,0,0.931368,4.37699
A* Static,200,Medium,380,1,0,0.931333,4.37693
A* Static,200,Medium,381,1,0,0.930981,4.37681
A* Static,200,Medium,382,1,0,0.930946,4.37682
A* Static,200,Medium,383,2,0,0.930805,4.37676
A* Static,200,Medium,384,1,0,0.930418,4.37393
A* Static,200,Medium,385,1,0,0.930347,4.374
A* Static,200,Medium,386,1,0,0.930242,4.37306
A* Static,200,Medium,387,3,0,0.92996,4.37177
A* Static,200,Medium,388,1,0,0.929749,4.37185
A* Static,200,Medium,389,2,0,0.929608,4.37149
A* Static,200,Medium,390,1,0,0.929643,4.37159
A* Static,200,Medium,391,3,0,0.929432,4.37114
A* Static,200,Medium,392,1,0,0.929396,4.37112
A* Static,200,Medium,393,1,0,0.929326,4.37107
A* Static,200,Medium,394,1,0,0.929256,4.37114
A* Static,200,Medium,395,1,0,0.929115,4.37093
A* Static,200,Medium,396,1,0,0.92908,4.37094
A* Static,200,Medium,397,1,0,0.929009,4.37086
A* Static,200,Medium,398,1,0,0.928939,4.37066
A* Static,200,Medium,399,1,0,0.928868,4.37073
A* Static,200,Medium,400,1,0,0.928798,4.37064
A* Oracle,200,Medium,0,0,0,0.999894,4.48537
A* Oracle,200,Medium,1,1,2.65427,0.999894,4.48544
A* Oracle,200,Medium,2,1,2.6504,0.999894,4.48537
A* Oracle,200,Medium,3,1,2.64452,0.999894,4.48544
A* Oracle,200,Medium,4,1,2.65826,0.999894,4.48537
A* Oracle,200,Medium,5,1,2.64953,0.999894,4.48537
A* Oracle,200,Medium,6,1,2.6523,0.999894,4.48561
A* Oracle,200,Medium,7,1,2.66081,0.999894,4.48547
A* Oracle,200,Medium,8,1,2.66495,0.999894,4.48551
A* Oracle,200,Medium,9,1,2.65227,0.999894,4.4853
A* Oracle,200,Medium,10,1,2.65539,0.999894,4.48533
A* Oracle,200,Medium,11,1,2.65906,0.999894,4.48537
A* Oracle,200,Medium,12,1,2.65467,0.999894,4.4854
A* Oracle,200,Medium,13,1,2.65597,0.999894,4.48537
A* Oracle,200,Medium,14,2,2.65841,0.999894,4.48533
A* Oracle,200,Medium,15,1,2.65966,0.999894,4.4853
A* Oracle,200,Medium,16,1,2.65532,0.999894,4.4854
A* Oracle,200,Medium,17,1,2.65671,0.999894,4.4854
A* Oracle,200,Medium,18,1,2.65443,0.999894,4.48537
A* Oracle,200,Medium,19,1,2.66491,0.999894,4.48568
A* Oracle,200,Medium,20,1,2.66108,0.999894,4.48558
A* Oracle,200,Medium,21,1,2.65367,0.999894,4.48558
A* Oracle,200,Medium,22,1,2.65383,0.999894,4.48561
A* Oracle,200,Medium,23,1,2.65704,0.999894,4.48558
A* Oracle,200,Medium,24,1,2.66036,0.999894,4.48558
A* Oracle,200,Medium,25,1,2.65344,0.999894,4.48558
A* Oracle,200,Medium,26,1,2.65883,0.999894,4.48558
A* Oracle,200,Medium,27,1,2.64872,0.999894,4.48558
A* Oracle,200,Medium,28,1,2.65844,0.999894,4.48639
A* Oracle,200,Medium,29,1,2.6556,0.999894,4.48621
A* Oracle,200,Medium,30,1,2.66133,0.999894,4.48625
A* Oracle,200,Medium,31,1,2.65003,0.999894,4.48625
A* Oracle,200,Medium,32,1,2.65026,0.999894,4.48625
A* Oracle,200,Medium,33,1,2.65597,0.999894,4.48628
A* Oracle,200,Medium,34,1,2.65222,0.999894,4.48625
A* Oracle,200,Medium,35,1,2.65775,0.999894,4.48628
A* Oracle,200,Medium,36,1,2.65315,0.999894,4.48632
A* Oracle,200,Medium,37,1,2.64782,0.999894,4.48632
A* Oracle,200,Medium,38,1,2.65285,0.999894,4.48639
A* Oracle,200,Medium,39,1,2.64843,0.999894,4.48642
A* Oracle,200,Medium,40,1,2.64889,0.999894,4.48667
A* Oracle,200,Medium,41,1,2.66272,0.999894,4.48681
A* Oracle,200,Medium,42,1,2.64938,0.999894,4.48678
A* Oracle,200,Medium,43,1,2.64798,0.999894,4.48681
A* Oracle,200,Medium,44,1,2.65121,0.999894,4.48681
A* Oracle,200,Medium,45,1,2.65128,0.999894,4.48678
A* Oracle,200,Medium,46,1,2.65477,0.999894,4.48678
A* Oracle,200,Medium,47,1,2.64995,0.999894,4.48685
A* Oracle,200,Medium,48,1,2.6564,0.999894,4.48702
A* Oracle,200,Medium,49,1,2.65016,0.999894,4.48706
A* Oracle,200,Medium,50,1,2.6512,0.999894,4.48706
A* Oracle,200,Medium,51,1,2.66132,0.999894,4.48702
A* Oracle,200,Medium,52,1,2.65588,0.999894,4.48706
A* Oracle,200,Medium,53,1,2.65481,0.999894,4.48706
A* Oracle,200,Medium,54,1,2.64946,0.999894,4.48702
A* Oracle,200,Medium,55,1,2.65302,0.999894,4.48699
A* Oracle,200,Medium,56,1,2.64863,0.999894,4.48699
A* Oracle,200,Medium,57,1,2.65512,0.999894,4.48671
A* Oracle,200,Medium,58,1,2.65639,0.999894,4.48678
A* Oracle,200,Medium,59,1,2.65443,0.999894,4.48681
A* Oracle,200,Medium,60,1,2.64831,0.999894,4.48685
A* Oracle,200,Medium,61,1,2.65493,0.999894,4.48685
A* Oracle,200,Medium,62,1,2.65078,0.999894,4.48685
A* Oracle,200,Medium,63,1,2.64809,0.999894,4.48688
A* Oracle,200,Medium,64,1,2.65321,0.999894,4.48688
A* Oracle,200,Medium,65,1,2.65231,0.999894,4.48688
A* Oracle,200,Medium,66,2,2.6502,0.999894,4.48695
A* Oracle,200,Medium,67,1,2.65756,0.999894,4.48699
A* Oracle,200,Medium,68,1,2.65938,0.999894,4.48702
A* Oracle,200,Medium,69,1,2.6513,0.999894,4.48699
A* Oracle,200,Medium,70,1,2.65222,0.999894,4.48699
A* Oracle,200,Medium,71,1,2.64863,0.999894,4.48688
A* Oracle,200,Medium,72,1,2.65589,0.999894,4.48692
A* Oracle,200,Medium,73,1,2.65563,0.999894,4.48695
A* Oracle,200,Medium,74,1,2.65676,0.999894,4.48692
A* Oracle,200,Medium,75,1,2.65043,0.999894,4.48688
A* Oracle,200,Medium,76,1,2.65697,0.999894,4.48692
A* Oracle,200,Medium,77,1,2.65304,0.999894,4.48688
A* Oracle,200,Medium,78,4,2.65146,0.999894,4.48709
A* Oracle,200,Medium,79,1,2.64931,0.999894,4.48706
A* Oracle,200,Medium,80,1,2.65065,0.999894,4.48699
A* Oracle,200,Medium,81,1,2.65477,0.999894,4.48702
A* Oracle,200,Medium,82,1,2.64481,0.999894,4.48702
A* Oracle,200,Medium,83,1,2.64763,0.999894,4.48709
A* Oracle,200,Medium,84,1,2.64968,0.999894,4.48709
A* Oracle,200,Medium,85,1,2.64284,0.999894,4.48713
A* Oracle,200,Medium,86,1,2.64979,0.999894,4.48709
A* Oracle,200,Medium,87,1,2.64255,0.999894,4.48709
A* Oracle,200,Medium,88,1,2.6438,0.999894,4.48709
A* Oracle,200,Medium,89,1,2.64592,0.999894,4.48709
A* Oracle,200,Medium,90,1,2.7227,0.999894,4.48709
A* Oracle,200,Medium,91,1,2.66472,0.999894,4.48713
A* Oracle,200,Medium,92,1,2.92165,0.999894,4.48713
A* Oracle,200,Medium,93,1,2.73732,0.999894,4.48713
A* Oracle,200,Medium,94,1,2.75462,0.999894,4.4872
A* Oracle,200,Medium,95,1,2.664,0.999894,4.4873
A* Oracle,200,Medium,96,1,2.6909,0.999894,4.48737
A* Oracle,200,Medium,97,1,2.68183,0.999894,4.48734
A* Oracle,200,Medium,98,1,2.66568,0.999894,4.48734
A* Oracle,200,Medium,99,1,2.64756,0.999894,4.48734
A* Oracle,200,Medium,100,1,2.64751,0.999894,4.48734
A* Oracle,200,Medium,101,1,2.73005,0.999894,4.48681
A* Oracle,200,Medium,102,1,2.65463,0.999894,4.48685
A* Oracle,200,Medium,103,1,2.64236,0.999894,4.48678
A* Oracle,200,Medium,104,1,2.64156,0.999894,4.48681
A* Oracle,200,Medium,105,1,2.63964,0.999894,4.48681
A* Oracle,200,Medium,106,1,2.63834,0.999894,4.48685
A* Oracle,200,Medium,107,1,2.6409,0.999894,4.48678
A* Oracle,200,Medium,108,1,2.64182,0.999894,4.48674
A* Oracle,200,Medium,109,1,2.64119,0.999894,4.48671
A* Oracle,200,Medium,110,1,2.67061,0.999894,4.48674
A* Oracle,200,Medium,111,1,2.64227,0.999894,4.48678
A* Oracle,200,Medium,112,1,2.64187,0.999894,4.48685
A* Oracle,200,Medium,113,1,2.63734,0.999894,4.48681
A* Oracle,200,Medium,114,1,2.64389,0.999894,4.48667
A* Oracle,200,Medium,115,1,2.64117,0.999894,4.48663
A* Oracle,200,Medium,116,1,2.63757,0.999894,4.4866
A* Oracle,200,Medium,117,1,2.64553,0.999894,4.4866
A* Oracle,200,Medium,118,1,2.654,0.999894,4.4866
A* Oracle,200,Medium,119,1,2.64369,0.999894,4.48663
A* Oracle,200,Medium,120,2,2.64483,0.999894,4.48737
A* Oracle,200,Medium,121,1,2.64795,0.999894,4.48737
A* Oracle,200,Medium,122,1,2.64004,0.999894,4.48734
A* Oracle,200,Medium,123,1,2.64152,0.999894,4.48737
A* Oracle,200,Medium,124,1,2.6396,0.999894,4.48734
A* Oracle,200,Medium,125,1,2.64093,0.999894,4.48741
A* Oracle,200,Medium,126,1,2.64128,0.999894,4.48744
A* Oracle,200,Medium,127,1,2.64371,0.999894,4.48744
A* Oracle,200,Medium,128,1,2.6408,0.999894,4.48741
A* Oracle,200,Medium,129,1,2.64704,0.999894,4.48741
A* Oracle,200,Medium,130,1,2.64354,0.999894,4.48741
A* Oracle,200,Medium,131,1,2.64418,0.999894,4.48744
A* Oracle,200,Medium,132,1,2.64526,0.999894,4.48766
A* Oracle,200,Medium,133,1,2.63633,0.999894,4.48713
A* Oracle,200,Medium,134,1,2.64448,0.999894,4.48713
A* Oracle,200,Medium,135,3,2.64405,0.999894,4.4872
A* Oracle,200,Medium,136,1,2.64648,0.999894,4.48748
A* Oracle,200,Medium,137,1,2.64052,0.999894,4.48752
A* Oracle,200,Medium,138,1,2.63859,0.999894,4.48762
A* Oracle,200,Medium,139,1,2.63969,0.999894,4.48744
A* Oracle,200,Medium,140,1,2.64457,0.999894,4.48748
A* Oracle,200,Medium,141,5,2.6376,0.999894,4.48797
A* Oracle,200,Medium,142,1,2.63961,0.999894,4.48794
A* Oracle,200,Medium,143,1,2.64168,0.999894,4.48801
A* Oracle,200,Medium,144,1,2.64334,0.999894,4.48794
A* Oracle,200,Medium,145,1,2.64788,0.999894,4.48797
A* Oracle,200,Medium,146,1,2.64519,0.999894,4.48811
A* Oracle,200,Medium,147,1,2.64212,0.999894,4.48808
A* Oracle,200,Medium,148,1,2.63698,0.999894,4.48815
A* Oracle,200,Medium,149,1,2.64222,0.999894,4.48815
A* Oracle,200,Medium,150,2,2.64068,0.999894,4.48864
A* Oracle,200,Medium,151,1,2.63765,0.999894,4.48875
A* Oracle,200,Medium,152,1,2.63857,0.999894,4.48871
A* Oracle,200,Medium,153,1,2.64298,0.999894,4.48843
A* Oracle,200,Medium,154,2,2.63757,0.999894,4.48847
A* Oracle,200,Medium,155,1,2.64095,0.999894,4.4885
A* Oracle,200,Medium,156,1,2.63985,0.999894,4.48854
A* Oracle,200,Medium,157,1,2.63549,0.999894,4.48854
A* Oracle,200,Medium,158,1,2.63855,0.999894,4.48857
A* Oracle,200,Medium,159,1,2.63908,0.999894,4.48857
A* Oracle,200,Medium,160,1,2.63703,0.999894,4.48854
A* Oracle,200,Medium,161,1,2.63641,0.999894,4.48871
A* Oracle,200,Medium,162,1,2.64432,0.999894,4.4884
A* Oracle,200,Medium,163,1,2.63744,0.999894,4.4884
A* Oracle,200,Medium,164,1,2.64188,0.999894,4.4884
A* Oracle,200,Medium,165,1,2.63881,0.999894,4.4884
A* Oracle,200,Medium,166,1,2.63713,0.999894,4.48847
A* Oracle,200,Medium,167,1,2.63418,0.999894,4.4884
A* Oracle,200,Medium,168,1,2.65102,0.999894,4.4884
A* Oracle,200,Medium,169,1,2.63688,0.999894,4.48878
A* Oracle,200,Medium,170,1,2.64381,0.999894,4.48882
A* Oracle,200,Medium,171,1,2.64591,0.999894,4.48885
A* Oracle,200,Medium,172,1,2.63735,0.999894,4.48885
A* Oracle,200,Medium,173,1,2.64004,0.999894,4.48885
A* Oracle,200,Medium,174,1,2.63885,0.999894,4.48984
A* Oracle,200,Medium,175,1,2.64055,0.99993,4.49
A* Oracle,200,Medium,176,1,2.64171,0.99993,4.49007
A* Oracle,200,Medium,177,1,2.6418,0.99993,4.49007
A* Oracle,200,Medium,178,1,2.64532,0.99993,4.49003
A* Oracle,200,Medium,179,1,2.64605,0.99993,4.49003
A* Oracle,200,Medium,180,1,2.64305,0.99993,4.49
A* Oracle,200,Medium,181,1,2.64856,0.99993,4.48972
A* Oracle,200,Medium,182,1,2.6419,0.99993,4.48975
A* Oracle,200,Medium,183,1,2.64505,0.99993,4.48972
A* Oracle,200,Medium,184,1,2.64231,0.99993,4.48972
A* Oracle,200,Medium,185,1,2.64514,0.99993,4.48965
A* Oracle,200,Medium,186,1,2.64825,0.99993,4.48968
A* Oracle,200,Medium,187,1,2.64268,0.99993,4.48968
A* Oracle,200,Medium,188,1,2.64831,0.99993,4.48968
A* Oracle,200,Medium,189,1,2.64384,0.99993,4.4888
A* Oracle,200,Medium,190,1,2.6411,0.99993,4.4888
A* Oracle,200,Medium,191,1,2.64705,0.99993,4.48933
A* Oracle,200,Medium,192,1,2.64967,0.99993,4.48929
A* Oracle,200,Medium,193,2,2.64277,0.99993,4.4894
A* Oracle,200,Medium,194,2,2.64796,0.99993,4.48933
A* Oracle,200,Medium,195,1,2.64909,0.99993,4.4894
A* Oracle,200,Medium,196,1,2.64325,0.99993,4.48944
A* Oracle,200,Medium,197,1,2.6452,0.99993,4.48954
A* Oracle,200,Medium,198,2,2.64163,0.99993,4.49003
A* Oracle,200,Medium,199,1,2.65112,0.99993,4.49003
A* Oracle,200,Medium,200,1,2.65108,0.99993,4.49007
A* Oracle,200,Medium,201,1,2.65214,0.99993,4.4901
A* Oracle,200,Medium,202,1,2.65391,0.99993,4.49014
A* Oracle,200,Medium,203,1,2.65491,0.99993,4.4901
A* Oracle,200,Medium,204,1,2.65677,0.99993,4.49007
A* Oracle,200,Medium,205,1,2.65058,0.99993,4.49017
A* Oracle,200,Medium,206,1,2.64634,0.99993,4.49021
A* Oracle,200,Medium,207,1,2.65611,0.99993,4.49014
A* Oracle,200,Medium,208,1,2.65374,0.99993,4.49014
A* Oracle,200,Medium,209,1,2.64914,0.99993,4.49017
A* Oracle,200,Medium,210,1,2.64809,0.99993,4.49025
A* Oracle,200,Medium,211,1,2.64455,0.99993,4.49025
A* Oracle,200,Medium,212,1,2.64965,0.99993,4.49017
A* Oracle,200,Medium,213,1,2.64761,0.99993,4.49098
A* Oracle,200,Medium,214,2,2.64676,0.99993,4.49127
A* Oracle,200,Medium,215,1,2.65258,0.99993,4.49123
A* Oracle,200,Medium,216,1,2.65018,0.99993,4.49123
A* Oracle,200,Medium,217,1,2.64904,0.99993,4.49127
A* Oracle,200,Medium,218,1,2.6545,0.99993,4.4913
A* Oracle,200,Medium,219,1,2.65452,0.99993,4.49127
A* Oracle,200,Medium,220,1,2.6527,0.99993,4.49123
A* Oracle,200,Medium,221,1,2.66137,0.99993,4.4913
A* Oracle,200,Medium,222,1,2.64546,0.99993,4.4913
A* Oracle,200,Medium,223,1,2.64922,0.99993,4.49084
A* Oracle,200,Medium,224,1,2.64586,0.99993,4.49151
A* Oracle,200,Medium,225,4,2.65067,0.99993,4.49158
A* Oracle,200,Medium,226,1,2.65548,0.99993,4.49165
A* Oracle,200,Medium,227,4,2.6504,0.99993,4.49162
A* Oracle,200,Medium,228,1,2.64695,0.99993,4.49158
A* Oracle,200,Medium,229,1,2.64425,0.99993,4.49155
A* Oracle,200,Medium,230,1,2.6461,0.99993,4.49158
A* Oracle,200,Medium,231,1,2.64751,0.99993,4.49134
A* Oracle,200,Medium,232,1,2.65,0.99993,4.4913
A* Oracle,200,Medium,233,1,2.64496,0.99993,4.49113
A* Oracle,200,Medium,234,1,2.64907,0.99993,4.49116
A* Oracle,200,Medium,235,1,2.65363,0.99993,4.49116
A* Oracle,200,Medium,236,1,2.65004,0.99993,4.49091
A* Oracle,200,Medium,237,1,2.64397,0.99993,4.49098
A* Oracle,200,Medium,238,2,2.64755,0.99993,4.49053
A* Oracle,200,Medium,239,1,2.64184,0.99993,4.4906
A* Oracle,200,Medium,240,3,2.64651,0.99993,4.49028
A* Oracle,200,Medium,241,1,2.64573,0.99993,4.49032
A* Oracle,200,Medium,242,1,2.64958,0.99993,4.49035
A* Oracle,200,Medium,243,1,2.6501,0.99993,4.49021
A* Oracle,200,Medium,244,1,2.65299,0.99993,4.49025
A* Oracle,200,Medium,245,1,2.65288,0.99993,4.49025
A* Oracle,200,Medium,246,2,2.64768,0.99993,4.48975
A* Oracle,200,Medium,247,1,2.65085,0.99993,4.48972
A* Oracle,200,Medium,248,1,2.6544,0.99993,4.48972
A* Oracle,200,Medium,249,1,2.6538,0.99993,4.48975
A* Oracle,200,Medium,250,1,2.64974,0.99993,4.48972
A* Oracle,200,Medium,251,1,2.65719,0.99993,4.48954
A* Oracle,200,Medium,252,1,2.65856,0.99993,4.48951
A* Oracle,200,Medium,253,1,2.64731,0.99993,4.48961
A* Oracle,200,Medium,254,1,2.64919,0.99993,4.48958
A* Oracle,200,Medium,255,1,2.65466,0.99993,4.48954
A* Oracle,200,Medium,256,1,2.6557,0.99993,4.48954
A* Oracle,200,Medium,257,1,2.65378,0.99993,4.48951
A* Oracle,200,Medium,258,1,2.65561,0.99993,4.48947
A* Oracle,200,Medium,259,1,2.6568,0.99993,4.48961
A* Oracle,200,Medium,260,1,2.65246,0.99993,4.48958
A* Oracle,200,Medium,261,1,2.65623,0.99993,4.48958
A* Oracle,200,Medium,262,1,2.6491,0.99993,4.48958
A* Oracle,200,Medium,263,1,2.65752,0.99993,4.48961
A* Oracle,200,Medium,264,1,2.66023,0.99993,4.48961
A* Oracle,200,Medium,265,1,2.65323,0.99993,4.48961
A* Oracle,200,Medium,266,1,2.65525,0.99993,4.48951
A* Oracle,200,Medium,267,1,2.6521,0.99993,4.48954
A* Oracle,200,Medium,268,2,2.65159,0.99993,4.48954
A* Oracle,200,Medium,269,1,2.65322,0.99993,4.48951
A* Oracle,200,Medium,270,1,2.6544,0.99993,4.48954
A* Oracle,200,Medium,271,2,2.64838,0.99993,4.48975
A* Oracle,200,Medium,272,1,2.6541,0.99993,4.48979
A* Oracle,200,Medium,273,1,2.65734,0.99993,4.48989
A* Oracle,200,Medium,274,1,2.64761,0.99993,4.48996
A* Oracle,200,Medium,275,1,2.6571,0.99993,4.48996
A* Oracle,200,Medium,276,1,2.65148,0.99993,4.48993
A* Oracle,200,Medium,277,1,2.64695,0.99993,4.48982
A* Oracle,200,Medium,278,1,2.65057,0.99993,4.49032
A* Oracle,200,Medium,279,1,2.64925,0.99993,4.49028
A* Oracle,200,Medium,280,1,2.65567,0.99993,4.48968
A* Oracle,200,Medium,281,1,2.65385,0.99993,4.48965
A* Oracle,200,Medium,282,1,2.64362,0.99993,4.48961
A* Oracle,200,Medium,283,1,2.64784,0.99993,4.48965
A* Oracle,200,Medium,284,2,2.65165,0.99993,4.48968
A* Oracle,200,Medium,285,1,2.64997,0.99993,4.48968
A* Oracle,200,Medium,286,1,2.64954,0.99993,4.48989
A* Oracle,200,Medium,287,1,2.64982,0.99993,4.48986
A* Oracle,200,Medium,288,2,2.65798,0.99993,4.4956
A* Oracle,200,Medium,289,1,2.66414,0.99993,4.49567
A* Oracle,200,Medium,290,1,2.65961,0.99993,4.49567
A* Oracle,200,Medium,291,1,2.65369,0.99993,4.49567
A* Oracle,200,Medium,292,1,2.65718,0.99993,4.49574
A* Oracle,200,Medium,293,1,2.65686,0.99993,4.49584
A* Oracle,200,Medium,294,1,2.66127,0.99993,4.49581
A* Oracle,200,Medium,295,1,2.65984,0.99993,4.49602
A* Oracle,200,Medium,296,1,2.65631,0.99993,4.49507
A* Oracle,200,Medium,297,1,2.65479,0.99993,4.49503
A* Oracle,200,Medium,298,2,2.65418,0.99993,4.49514
A* Oracle,200,Medium,299,1,2.65756,0.99993,4.49468
A* Oracle,200,Medium,300,1,2.65409,0.99993,4.4944
A* Oracle,200,Medium,301,1,2.65567,0.99993,4.49437
A* Oracle,200,Medium,302,1,2.65188,0.99993,4.49437
A* Oracle,200,Medium,303,1,2.65809,0.99993,4.49437
A* Oracle,200,Medium,304,1,2.66294,0.99993,4.49433
A* Oracle,200,Medium,305,1,2.66072,0.99993,4.4944
A* Oracle,200,Medium,306,1,2.65829,0.99993,4.4944
A* Oracle,200,Medium,307,2,2.65456,0.99993,4.49437
A* Oracle,200,Medium,308,1,2.65491,0.99993,4.49437
A* Oracle,200,Medium,309,1,2.6543,0.99993,4.4944
A* Oracle,200,Medium,310,1,2.6503,0.99993,4.49412
A* Oracle,200,Medium,311,1,2.66184,0.99993,4.49398
A* Oracle,200,Medium,312,1,2.65845,0.99993,4.49398
A* Oracle,200,Medium,313,6,2.65096,0.99993,4.49405
A* Oracle,200,Medium,314,2,2.64905,0.99993,4.49422
A* Oracle,200,Medium,315,1,2.65635,0.99993,4.49412
A* Oracle,200,Medium,316,1,2.65616,0.99993,4.49415
A* Oracle,200,Medium,317,1,2.64341,0.99993,4.49761
A* Oracle,200,Medium,318,1,2.63826,0.99993,4.49761
A* Oracle,200,Medium,319,2,2.64596,0.99993,4.49701
A* Oracle,200,Medium,320,1,2.64621,0.99993,4.49694
A* Oracle,200,Medium,321,1,2.64241,0.99993,4.49694
A* Oracle,200,Medium,322,1,2.64658,0.99993,4.49697
A* Oracle,200,Medium,323,1,2.64345,0.99993,4.49697
A* Oracle,200,Medium,324,1,2.64204,0.99993,4.49701
A* Oracle,200,Medium,325,1,2.64241,0.99993,4.49708
A* Oracle,200,Medium,326,2,2.63836,0.99993,4.49708
A* Oracle,200,Medium,327,1,2.64398,0.99993,4.49704
A* Oracle,200,Medium,328,1,2.64088,0.99993,4.49697
A* Oracle,200,Medium,329,1,2.64346,0.99993,4.49694
A* Oracle,200,Medium,330,1,2.64212,0.99993,4.49687
A* Oracle,200,Medium,331,1,2.65336,0.99993,4.4969
A* Oracle,200,Medium,332,1,2.64894,0.99993,4.49683
A* Oracle,200,Medium,333,1,2.65026,0.99993,4.49687
A* Oracle,200,Medium,334,1,2.65219,0.99993,4.49697
A* Oracle,200,Medium,335,1,2.65364,0.99993,4.49697
A* Oracle,200,Medium,336,1,2.64407,0.99993,4.49697
A* Oracle,200,Medium,337,1,2.64336,0.99993,4.49697
A* Oracle,200,Medium,338,1,2.64586,0.99993,4.49697
A* Oracle,200,Medium,339,1,2.64893,0.99993,4.49701
A* Oracle,200,Medium,340,1,2.64974,0.99993,4.49701
A* Oracle,200,Medium,341,1,2.64336,0.99993,4.49676
A* Oracle,200,Medium,342,1,2.6554,0.99993,4.49665
A* Oracle,200,Medium,343,1,2.64316,0.99993,4.49581
A* Oracle,200,Medium,344,1,2.64411,0.99993,4.49581
A* Oracle,200,Medium,345,1,2.64645,0.99993,4.49595
A* Oracle,200,Medium,346,1,2.64911,0.99993,4.49599
A* Oracle,200,Medium,347,1,2.64289,0.99993,4.49599
A* Oracle,200,Medium,348,2,2.64748,0.99993,4.49563
A* Oracle,200,Medium,349,1,2.64388,0.99993,4.4957
A* Oracle,200,Medium,350,3,2.6475,0.99993,4.49577
A* Oracle,200,Medium,351,1,2.64626,0.99993,4.49574
A* Oracle,200,Medium,352,1,2.65346,0.99993,4.49574
A* Oracle,200,Medium,353,1,2.64552,0.99993,4.49574
A* Oracle,200,Medium,354,1,2.64383,0.99993,4.4957
A* Oracle,200,Medium,355,1,2.64998,0.99993,4.4957
A* Oracle,200,Medium,356,1,2.64511,0.99993,4.49577
A* Oracle,200,Medium,357,1,2.64237,0.99993,4.49574
A* Oracle,200,Medium,358,1,2.64241,0.99993,4.49574
A* Oracle,200,Medium,359,1,2.64676,0.99993,4.49574
A* Oracle,200,Medium,360,1,2.64742,0.99993,4.4957
A* Oracle,200,Medium,361,1,2.65248,0.99993,4.4957
A* Oracle,200,Medium,362,1,2.64361,0.99993,4.49567
A* Oracle,200,Medium,363,1,2.64258,0.99993,4.4957
A* Oracle,200,Medium,364,1,2.64809,0.99993,4.49574
A* Oracle,200,Medium,365,1,2.64694,0.99993,4.49574
A* Oracle,200,Medium,366,1,2.64767,0.99993,4.4957
A* Oracle,200,Medium,367,1,2.6452,0.99993,4.49574
A* Oracle,200,Medium,368,1,2.65122,0.99993,4.49574
A* Oracle,200,Medium,369,1,2.64292,0.99993,4.49577
A* Oracle,200,Medium,370,1,2.65823,0.99993,4.49574
A* Oracle,200,Medium,371,1,2.64711,0.99993,4.49606
A* Oracle,200,Medium,372,1,2.64289,0.99993,4.49609
A* Oracle,200,Medium,373,1,2.64996,0.99993,4.49606
A* Oracle,200,Medium,374,1,2.65126,0.99993,4.49606
A* Oracle,200,Medium,375,3,2.64581,0.99993,4.49609
A* Oracle,200,Medium,376,1,2.64385,0.99993,4.49627
A* Oracle,200,Medium,377,2,2.63948,0.99993,4.49648
A* Oracle,200,Medium,378,1,2.64863,0.99993,4.49655
A* Oracle,200,Medium,379,1,2.64369,0.99993,4.49651
A* Oracle,200,Medium,380,1,2.64167,0.99993,4.4963
A* Oracle,200,Medium,381,1,2.64543,0.99993,4.49627
A* Oracle,200,Medium,382,1,2.64507,0.99993,4.4963
A* Oracle,200,Medium,383,2,2.63848,0.999859,4.49623
A* Oracle,200,Medium,384,1,2.64916,0.999859,4.49613
A* Oracle,200,Medium,385,1,2.63765,0.999859,4.49613
A* Oracle,200,Medium,386,1,2.64084,0.999859,4.49613
A* Oracle,200,Medium,387,3,2.63852,0.999859,4.4962
A* Oracle,200,Medium,388,1,2.64354,0.999859,4.49613
A* Oracle,200,Medium,389,2,2.63714,0.999859,4.49613
A* Oracle,200,Medium,390,1,2.6467,0.999859,4.49609
A* Oracle,200,Medium,391,3,2.63767,0.999859,4.49613
A* Oracle,200,Medium,392,1,2.64216,0.999859,4.49616
A* Oracle,200,Medium,393,1,2.64492,0.999859,4.4962
A* Oracle,200,Medium,394,1,2.64683,0.999859,4.49616
A* Oracle,200,Medium,395,1,2.64892,0.999859,4.49609
A* Oracle,200,Medium,396,1,2.63865,0.999859,4.49606
A* Oracle,200,Medium,397,1,2.64569,0.999859,4.49606
A* Oracle,200,Medium,398,1,2.64534,0.999859,4.49602
A* Oracle,200,Medium,399,1,2.64761,0.999824,4.49604
A* Oracle,200,Medium,400,1,2.64432,0.999824,4.49611
HierarchySmart,200,Medium,0,0,0,0.995317,6.15783
HierarchySmart,200,Medium,1,1,0.0048047,0.995317,6.15783
HierarchySmart,200,Medium,2,1,0.00497633,0.995281,6.15787
HierarchySmart,200,Medium,3,1,0.00292998,0.995281,6.15787
HierarchySmart,200,Medium,4,1,0.00213225,0.995246,6.15805
HierarchySmart,200,Medium,5,1,0.00322699,0.995246,6.15809
HierarchySmart,200,Medium,6,1,0.0036462,0.995246,6.15805
HierarchySmart,200,Medium,7,1,0.00528753,0.995246,6.15809
HierarchySmart,200,Medium,8,1,0.00524848,0.995246,6.1583
HierarchySmart,200,Medium,9,1,0.00427362,0.995246,6.15855
HierarchySmart,200,Medium,10,1,0.00294342,0.995246,6.15876
HierarchySmart,200,Medium,11,1,0.00903386,0.995246,6.15908
HierarchySmart,200,Medium,12,1,0.00418399,0.995211,6.15926
HierarchySmart,200,Medium,13,1,6.47879,0.995352,6.15354
HierarchySmart,200,Medium,14,2,1.09359,0.995141,6.14696
HierarchySmart,200,Medium,15,1,0.00307456,0.995141,6.14703
HierarchySmart,200,Medium,16,1,0.00413156,0.995141,6.14706
HierarchySmart,200,Medium,17,1,0.00296156,0.995141,6.1471
HierarchySmart,200,Medium,18,1,0.0037785,0.995141,6.14667
HierarchySmart,200,Medium,19,1,0.00268613,0.995141,6.14667
HierarchySmart,200,Medium,20,1,0.00361014,0.995141,6.14664
HierarchySmart,200,Medium,21,1,0.00570139,0.995141,6.14671
HierarchySmart,200,Medium,22,1,0.00965287,0.995141,6.14682
HierarchySmart,200,Medium,23,1,0.004232,0.995141,6.14689
HierarchySmart,200,Medium,24,1,0.012399,0.99507,6.14672
HierarchySmart,200,Medium,25,1,0.00763241,0.995035,6.14687
HierarchySmart,200,Medium,26,1,0.00582278,0.995035,6.14676
HierarchySmart,200,Medium,27,1,0.0370913,0.995035,6.14676
HierarchySmart,200,Medium,28,1,0.00898782,0.995035,6.14782
HierarchySmart,200,Medium,29,1,0.00732331,0.995035,6.14807
HierarchySmart,200,Medium,30,1,0.00697358,0.995035,6.1481
HierarchySmart,200,Medium,31,1,0.0245243,0.995035,6.14828
HierarchySmart,200,Medium,32,1,0.00225227,0.995,6.14829
HierarchySmart,200,Medium,33,1,0.701576,0.995,6.14298
HierarchySmart,200,Medium,34,1,0.00598686,0.995,6.14301
HierarchySmart,200,Medium,35,1,0.00630042,0.995,6.14319
HierarchySmart,200,Medium,36,1,0.00520482,0.995,6.14323
HierarchySmart,200,Medium,37,1,5.79737,0.99507,6.12453
HierarchySmart,200,Medium,38,1,0.00774596,0.99507,6.1245
HierarchySmart,200,Medium,39,1,0.00557239,0.99507,6.12453
HierarchySmart,200,Medium,40,1,0.78756,0.99507,6.12425
HierarchySmart,200,Medium,41,1,0.0135767,0.99507,6.12411
HierarchySmart,200,Medium,42,1,0.00621407,0.99507,6.12407
HierarchySmart,200,Medium,43,1,0.0067336,0.995035,6.12577
HierarchySmart,200,Medium,44,1,0.00586484,0.995,6.12574
HierarchySmart,200,Medium,45,1,0.710965,0.995,6.11796
HierarchySmart,200,Medium,46,1,0.00286592,0.995,6.11799
HierarchySmart,200,Medium,47,1,0.00693757,0.994929,6.11804
HierarchySmart,200,Medium,48,1,0.00731029,0.994929,6.11846
HierarchySmart,200,Medium,49,1,0.931328,0.995,6.11438
HierarchySmart,200,Medium,50,1,0.89811,0.995,6.11049
HierarchySmart,200,Medium,51,1,0.00397357,0.994964,6.11071
HierarchySmart,200,Medium,52,1,0.00890483,0.994929,6.11071
HierarchySmart,200,Medium,53,1,0.0111774,0.994929,6.11071
HierarchySmart,200,Medium,54,1,0.00415473,0.994894,6.11054
HierarchySmart,200,Medium,55,1,0.00467107,0.994894,6.11061
HierarchySmart,200,Medium,56,1,0.00777787,0.994894,6.11068
HierarchySmart,200,Medium,57,1,1.43763,0.994964,6.10458
HierarchySmart,200,Medium,58,1,6.11487,0.995,6.08522
HierarchySmart,200,Medium,59,1,0.00384398,0.994964,6.08533
HierarchySmart,200,Medium,60,1,0.00863907,0.994929,6.08526
HierarchySmart,200,Medium,61,1,0.00507676,0.994894,6.08534
HierarchySmart,200,Medium,62,1,0.00460637,0.994894,6.08629
HierarchySmart,200,Medium,63,1,0.0219519,0.994894,6.08633
HierarchySmart,200,Medium,64,1,0.788688,0.994894,6.08112
HierarchySmart,200,Medium,65,1,0.00405451,0.994894,6.08233
HierarchySmart,200,Medium,66,2,0.011308,0.994894,6.08286
HierarchySmart,200,Medium,67,1,0.0136844,0.994894,6.08293
HierarchySmart,200,Medium,68,1,0.00737857,0.994859,6.08297
HierarchySmart,200,Medium,69,1,0.00391296,0.994859,6.08297
HierarchySmart,200,Medium,70,1,0.00241298,0.994859,6.08297
HierarchySmart,200,Medium,71,1,0.00374547,0.994824,6.08297
HierarchySmart,200,Medium,72,1,0.00967146,0.994824,6.0829
HierarchySmart,200,Medium,73,1,0.00467703,0.994824,6.08297
HierarchySmart,200,Medium,74,1,6.227,0.994859,6.08605
HierarchySmart,200,Medium,75,1,0.00763039,0.994859,6.08591
HierarchySmart,200,Medium,76,1,0.00709853,0.994859,6.08587
HierarchySmart,200,Medium,77,1,0.00459912,0.994859,6.08598
HierarchySmart,200,Medium,78,4,1.46346,0.994612,6.0724
HierarchySmart,200,Medium,79,1,0.011167,0.994577,6.07212
HierarchySmart,200,Medium,80,1,0.00484142,0.994577,6.07212
HierarchySmart,200,Medium,81,1,5.7299,0.994683,6.06479
HierarchySmart,200,Medium,82,1,0.00381725,0.994683,6.06482
HierarchySmart,200,Medium,83,1,0.00436868,0.994366,6.06559
HierarchySmart,200,Medium,84,1,0.67511,0.994401,6.06296
HierarchySmart,200,Medium,85,1,0.00507503,0.994401,6.06303
HierarchySmart,200,Medium,86,1,0.0063442,0.994401,6.06307
HierarchySmart,200,Medium,87,1,0.00322172,0.994401,6.06413
HierarchySmart,200,Medium,88,1,0.00477111,0.994401,6.06413
HierarchySmart,200,Medium,89,1,0.00586346,0.994436,6.06363
HierarchySmart,200,Medium,90,1,0.00481467,0.994401,6.06367
HierarchySmart,200,Medium,91,1,0.00621135,0.994401,6.06388
HierarchySmart,200,Medium,92,1,0.0118363,0.994366,6.06374
HierarchySmart,200,Medium,93,1,0.00370672,0.994366,6.06367
HierarchySmart,200,Medium,94,1,0.005393,0.994366,6.0636
HierarchySmart,200,Medium,95,1,0.0195225,0.994366,6.06399
HierarchySmart,200,Medium,96,1,0.975632,0.994366,6.06442
HierarchySmart,200,Medium,97,1,0.00411816,0.994366,6.06449
HierarchySmart,200,Medium,98,1,0.00752082,0.994366,6.06484
HierarchySmart,200,Medium,99,1,0.00462534,0.994366,6.06488
HierarchySmart,200,Medium,100,1,0.0101083,0.994366,6.06488
HierarchySmart,200,Medium,101,1,0.00679276,0.99426,6.06517
HierarchySmart,200,Medium,102,1,0.00387973,0.99426,6.06524
HierarchySmart,200,Medium,103,1,0.0104692,0.99426,6.06534
HierarchySmart,200,Medium,104,1,0.0114575,0.99426,6.06552
HierarchySmart,200,Medium,105,1,0.899135,0.99426,6.05922
HierarchySmart,200,Medium,106,1,0.0086425,0.99426,6.05929
HierarchySmart,200,Medium,107,1,0.00541242,0.99426,6.05932
HierarchySmart,200,Medium,108,1,0.00678752,0.99426,6.05954
HierarchySmart,200,Medium,109,1,0.0197941,0.99426,6.0595
HierarchySmart,200,Medium,110,1,0.0187548,0.99426,6.0595
HierarchySmart,200,Medium,111,1,0.00616305,0.99419,6.05979
HierarchySmart,200,Medium,112,1,0.00986094,0.99419,6.05979
HierarchySmart,200,Medium,113,1,0.0103334,0.99419,6.05979
HierarchySmart,200,Medium,114,1,0.00329245,0.99419,6.05972
HierarchySmart,200,Medium,115,1,0.00530859,0.99419,6.05972
HierarchySmart,200,Medium,116,1,0.00378787,0.994119,6.0594
HierarchySmart,200,Medium,117,1,0.00610577,0.994084,6.05951
HierarchySmart,200,Medium,118,1,0.0355301,0.994084,6.05955
HierarchySmart,200,Medium,119,1,0.00464973,0.994014,6.05966
HierarchySmart,200,Medium,120,2,1.87318,0.994049,6.05912
HierarchySmart,200,Medium,121,1,0.0159703,0.994049,6.05916
HierarchySmart,200,Medium,122,1,0.00297954,0.994049,6.05923
HierarchySmart,200,Medium,123,1,0.00426371,0.993802,6.05963
HierarchySmart,200,Medium,124,1,0.00582729,0.993802,6.05971
HierarchySmart,200,Medium,125,1,0.0191599,0.993767,6.05971
HierarchySmart,200,Medium,126,1,6.12462,0.993767,6.05921
HierarchySmart,200,Medium,127,1,0.00600786,0.993767,6.05928
HierarchySmart,200,Medium,128,1,0.00577012,0.993732,6.05939
HierarchySmart,200,Medium,129,1,0.00947474,0.993697,6.05893
HierarchySmart,200,Medium,130,1,0.727227,0.993767,6.04858
HierarchySmart,200,Medium,131,1,0.0103331,0.993767,6.04879
HierarchySmart,200,Medium,132,1,6.5609,0.993838,6.03812
HierarchySmart,200,Medium,133,1,1.08033,0.993908,6.03787
HierarchySmart,200,Medium,134,1,0.00383258,0.993908,6.03773
HierarchySmart,200,Medium,135,3,0.023348,0.993732,6.03653
HierarchySmart,200,Medium,136,1,0.688009,0.993767,6.02962
HierarchySmart,200,Medium,137,1,0.00346883,0.993767,6.02966
HierarchySmart,200,Medium,138,1,0.00312595,0.993732,6.02962
HierarchySmart,200,Medium,139,1,0.00329724,0.993732,6.02966
HierarchySmart,200,Medium,140,1,1.16649,0.993732,6.02923
HierarchySmart,200,Medium,141,5,2.17314,0.993309,6.03134
HierarchySmart,200,Medium,142,1,0.0036424,0.993274,6.03141
HierarchySmart,200,Medium,143,1,0.00621553,0.993239,6.03141
HierarchySmart,200,Medium,144,1,0.00381815,0.993239,6.03134
HierarchySmart,200,Medium,145,1,7.69183,0.993274,6.06105
HierarchySmart,200,Medium,146,1,1.10412,0.993274,6.05871
HierarchySmart,200,Medium,147,1,0.00670434,0.993274,6.05867
HierarchySmart,200,Medium,148,1,0.0257406,0.993274,6.05874
HierarchySmart,200,Medium,149,1,0.00628362,0.993274,6.05878
HierarchySmart,200,Medium,150,2,1.62803,0.993274,6.05704
HierarchySmart,200,Medium,151,1,1.45544,0.993169,6.05666
HierarchySmart,200,Medium,152,1,0.00545159,0.993169,6.05684
HierarchySmart,200,Medium,153,1,0.00543291,0.993098,6.05656
HierarchySmart,200,Medium,154,2,1.40295,0.993098,6.05376
HierarchySmart,200,Medium,155,1,5.83835,0.993133,6.0234
HierarchySmart,200,Medium,156,1,0.00286708,0.993098,6.02358
HierarchySmart,200,Medium,157,1,0.00451075,0.993098,6.02354
HierarchySmart,200,Medium,158,1,7.41024,0.993098,6.0144
HierarchySmart,200,Medium,159,1,0.784222,0.993098,6.00688
HierarchySmart,200,Medium,160,1,0.00540485,0.993063,6.00656
HierarchySmart,200,Medium,161,1,0.00930296,0.992535,6.00032
HierarchySmart,200,Medium,162,1,1.34596,0.992535,5.99957
HierarchySmart,200,Medium,163,1,1.66942,0.99257,6.00039
HierarchySmart,200,Medium,164,1,0.792775,0.992605,5.9933
HierarchySmart,200,Medium,165,1,0.00680334,0.992605,5.99326
HierarchySmart,200,Medium,166,1,0.0049502,0.992605,5.9933
HierarchySmart,200,Medium,167,1,0.00302317,0.99257,5.99333
HierarchySmart,200,Medium,168,1,0.00561513,0.99257,5.99326
HierarchySmart,200,Medium,169,1,3.02009,0.992605,5.9779
HierarchySmart,200,Medium,170,1,0.00329503,0.992605,5.978
HierarchySmart,200,Medium,171,1,0.00844802,0.992535,5.97747
HierarchySmart,200,Medium,172,1,0.00316302,0.992535,5.97747
HierarchySmart,200,Medium,173,1,0.00478976,0.992535,5.97747
HierarchySmart,200,Medium,174,1,5.34924,0.992429,5.97122
HierarchySmart,200,Medium,175,1,0.0108448,0.992429,5.97122
HierarchySmart,200,Medium,176,1,0.00456522,0.992394,5.9714
HierarchySmart,200,Medium,177,1,4.56072,0.992464,5.92631
HierarchySmart,200,Medium,178,1,0.00702482,0.992464,5.92631
HierarchySmart,200,Medium,179,1,1.19221,0.992464,5.92741
HierarchySmart,200,Medium,180,1,0.00362508,0.992429,5.92737
HierarchySmart,200,Medium,181,1,1.40714,0.992464,5.92233
HierarchySmart,200,Medium,182,1,0.00256747,0.992464,5.9224
HierarchySmart,200,Medium,183,1,1.19798,0.992499,5.91864
HierarchySmart,200,Medium,184,1,0.00384616,0.992499,5.91879
HierarchySmart,200,Medium,185,1,0.0040358,0.991232,5.9174
HierarchySmart,200,Medium,186,1,0.00552868,0.991232,5.91758
HierarchySmart,200,Medium,187,1,0.0035742,0.991232,5.91765
HierarchySmart,200,Medium,188,1,0.901847,0.991232,5.91286
HierarchySmart,200,Medium,189,1,5.7343,0.991232,5.91417
HierarchySmart,200,Medium,190,1,0.546087,0.991267,5.91062
HierarchySmart,200,Medium,191,1,0.00267289,0.991267,5.91091
HierarchySmart,200,Medium,192,1,0.00632547,0.991267,5.91091
HierarchySmart,200,Medium,193,2,0.0109874,0.991267,5.91101
HierarchySmart,200,Medium,194,2,0.0103653,0.991232,5.91108
HierarchySmart,200,Medium,195,1,0.00325841,0.991232,5.91133
HierarchySmart,200,Medium,196,1,6.53612,0.991337,5.90715
HierarchySmart,200,Medium,197,1,0.00555125,0.991337,5.90839
HierarchySmart,200,Medium,198,2,1.48319,0.991302,5.90846
HierarchySmart,200,Medium,199,1,0.00529831,0.991302,5.90846
HierarchySmart,200,Medium,200,1,0.00344466,0.991302,5.90849
HierarchySmart,200,Medium,201,1,0.00463886,0.991302,5.90842
HierarchySmart,200,Medium,202,1,0.00519182,0.991302,5.90856
HierarchySmart,200,Medium,203,1,0.00352151,0.991302,5.90856
HierarchySmart,200,Medium,204,1,0.00336653,0.991302,5.90853
HierarchySmart,200,Medium,205,1,0.00447417,0.991267,5.90892
HierarchySmart,200,Medium,206,1,0.00263579,0.991267,5.90902
HierarchySmart,200,Medium,207,1,0.00346906,0.991232,5.90909
HierarchySmart,200,Medium,208,1,0.512714,0.991232,5.89765
HierarchySmart,200,Medium,209,1,0.00620004,0.991267,5.89783
HierarchySmart,200,Medium,210,1,1.65797,0.991267,5.90387
HierarchySmart,200,Medium,211,1,0.00354624,0.991267,5.90409
HierarchySmart,200,Medium,212,1,0.00440621,0.991267,5.90405
HierarchySmart,200,Medium,213,1,0.00971734,0.991056,5.90762
HierarchySmart,200,Medium,214,2,0.0116033,0.99095,5.90771
HierarchySmart,200,Medium,215,1,0.00790644,0.99095,5.90764
HierarchySmart,200,Medium,216,1,0.00411423,0.99095,5.90771
HierarchySmart,200,Medium,217,1,2.14229,0.990668,5.91256
HierarchySmart,200,Medium,218,1,0.00879678,0.990668,5.91263
HierarchySmart,200,Medium,219,1,0.00539135,0.990668,5.91274
HierarchySmart,200,Medium,220,1,0.0041686,0.990668,5.9127
HierarchySmart,200,Medium,221,1,0.0121919,0.990668,5.91263
HierarchySmart,200,Medium,222,1,0.00174828,0.990422,5.91232
HierarchySmart,200,Medium,223,1,0.485467,0.990457,5.90792
HierarchySmart,200,Medium,224,1,1.32344,0.990774,5.91097
HierarchySmart,200,Medium,225,4,2.72227,0.990844,5.90909
HierarchySmart,200,Medium,226,1,0.00873274,0.990844,5.90959
HierarchySmart,200,Medium,227,4,0.936102,0.990844,5.91001
HierarchySmart,200,Medium,228,1,0.00450924,0.990844,5.91044
HierarchySmart,200,Medium,229,1,0.00361364,0.990844,5.91041
HierarchySmart,200,Medium,230,1,0.00643695,0.990844,5.91041
HierarchySmart,200,Medium,231,1,0.00330334,0.990844,5.91065
HierarchySmart,200,Medium,232,1,1.00434,0.990844,5.91065
HierarchySmart,200,Medium,233,1,0.0084512,0.990844,5.91076
HierarchySmart,200,Medium,234,1,0.00628325,0.990563,5.91237
HierarchySmart,200,Medium,235,1,0.959619,0.990563,5.90537
HierarchySmart,200,Medium,236,1,0.00406709,0.990563,5.90547
HierarchySmart,200,Medium,237,1,0.0065271,0.990528,5.90504
HierarchySmart,200,Medium,238,2,0.988722,0.990563,5.90334
HierarchySmart,200,Medium,239,1,0.0061566,0.990563,5.90345
HierarchySmart,200,Medium,240,3,0.0125439,0.990316,5.9062
HierarchySmart,200,Medium,241,1,0.00495675,0.990281,5.90623
HierarchySmart,200,Medium,242,1,0.00712287,0.990281,5.90687
HierarchySmart,200,Medium,243,1,1.11989,0.990175,5.90135
HierarchySmart,200,Medium,244,1,0.00646843,0.990175,5.90142
HierarchySmart,200,Medium,245,1,1.11291,0.990175,5.89431
HierarchySmart,200,Medium,246,2,3.3482,0.991161,5.88141
HierarchySmart,200,Medium,247,1,0.0116405,0.991161,5.88123
HierarchySmart,200,Medium,248,1,0.00531287,0.991161,5.88134
HierarchySmart,200,Medium,249,1,0.00210471,0.991161,5.88201
HierarchySmart,200,Medium,250,1,0.00380236,0.991126,5.88211
HierarchySmart,200,Medium,251,1,0.00299496,0.991126,5.88236
HierarchySmart,200,Medium,252,1,1.84566,0.991161,5.88073
HierarchySmart,200,Medium,253,1,1.18219,0.991197,5.87711
HierarchySmart,200,Medium,254,1,1.16952,0.991197,5.87846
HierarchySmart,200,Medium,255,1,0.00338552,0.991197,5.8785
HierarchySmart,200,Medium,256,1,0.00570613,0.991197,5.87896
HierarchySmart,200,Medium,257,1,1.25438,0.991267,5.87886
HierarchySmart,200,Medium,258,1,0.00466479,0.991267,5.87886
HierarchySmart,200,Medium,259,1,0.00345988,0.991267,5.87943
HierarchySmart,200,Medium,260,1,0.00368584,0.991267,5.87947
HierarchySmart,200,Medium,261,1,0.0125261,0.991267,5.87957
HierarchySmart,200,Medium,262,1,0.00458887,0.991267,5.87957
HierarchySmart,200,Medium,263,1,0.00431289,0.991267,5.87964
HierarchySmart,200,Medium,264,1,0.00982907,0.991267,5.88043
HierarchySmart,200,Medium,265,1,1.67144,0.991267,5.88167
HierarchySmart,200,Medium,266,1,0.00197013,0.991267,5.88167
HierarchySmart,200,Medium,267,1,1.09165,0.991373,5.88246
HierarchySmart,200,Medium,268,2,1.04111,0.991584,5.87507
HierarchySmart,200,Medium,269,1,0.00922283,0.991584,5.875
HierarchySmart,200,Medium,270,1,0.951843,0.991619,5.86587
HierarchySmart,200,Medium,271,2,0.817434,0.990422,5.86134
HierarchySmart,200,Medium,272,1,1.19682,0.990422,5.86102
HierarchySmart,200,Medium,273,1,0.00292178,0.990422,5.86123
HierarchySmart,200,Medium,274,1,0.00958774,0.990422,5.8612
HierarchySmart,200,Medium,275,1,0.00479365,0.990422,5.86148
HierarchySmart,200,Medium,276,1,0.00500321,0.990422,5.86152
HierarchySmart,200,Medium,277,1,0.00946952,0.990387,5.86133
HierarchySmart,200,Medium,278,1,0.560954,0.990351,5.86197
HierarchySmart,200,Medium,279,1,0.00320048,0.990351,5.86183
HierarchySmart,200,Medium,280,1,0.00825256,0.990351,5.86183
HierarchySmart,200,Medium,281,1,0.00276591,0.990351,5.86183
HierarchySmart,200,Medium,282,1,0.00526032,0.990351,5.86172
HierarchySmart,200,Medium,283,1,0.00561619,0.990316,5.86175
HierarchySmart,200,Medium,284,2,0.0138832,0.990316,5.8615
HierarchySmart,200,Medium,285,1,0.0113515,0.990316,5.86157
HierarchySmart,200,Medium,286,1,0.00472987,0.990316,5.86207
HierarchySmart,200,Medium,287,1,0.00707662,0.990316,5.86211
HierarchySmart,200,Medium,288,2,1.09951,0.990316,5.86563
HierarchySmart,200,Medium,289,1,0.00529876,0.990316,5.86584
HierarchySmart,200,Medium,290,1,0.00646025,0.990316,5.86591
HierarchySmart,200,Medium,291,1,0.00414831,0.990316,5.86609
HierarchySmart,200,Medium,292,1,0.00401636,0.990316,5.86616
HierarchySmart,200,Medium,293,1,0.0120716,0.990316,5.86683
HierarchySmart,200,Medium,294,1,0.00685316,0.990316,5.86659
HierarchySmart,200,Medium,295,1,0.0123704,0.990281,5.86637
HierarchySmart,200,Medium,296,1,0.00481558,0.990281,5.86644
HierarchySmart,200,Medium,297,1,0.768447,0.990316,5.85386
HierarchySmart,200,Medium,298,2,0.0103509,0.990281,5.85385
HierarchySmart,200,Medium,299,1,0.00640903,0.990246,5.85388
HierarchySmart,200,Medium,300,1,0.00260719,0.990246,5.85385
HierarchySmart,200,Medium,301,1,0.00679188,0.990246,5.85399
HierarchySmart,200,Medium,302,1,0.00342599,0.990246,5.85406
HierarchySmart,200,Medium,303,1,0.00514708,0.990246,5.85434
HierarchySmart,200,Medium,304,1,0.00760353,0.990246,5.8557
HierarchySmart,200,Medium,305,1,0.00688082,0.990246,5.8558
HierarchySmart,200,Medium,306,1,0.00741013,0.990246,5.85534
HierarchySmart,200,Medium,307,2,0.0107744,0.990246,5.85534
HierarchySmart,200,Medium,308,1,0.00439719,0.990105,5.85671
HierarchySmart,200,Medium,309,1,1.81602,0.990175,5.86433
HierarchySmart,200,Medium,310,1,0.532748,0.990175,5.86397
HierarchySmart,200,Medium,311,1,0.00233548,0.990175,5.86422
HierarchySmart,200,Medium,312,1,0.512031,0.990175,5.86422
HierarchySmart,200,Medium,313,6,1.45867,0.990422,5.86415
HierarchySmart,200,Medium,314,2,1.01413,0.991408,5.86226
HierarchySmart,200,Medium,315,1,0.00189534,0.991408,5.86233
HierarchySmart,200,Medium,316,1,0.00804933,0.991408,5.86236
HierarchySmart,200,Medium,317,1,0.0163174,0.990985,5.86504
HierarchySmart,200,Medium,318,1,7.02789,0.991584,5.87247
HierarchySmart,200,Medium,319,2,0.00755182,0.991584,5.87276
HierarchySmart,200,Medium,320,1,0.00630499,0.991584,5.87347
HierarchySmart,200,Medium,321,1,0.00650981,0.991584,5.87354
HierarchySmart,200,Medium,322,1,0.00350065,0.991549,5.87361
HierarchySmart,200,Medium,323,1,0.00190752,0.991549,5.87371
HierarchySmart,200,Medium,324,1,0.00541994,0.991549,5.87393
HierarchySmart,200,Medium,325,1,0.00342538,0.991549,5.874
HierarchySmart,200,Medium,326,2,0.0101028,0.991549,5.87442
HierarchySmart,200,Medium,327,1,0.00510187,0.991549,5.87442
HierarchySmart,200,Medium,328,1,10.8212,0.991478,5.8357
HierarchySmart,200,Medium,329,1,0.00389065,0.991478,5.83567
HierarchySmart,200,Medium,330,1,0.928276,0.991478,5.83567
HierarchySmart,200,Medium,331,1,0.00429383,0.991478,5.83574
HierarchySmart,200,Medium,332,1,0.0130437,0.991302,5.83411
HierarchySmart,200,Medium,333,1,0.00469661,0.991302,5.83411
HierarchySmart,200,Medium,334,1,0.00767994,0.991302,5.83422
HierarchySmart,200,Medium,335,1,7.01095,0.991302,5.83635
HierarchySmart,200,Medium,336,1,0.013694,0.991267,5.83641
HierarchySmart,200,Medium,337,1,0.00461721,0.991267,5.83641
HierarchySmart,200,Medium,338,1,0.00894543,0.991267,5.83648
HierarchySmart,200,Medium,339,1,0.0052848,0.991267,5.83659
HierarchySmart,200,Medium,340,1,0.00291516,0.991232,5.83665
HierarchySmart,200,Medium,341,1,0.00512888,0.991232,5.83676
HierarchySmart,200,Medium,342,1,0.00830754,0.991197,5.83686
HierarchySmart,200,Medium,343,1,0.003694,0.991197,5.83679
HierarchySmart,200,Medium,344,1,0.00211496,0.991197,5.8369
HierarchySmart,200,Medium,345,1,0.00769795,0.991161,5.83689
HierarchySmart,200,Medium,346,1,0.0070554,0.991161,5.83703
HierarchySmart,200,Medium,347,1,0.00767938,0.991161,5.83693
HierarchySmart,200,Medium,348,2,0.0136452,0.991161,5.83732
HierarchySmart,200,Medium,349,1,0.00314212,0.991091,5.83756
HierarchySmart,200,Medium,350,3,0.0193033,0.991091,5.83816
HierarchySmart,200,Medium,351,1,0.0141154,0.991056,5.83822
HierarchySmart,200,Medium,352,1,0.0275281,0.991056,5.8383
HierarchySmart,200,Medium,353,1,0.00292909,0.991056,5.83826
HierarchySmart,200,Medium,354,1,2.13597,0.991197,5.83015
HierarchySmart,200,Medium,355,1,0.00507157,0.991197,5.83022
HierarchySmart,200,Medium,356,1,0.00644777,0.991161,5.83025
HierarchySmart,200,Medium,357,1,1.32635,0.991161,5.8311
HierarchySmart,200,Medium,358,1,5.82034,0.991197,5.84478
HierarchySmart,200,Medium,359,1,0.00258507,0.991197,5.84478
HierarchySmart,200,Medium,360,1,1.1643,0.991232,5.8498
HierarchySmart,200,Medium,361,1,0.00516156,0.991232,5.8498
HierarchySmart,200,Medium,362,1,0.00890261,0.991232,5.84991
HierarchySmart,200,Medium,363,1,0.00932477,0.991126,5.8495
HierarchySmart,200,Medium,364,1,0.00240785,0.991126,5.84953
HierarchySmart,200,Medium,365,1,0.00353173,0.991126,5.84961
HierarchySmart,200,Medium,366,1,0.00374323,0.991126,5.85142
HierarchySmart,200,Medium,367,1,0.0346644,0.991126,5.85156
HierarchySmart,200,Medium,368,1,0.0108225,0.991126,5.85152
HierarchySmart,200,Medium,369,1,0.00574082,0.991126,5.85174
HierarchySmart,200,Medium,370,1,0.00697947,0.991161,5.85174
HierarchySmart,200,Medium,371,1,0.453564,0.991161,5.85206
HierarchySmart,200,Medium,372,1,0.00374557,0.991161,5.85188
HierarchySmart,200,Medium,373,1,0.892013,0.991232,5.84326
HierarchySmart,200,Medium,374,1,0.0102289,0.991232,5.84326
HierarchySmart,200,Medium,375,3,0.0314032,0.991232,5.84344
HierarchySmart,200,Medium,376,1,0.00622664,0.991232,5.84369
HierarchySmart,200,Medium,377,2,0.705898,0.991267,5.83698
HierarchySmart,200,Medium,378,1,0.00571187,0.991267,5.83709
HierarchySmart,200,Medium,379,1,0.0240658,0.991267,5.83705
HierarchySmart,200,Medium,380,1,2.45493,0.991267,5.85954
HierarchySmart,200,Medium,381,1,0.00854869,0.991267,5.85922
HierarchySmart,200,Medium,382,1,0.00311809,0.991267,5.85936
HierarchySmart,200,Medium,383,2,1.0305,0.991197,5.85839
HierarchySmart,200,Medium,384,1,1.89169,0.991197,5.859
HierarchySmart,200,Medium,385,1,0.00257186,0.991197,5.85903
HierarchySmart,200,Medium,386,1,0.0101115,0.991197,5.85903
HierarchySmart,200,Medium,387,3,0.0233693,0.991197,5.85921
HierarchySmart,200,Medium,388,1,0.00319152,0.991197,5.85942
HierarchySmart,200,Medium,389,2,0.0120537,0.991197,5.85981
HierarchySmart,200,Medium,390,1,0.0110752,0.991197,5.85967
HierarchySmart,200,Medium,391,3,0.0376765,0.991197,5.85974
HierarchySmart,200,Medium,392,1,0.00413408,0.991197,5.85985
HierarchySmart,200,Medium,393,1,0.00806525,0.991197,5.85981
HierarchySmart,200,Medium,394,1,0.00361585,0.991197,5.85978
HierarchySmart,200,Medium,395,1,0.00255673,0.991197,5.86031
HierarchySmart,200,Medium,396,1,0.0025736,0.991091,5.86022
HierarchySmart,200,Medium,397,1,1.53287,0.991091,5.85948
HierarchySmart,200,Medium,398,1,0.0110961,0.991091,5.8599
HierarchySmart,200,Medium,399,1,0.00240435,0.991056,5.86001
HierarchySmart,200,Medium,400,1,0.0129241,0.991056,5.86011
A* Static,200,Hard,0,0,0,0.998183,7.21582
A* Static,200,Hard,1,1,0,0.998142,7.21583
A* Static,200,Hard,2,1,0,0.997688,7.21486
A* Static,200,Hard,3,1,0,0.997523,7.21324
A* Static,200,Hard,4,1,0,0.997482,7.21329
A* Static,200,Hard,5,1,0,0.997027,7.21301
A* Static,200,Hard,6,4,0,0.996119,7.21109
A* Static,200,Hard,7,1,0,0.99583,7.20954
A* Static,200,Hard,8,1,0,0.995706,7.20948
A* Static,200,Hard,9,1,0,0.995665,7.20945
A* Static,200,Hard,10,1,0,0.995417,7.21041
A* Static,200,Hard,11,1,0,0.995169,7.21092
A* Static,200,Hard,12,1,0,0.994261,7.2075
A* Static,200,Hard,13,1,0,0.99422,7.20751
A* Static,200,Hard,14,1,0,0.994179,7.20768
A* Static,200,Hard,15,3,0,0.994055,7.20738
A* Static,200,Hard,16,1,0,0.994013,7.20684
A* Static,200,Hard,17,1,0,0.993972,7.20698
A* Static,200,Hard,18,4,0,0.993146,7.2047
A* Static,200,Hard,19,1,0,0.993105,7.20466
A* Static,200,Hard,20,1,0,0.992651,7.20443
A* Static,200,Hard,21,1,0,0.99261,7.20431
A* Static,200,Hard,22,1,0,0.992197,7.20352
A* Static,200,Hard,23,1,0,0.991908,7.20283
A* Static,200,Hard,24,1,0,0.991784,7.20286
A* Static,200,Hard,25,2,0,0.99133,7.20162
A* Static,200,Hard,26,1,0,0.991082,7.2015
A* Static,200,Hard,27,1,0,0.991,7.20139
A* Static,200,Hard,28,1,0,0.990958,7.2014
A* Static,200,Hard,29,1,0,0.990752,7.20007
A* Static,200,Hard,30,1,0,0.990463,7.2
A* Static,200,Hard,31,1,0,0.990422,7.19997
A* Static,200,Hard,32,1,0,0.99038,7.19981
A* Static,200,Hard,33,1,0,0.990339,7.19969
A* Static,200,Hard,34,1,0,0.990256,7.1995
A* Static,200,Hard,35,1,0,0.990215,7.19967
A* Static,200,Hard,36,1,0,0.990174,7.19985
A* Static,200,Hard,37,4,0,0.989761,7.19877
A* Static,200,Hard,38,1,0,0.989637,7.19904
A* Static,200,Hard,39,1,0,0.9891,7.19961
A* Static,200,Hard,40,1,0,0.989018,7.19917
A* Static,200,Hard,41,1,0,0.988605,7.19708
A* Static,200,Hard,42,1,0,0.987655,7.19371
A* Static,200,Hard,43,1,0,0.987614,7.19368
A* Static,200,Hard,44,1,0,0.98749,7.19295
A* Static,200,Hard,45,1,0,0.987325,7.19311
A* Static,200,Hard,46,1,0,0.987284,7.19291
A* Static,200,Hard,47,3,0,0.986912,7.1929
A* Static,200,Hard,48,1,0,0.986499,7.19243
A* Static,200,Hard,49,1,0,0.986458,7.19227
A* Static,200,Hard,50,1,0,0.986334,7.19167
A* Static,200,Hard,51,1,0,0.986293,7.19172
A* Static,200,Hard,52,1,0,0.985839,7.19265
A* Static,200,Hard,53,1,0,0.985756,7.19262
A* Static,200,Hard,54,1,0,0.985385,7.19093
A* Static,200,Hard,55,2,0,0.985219,7.19055
A* Static,200,Hard,56,1,0,0.984476,7.19082
A* Static,200,Hard,57,1,0,0.984435,7.19074
A* Static,200,Hard,58,1,0,0.984394,7.19075
A* Static,200,Hard,59,1,0,0.984229,7.19011
A* Static,200,Hard,60,3,0,0.983857,7.1888
A* Static,200,Hard,61,2,0,0.983238,7.18816
A* Static,200,Hard,62,1,0,0.983155,7.18771
A* Static,200,Hard,63,1,0,0.983031,7.18711
A* Static,200,Hard,64,1,0,0.982866,7.18684
A* Static,200,Hard,65,1,0,0.98266,7.18667
A* Static,200,Hard,66,1,0,0.982536,7.18686
A* Static,200,Hard,67,1,0,0.982495,7.18708
A* Static,200,Hard,68,1,0,0.980637,7.18676
A* Static,200,Hard,69,1,0,0.980595,7.18694
A* Static,200,Hard,70,1,0,0.980595,7.18694
A* Static,200,Hard,71,1,0,0.980554,7.18686
A* Static,200,Hard,72,1,0,0.979935,7.18858
A* Static,200,Hard,73,1,0,0.979852,7.18856
A* Static,200,Hard,74,1,0,0.979811,7.18861
A* Static,200,Hard,75,1,0,0.979728,7.1885
A* Static,200,Hard,76,1,0,0.979687,7.18871
A* Static,200,Hard,77,1,0,0.979357,7.18798
A* Static,200,Hard,78,2,0,0.978242,7.18422
A* Static,200,Hard,79,1,0,0.978077,7.18358
A* Static,200,Hard,80,1,0,0.978036,7.18346
A* Static,200,Hard,81,4,0,0.977664,7.18209
A* Static,200,Hard,82,1,0,0.977581,7.18215
A* Static,200,Hard,83,1,0,0.977499,7.18246
A* Static,200,Hard,84,1,0,0.977375,7.18215
A* Static,200,Hard,85,1,0,0.976962,7.18003
A* Static,200,Hard,86,1,0,0.976797,7.18031
A* Static,200,Hard,87,1,0,0.976673,7.18046
A* Static,200,Hard,88,1,0,0.976632,7.18043
A* Static,200,Hard,89,2,0,0.97626,7.17969
A* Static,200,Hard,90,1,0,0.976178,7.1795
A* Static,200,Hard,91,1,0,0.976136,7.17959
A* Static,200,Hard,92,1,0,0.975393,7.17803
A* Static,200,Hard,93,1,0,0.974568,7.17729
A* Static,200,Hard,94,1,0,0.974526,7.17747
A* Static,200,Hard,95,1,0,0.97432,7.17759
A* Static,200,Hard,96,2,0,0.973659,7.1739
A* Static,200,Hard,97,1,0,0.973618,7.17378
A* Static,200,Hard,98,1,0,0.972627,7.17578
A* Static,200,Hard,99,1,0,0.971388,7.176
A* Static,200,Hard,100,2,0,0.971182,7.17579
A* Static,200,Hard,101,1,0,0.971141,7.17584
A* Static,200,Hard,102,1,0,0.971058,7.17521
A* Static,200,Hard,103,1,0,0.970893,7.17541
A* Static,200,Hard,104,1,0,0.970852,7.17495
A* Static,200,Hard,105,1,0,0.97048,7.17413
A* Static,200,Hard,106,1,0,0.969283,7.1737
A* Static,200,Hard,107,1,0,0.969242,7.17358
A* Static,200,Hard,108,1,0,0.969035,7.17298
A* Static,200,Hard,109,1,0,0.968911,7.17266
A* Static,200,Hard,110,2,0,0.96792,7.17254
A* Static,200,Hard,111,1,0,0.967879,7.17246
A* Static,200,Hard,112,1,0,0.967797,7.17218
A* Static,200,Hard,113,1,0,0.967342,7.17089
A* Static,200,Hard,114,1,0,0.96693,7.16998
A* Static,200,Hard,115,1,0,0.96693,7.16998
A* Static,200,Hard,116,1,0,0.966888,7.16973
A* Static,200,Hard,117,1,0,0.966434,7.17127
A* Static,200,Hard,118,1,0,0.966434,7.17127
A* Static,200,Hard,119,1,0,0.966269,7.17074
A* Static,200,Hard,120,1,0,0.965195,7.16725
A* Static,200,Hard,121,1,0,0.96503,7.16728
A* Static,200,Hard,122,1,0,0.964989,7.16746
A* Static,200,Hard,123,1,0,0.964948,7.16764
A* Static,200,Hard,124,1,0,0.96437,7.16615
A* Static,200,Hard,125,1,0,0.964328,7.16586
A* Static,200,Hard,126,3,0,0.964039,7.16664
A* Static,200,Hard,127,1,0,0.963998,7.1669
A* Static,200,Hard,128,2,0,0.963833,7.16629
A* Static,200,Hard,129,1,0,0.963833,7.16629
A* Static,200,Hard,130,1,0,0.963792,7.16621
A* Static,200,Hard,131,1,0,0.963585,7.16526
A* Static,200,Hard,132,1,0,0.963544,7.16501
A* Static,200,Hard,133,1,0,0.96342,7.16537
A* Static,200,Hard,134,1,0,0.96309,7.16423
A* Static,200,Hard,135,1,0,0.962471,7.16288
A* Static,200,Hard,136,1,0,0.962388,7.16268
A* Static,200,Hard,137,1,0,0.962388,7.16268
A* Static,200,Hard,138,1,0,0.962058,7.15887
A* Static,200,Hard,139,2,0,0.961686,7.15889
A* Static,200,Hard,140,2,0,0.960984,7.16085
A* Static,200,Hard,141,1,0,0.960943,7.16103
A* Static,200,Hard,142,1,0,0.960737,7.15909
A* Static,200,Hard,143,1,0,0.960695,7.15918
A* Static,200,Hard,144,1,0,0.96053,7.15801
A* Static,200,Hard,145,1,0,0.960324,7.15843
A* Static,200,Hard,146,1,0,0.960282,7.15826
A* Static,200,Hard,147,1,0,0.960241,7.1584
A* Static,200,Hard,148,1,0,0.9602,7.15866
A* Static,200,Hard,149,1,0,0.960159,7.15841
A* Static,200,Hard,150,1,0,0.960117,7.15829
A* Static,200,Hard,151,1,0,0.960076,7.15855
A* Static,200,Hard,152,1,0,0.960035,7.15856
A* Static,200,Hard,153,1,0,0.959952,7.15875
A* Static,200,Hard,154,1,0,0.959911,7.15884
A* Static,200,Hard,155,1,0,0.959828,7.15881
A* Static,200,Hard,156,1,0,0.959746,7.159
A* Static,200,Hard,157,1,0,0.956897,7.14778
A* Static,200,Hard,158,1,0,0.956856,7.14791
A* Static,200,Hard,159,1,0,0.956443,7.14681
A* Static,200,Hard,160,1,0,0.95636,7.14721
A* Static,200,Hard,161,1,0,0.956071,7.14587
A* Static,200,Hard,162,1,0,0.956071,7.14587
A* Static,200,Hard,163,1,0,0.95603,7.14601
A* Static,200,Hard,164,1,0,0.955989,7.14545
A* Static,200,Hard,165,1,0,0.955782,7.14553
A* Static,200,Hard,166,1,0,0.955741,7.14549
A* Static,200,Hard,167,1,0,0.955617,7.14551
A* Static,200,Hard,168,1,0,0.955576,7.14534
A* Static,200,Hard,169,1,0,0.955493,7.14531
A* Static,200,Hard,170,1,0,0.955163,7.14437
A* Static,200,Hard,171,1,0,0.95508,7.14425
A* Static,200,Hard,172,1,0,0.954874,7.14312
A* Static,200,Hard,173,1,0,0.953883,7.13141
A* Static,200,Hard,174,1,0,0.953759,7.13051
A* Static,200,Hard,175,1,0,0.953718,7.13052
A* Static,200,Hard,176,1,0,0.953677,7.13035
A* Static,200,Hard,177,1,0,0.953346,7.12884
A* Static,200,Hard,178,1,0,0.95219,7.12947
A* Static,200,Hard,179,1,0,0.952108,7.12944
A* Static,200,Hard,180,1,0,0.952066,7.12927
A* Static,200,Hard,181,1,0,0.952025,7.1291
A* Static,200,Hard,182,2,0,0.951488,7.128
A* Static,200,Hard,183,1,0,0.951447,7.12792
A* Static,200,Hard,184,1,0,0.951406,7.12797
A* Static,200,Hard,185,1,0,0.951117,7.1251
A* Static,200,Hard,186,1,0,0.951076,7.12528
A* Static,200,Hard,187,2,0,0.95091,7.12548
A* Static,200,Hard,188,1,0,0.950745,7.12498
A* Static,200,Hard,189,1,0,0.950415,7.12172
A* Static,200,Hard,190,1,0,0.950167,7.12171
A* Static,200,Hard,191,1,0,0.949919,7.12009
A* Static,200,Hard,192,1,0,0.948681,7.11942
A* Static,200,Hard,193,1,0,0.947236,7.11546
A* Static,200,Hard,194,1,0,0.946451,7.11416
A* Static,200,Hard,195,1,0,0.946204,7.11432
A* Static,200,Hard,196,2,0,0.943768,7.11514
A* Static,200,Hard,197,1,0,0.943727,7.11528
A* Static,200,Hard,198,1,0,0.943603,7.11468
A* Static,200,Hard,199,1,0,0.943603,7.11468
A* Static,200,Hard,200,1,0,0.94352,7.11395
A* Static,200,Hard,201,1,0,0.943479,7.11382
A* Static,200,Hard,202,1,0,0.943396,7.11387
A* Static,200,Hard,203,1,0,0.94319,7.11403
A* Static,200,Hard,204,1,0,0.942158,7.11433
A* Static,200,Hard,205,1,0,0.942034,7.11478
A* Static,200,Hard,206,2,0,0.941951,7.11431
A* Static,200,Hard,207,1,0,0.94191,7.11445
A* Static,200,Hard,208,1,0,0.941869,7.1145
A* Static,200,Hard,209,2,0,0.941745,7.11469
A* Static,200,Hard,210,1,0,0.941703,7.11474
A* Static,200,Hard,211,1,0,0.941497,7.11274
A* Static,200,Hard,212,1,0,0.941332,7.11272
A* Static,200,Hard,213,1,0,0.941167,7.11252
A* Static,200,Hard,214,1,0,0.941084,7.11292
A* Static,200,Hard,215,1,0,0.940795,7.11239
A* Static,200,Hard,216,1,0,0.940754,7.11239
A* Static,200,Hard,217,1,0,0.940713,7.11227
A* Static,200,Hard,218,1,0,0.940671,7.11201
A* Static,200,Hard,219,2,0,0.93935,7.10759
A* Static,200,Hard,220,1,0,0.939309,7.10738
A* Static,200,Hard,221,1,0,0.938772,7.10731
A* Static,200,Hard,222,1,0,0.93869,7.10701
A* Static,200,Hard,223,1,0,0.938648,7.10693
A* Static,200,Hard,224,3,0,0.937905,7.10767
A* Static,200,Hard,225,1,0,0.937864,7.1075
A* Static,200,Hard,226,1,0,0.93774,7.10778
A* Static,200,Hard,227,1,0,0.937368,7.1069
A* Static,200,Hard,228,1,0,0.937038,7.1079
A* Static,200,Hard,229,1,0,0.936956,7.1069
A* Static,200,Hard,230,1,0,0.936708,7.10627
A* Static,200,Hard,231,1,0,0.935841,7.10262
A* Static,200,Hard,232,1,0,0.9358,7.10253
A* Static,200,Hard,233,1,0,0.9358,7.10253
A* Static,200,Hard,234,1,0,0.935717,7.10259
A* Static,200,Hard,235,1,0,0.934561,7.09772
A* Static,200,Hard,236,1,0,0.934354,7.09779
A* Static,200,Hard,237,1,0,0.933487,7.09544
A* Static,200,Hard,238,1,0,0.933446,7.09532
A* Static,200,Hard,239,1,0,0.933405,7.09514
A* Static,200,Hard,240,1,0,0.933364,7.09497
A* Static,200,Hard,241,1,0,0.933322,7.09497
A* Static,200,Hard,242,1,0,0.933033,7.0962
A* Static,200,Hard,243,1,0,0.932786,7.09614
A* Static,200,Hard,244,1,0,0.932373,7.09419
A* Static,200,Hard,245,1,0,0.932331,7.09423
A* Static,200,Hard,246,1,0,0.932166,7.09381
A* Static,200,Hard,247,1,0,0.931795,7.09229
A* Static,200,Hard,248,1,0,0.931795,7.09229
A* Static,200,Hard,249,1,0,0.931671,7.09231
A* Static,200,Hard,250,1,0,0.931423,7.09304
A* Static,200,Hard,251,1,0,0.931134,7.09249
A* Static,200,Hard,252,1,0,0.930969,7.09304
A* Static,200,Hard,253,1,0,0.928822,7.09006
A* Static,200,Hard,254,1,0,0.928698,7.09042
A* Static,200,Hard,255,1,0,0.927955,7.0909
A* Static,200,Hard,256,2,0,0.927253,7.09025
A* Static,200,Hard,257,1,0,0.927212,7.09017
A* Static,200,Hard,258,1,0,0.925313,7.09227
A* Static,200,Hard,259,1,0,0.92523,7.09197
A* Static,200,Hard,260,1,0,0.925106,7.09171
A* Static,200,Hard,261,1,0,0.924404,7.09241
A* Static,200,Hard,262,1,0,0.924404,7.09241
A* Static,200,Hard,263,1,0,0.924074,7.09106
A* Static,200,Hard,264,1,0,0.923909,7.09134
A* Static,200,Hard,265,1,0,0.923868,7.09134
A* Static,200,Hard,266,2,0,0.923826,7.09139
A* Static,200,Hard,267,1,0,0.923703,7.09127
A* Static,200,Hard,268,1,0,0.923661,7.09096
A* Static,200,Hard,269,1,0,0.92362,7.09061
A* Static,200,Hard,270,1,0,0.923579,7.09084
A* Static,200,Hard,271,1,0,0.922547,7.08879
A* Static,200,Hard,272,1,0,0.922505,7.08848
A* Static,200,Hard,273,1,0,0.922092,7.08668
A* Static,200,Hard,274,1,0,0.922092,7.08668
A* Static,200,Hard,275,1,0,0.921184,7.08802
A* Static,200,Hard,276,1,0,0.920069,7.08059
A* Static,200,Hard,277,1,0,0.919491,7.07916
A* Static,200,Hard,278,1,0,0.91945,7.07939
A* Static,200,Hard,279,1,0,0.919285,7.07846
A* Static,200,Hard,280,1,0,0.918996,7.07732
A* Static,200,Hard,281,1,0,0.918872,7.07746
A* Static,200,Hard,282,1,0,0.918789,7.07689
A* Static,200,Hard,283,1,0,0.917592,7.07118
A* Static,200,Hard,284,1,0,0.91751,7.07069
A* Static,200,Hard,285,1,0,0.91751,7.07069
A* Static,200,Hard,286,1,0,0.917468,7.07065
A* Static,200,Hard,287,1,0,0.916188,7.06976
A* Static,200,Hard,288,1,0,0.915776,7.06546
A* Static,200,Hard,289,1,0,0.915156,7.06307
A* Static,200,Hard,290,1,0,0.914248,7.0625
A* Static,200,Hard,291,1,0,0.914248,7.0625
A* Static,200,Hard,292,1,0,0.914207,7.06237
A* Static,200,Hard,293,1,0,0.914042,7.06193
A* Static,200,Hard,294,1,0,0.914,7.06193
A* Static,200,Hard,295,1,0,0.913959,7.06198
A* Static,200,Hard,296,1,0,0.913794,7.06176
A* Static,200,Hard,297,1,0,0.912968,7.06327
A* Static,200,Hard,298,1,0,0.912927,7.06327
A* Static,200,Hard,299,1,0,0.912308,7.06272
A* Static,200,Hard,300,1,0,0.911853,7.06122
A* Static,200,Hard,301,1,0,0.911729,7.06122
A* Static,200,Hard,302,1,0,0.911523,7.06078
A* Static,200,Hard,303,1,0,0.91144,7.06074
A* Static,200,Hard,304,2,0,0.911358,7.06093
A* Static,200,Hard,305,1,0,0.911275,7.06053
A* Static,200,Hard,306,1,0,0.911193,7.05995
A* Static,200,Hard,307,1,0,0.91111,7.06045
A* Static,200,Hard,308,1,0,0.910697,7.0598
A* Static,200,Hard,309,1,0,0.910656,7.05975
A* Static,200,Hard,310,1,0,0.910491,7.06004
A* Static,200,Hard,311,2,0,0.910284,7.05869
A* Static,200,Hard,312,1,0,0.910284,7.05869
A* Static,200,Hard,313,1,0,0.908468,7.05404
A* Static,200,Hard,314,1,0,0.908427,7.0539
A* Static,200,Hard,315,1,0,0.908261,7.05437
A* Static,200,Hard,316,1,0,0.908055,7.05429
A* Static,200,Hard,317,1,0,0.907725,7.05312
A* Static,200,Hard,318,2,0,0.906569,7.0521
A* Static,200,Hard,319,1,0,0.906527,7.05201
A* Static,200,Hard,320,1,0,0.906486,7.05169
A* Static,200,Hard,321,1,0,0.906445,7.05151
A* Static,200,Hard,322,1,0,0.906362,7.05166
A* Static,200,Hard,323,1,0,0.90628,7.0518
A* Static,200,Hard,324,1,0,0.906073,7.05277
A* Static,200,Hard,325,1,0,0.906032,7.05286
A* Static,200,Hard,326,1,0,0.905991,7.05277
A* Static,200,Hard,327,1,0,0.905991,7.05277
A* Static,200,Hard,328,1,0,0.905949,7.05241
A* Static,200,Hard,329,1,0,0.905826,7.05251
A* Static,200,Hard,330,1,0,0.905619,7.05174
A* Static,200,Hard,331,1,0,0.904504,7.05341
A* Static,200,Hard,332,1,0,0.904422,7.05391
A* Static,200,Hard,333,1,0,0.904339,7.05369
A* Static,200,Hard,334,1,0,0.904339,7.05369
A* Static,200,Hard,335,1,0,0.904009,7.05316
A* Static,200,Hard,336,1,0,0.903555,7.05022
A* Static,200,Hard,337,1,0,0.90277,7.04326
A* Static,200,Hard,338,1,0,0.902729,7.04336
A* Static,200,Hard,339,1,0,0.902564,7.04401
A* Static,200,Hard,340,1,0,0.900995,7.04142
A* Static,200,Hard,341,1,0,0.900582,7.04112
A* Static,200,Hard,342,5,0,0.900087,7.0417
A* Static,200,Hard,343,1,0,0.900004,7.04147
A* Static,200,Hard,344,1,0,0.899963,7.04166
A* Static,200,Hard,345,1,0,0.899922,7.04193
A* Static,200,Hard,346,1,0,0.89955,7.04034
A* Static,200,Hard,347,1,0,0.898972,7.03376
A* Static,200,Hard,348,1,0,0.898889,7.03335
A* Static,200,Hard,349,1,0,0.898848,7.03316
A* Static,200,Hard,350,1,0,0.898766,7.03275
A* Static,200,Hard,351,1,0,0.898064,7.03453
A* Static,200,Hard,352,1,0,0.897692,7.03532
A* Static,200,Hard,353,1,0,0.897692,7.03532
A* Static,200,Hard,354,1,0,0.897073,7.03318
A* Static,200,Hard,355,1,0,0.897032,7.03328
A* Static,200,Hard,356,1,0,0.89699,7.03332
A* Static,200,Hard,357,1,0,0.89699,7.03332
A* Static,200,Hard,358,2,0,0.896825,7.03305
A* Static,200,Hard,359,1,0,0.896742,7.03329
A* Static,200,Hard,360,1,0,0.896495,7.03297
A* Static,200,Hard,361,1,0,0.89633,7.03215
A* Static,200,Hard,362,1,0,0.895008,7.02855
A* Static,200,Hard,363,1,0,0.894761,7.02787
A* Static,200,Hard,364,1,0,0.894678,7.0282
A* Static,200,Hard,365,1,0,0.894637,7.02834
A* Static,200,Hard,366,1,0,0.894637,7.02834
A* Static,200,Hard,367,1,0,0.894596,7.02815
A* Static,200,Hard,368,1,0,0.89443,7.02779
A* Static,200,Hard,369,1,0,0.894183,7.02789
A* Static,200,Hard,370,1,0,0.894141,7.02807
A* Static,200,Hard,371,1,0,0.8941,7.02784
A* Static,200,Hard,372,1,0,0.893976,7.02757
A* Static,200,Hard,373,1,0,0.893935,7.02753
A* Static,200,Hard,374,1,0,0.893109,7.02288
A* Static,200,Hard,375,1,0,0.893109,7.02288
A* Static,200,Hard,376,1,0,0.893027,7.02293
A* Static,200,Hard,377,1,0,0.89249,7.0198
A* Static,200,Hard,378,1,0,0.892449,7.01999
A* Static,200,Hard,379,1,0,0.892449,7.01999
A* Static,200,Hard,380,7,0,0.891251,7.01844
A* Static,200,Hard,381,1,0,0.89121,7.0183
A* Static,200,Hard,382,1,0,0.888155,7.00786
A* Static,200,Hard,383,1,0,0.888155,7.00786
A* Static,200,Hard,384,1,0,0.888155,7.00786
A* Static,200,Hard,385,1,0,0.888155,7.00786
A* Static,200,Hard,386,1,0,0.888155,7.00786
A* Static,200,Hard,387,1,0,0.888114,7.00758
A* Static,200,Hard,388,1,0,0.888072,7.00753
A* Static,200,Hard,389,1,0,0.887742,7.0066
A* Static,200,Hard,390,1,0,0.887701,7.00656
A* Static,200,Hard,391,1,0,0.887659,7.00628
A* Static,200,Hard,392,1,0,0.887618,7.00609
A* Static,200,Hard,393,1,0,0.887577,7.00586
A* Static,200,Hard,394,1,0,0.887536,7.00568
A* Static,200,Hard,395,1,0,0.887494,7.00535
A* Static,200,Hard,396,1,0,0.887453,7.0054
A* Static,200,Hard,397,1,0,0.886421,7.00373
A* Static,200,Hard,398,2,0,0.886049,7.0007
A* Static,200,Hard,399,1,0,0.886008,7.00061
A* Static,200,Hard,400,1,0,0.885925,7.00084
A* Oracle,200,Hard,0,0,0,0.998183,7.21582
A* Oracle,200,Hard,1,1,3.49992,0.998183,7.21578
A* Oracle,200,Hard,2,1,3.5091,0.998183,7.21599
A* Oracle,200,Hard,3,1,3.50529,0.998101,7.21514
A* Oracle,200,Hard,4,1,3.50909,0.998101,7.21514
A* Oracle,200,Hard,5,1,3.52299,0.998101,7.21531
A* Oracle,200,Hard,6,4,3.51124,0.998101,7.21609
A* Oracle,200,Hard,7,1,3.51371,0.998101,7.21597
A* Oracle,200,Hard,8,1,3.52714,0.998101,7.21597
A* Oracle,200,Hard,9,1,3.51281,0.998101,7.21597
A* Oracle,200,Hard,10,1,3.50973,0.998101,7.21601
A* Oracle,200,Hard,11,1,3.5113,0.998101,7.21605
A* Oracle,200,Hard,12,1,3.51415,0.998101,7.21729
A* Oracle,200,Hard,13,1,3.53377,0.998101,7.21733
A* Oracle,200,Hard,14,1,3.5192,0.998101,7.21733
A* Oracle,200,Hard,15,3,3.51884,0.998183,7.21727
A* Oracle,200,Hard,16,1,3.51067,0.998183,7.21727
A* Oracle,200,Hard,17,1,3.51336,0.998183,7.21731
A* Oracle,200,Hard,18,4,3.51042,0.998183,7.21752
A* Oracle,200,Hard,19,1,3.51115,0.998183,7.21748
A* Oracle,200,Hard,20,1,3.51148,0.998183,7.21748
A* Oracle,200,Hard,21,1,3.50669,0.998183,7.21748
A* Oracle,200,Hard,22,1,3.51754,0.998183,7.21616
A* Oracle,200,Hard,23,1,3.51317,0.998183,7.21624
A* Oracle,200,Hard,24,1,3.51315,0.998183,7.21624
A* Oracle,200,Hard,25,2,3.50626,0.998183,7.21628
A* Oracle,200,Hard,26,1,3.51036,0.998183,7.21645
A* Oracle,200,Hard,27,1,3.52016,0.998183,7.21649
A* Oracle,200,Hard,28,1,3.50844,0.998183,7.21649
A* Oracle,200,Hard,29,1,3.51228,0.998183,7.21653
A* Oracle,200,Hard,30,1,3.5109,0.998183,7.21669
A* Oracle,200,Hard,31,1,3.51969,0.998183,7.21669
A* Oracle,200,Hard,32,1,3.51093,0.998183,7.21665
A* Oracle,200,Hard,33,1,3.51748,0.998183,7.21661
A* Oracle,200,Hard,34,1,3.50836,0.998183,7.21657
A* Oracle,200,Hard,35,1,3.50911,0.998183,7.21661
A* Oracle,200,Hard,36,1,3.51282,0.998183,7.21661
A* Oracle,200,Hard,37,4,3.51492,0.998183,7.21628
A* Oracle,200,Hard,38,1,3.50865,0.998183,7.21624
A* Oracle,200,Hard,39,1,3.51091,0.998183,7.21665
A* Oracle,200,Hard,40,1,3.51527,0.998183,7.21665
A* Oracle,200,Hard,41,1,3.5079,0.998183,7.2174
A* Oracle,200,Hard,42,1,3.50939,0.998183,7.21636
A* Oracle,200,Hard,43,1,3.50544,0.998183,7.21632
A* Oracle,200,Hard,44,1,3.50943,0.998183,7.21628
A* Oracle,200,Hard,45,1,3.5115,0.998183,7.21616
A* Oracle,200,Hard,46,1,3.50473,0.998183,7.21611
A* Oracle,200,Hard,47,3,3.51102,0.998183,7.21632
A* Oracle,200,Hard,48,1,3.55836,0.998183,7.21624
A* Oracle,200,Hard,49,1,3.54148,0.998183,7.2162
A* Oracle,200,Hard,50,1,3.79951,0.998183,7.21611
A* Oracle,200,Hard,51,1,3.5992,0.998183,7.21611
A* Oracle,200,Hard,52,1,3.56101,0.998183,7.21616
A* Oracle,200,Hard,53,1,3.51273,0.998183,7.21616
A* Oracle,200,Hard,54,1,3.55827,0.998183,7.21673
A* Oracle,200,Hard,55,2,3.63228,0.998183,7.21673
A* Oracle,200,Hard,56,1,3.51123,0.998183,7.21884
A* Oracle,200,Hard,57,1,3.51165,0.998183,7.21855
A* Oracle,200,Hard,58,1,3.50465,0.998183,7.21855
A* Oracle,200,Hard,59,1,3.50594,0.998183,7.2186
A* Oracle,200,Hard,60,3,3.5065,0.998183,7.21889
A* Oracle,200,Hard,61,2,3.50736,0.998183,7.22013
A* Oracle,200,Hard,62,1,3.51007,0.998142,7.21968
A* Oracle,200,Hard,63,1,3.51422,0.998142,7.21976
A* Oracle,200,Hard,64,1,3.50977,0.998142,7.21964
A* Oracle,200,Hard,65,1,3.51506,0.998142,7.21976
A* Oracle,200,Hard,66,1,3.51,0.998142,7.2198
A* Oracle,200,Hard,67,1,3.52002,0.998142,7.21985
A* Oracle,200,Hard,68,1,3.51861,0.998142,7.22171
A* Oracle,200,Hard,69,1,3.51674,0.998142,7.22171
A* Oracle,200,Hard,70,1,3.51603,0.998225,7.22256
A* Oracle,200,Hard,71,1,3.51652,0.998225,7.22256
A* Oracle,200,Hard,72,1,3.51787,0.998225,7.22305
A* Oracle,200,Hard,73,1,3.52386,0.998225,7.2231
A* Oracle,200,Hard,74,1,3.514,0.998225,7.22297
A* Oracle,200,Hard,75,1,3.51929,0.998225,7.2231
A* Oracle,200,Hard,76,1,3.52215,0.998225,7.2231
A* Oracle,200,Hard,77,1,3.51683,0.998225,7.22351
A* Oracle,200,Hard,78,2,3.52092,0.998225,7.22413
A* Oracle,200,Hard,79,1,3.51079,0.998225,7.22417
A* Oracle,200,Hard,80,1,3.51454,0.998225,7.22417
A* Oracle,200,Hard,81,4,3.50998,0.998225,7.22322
A* Oracle,200,Hard,82,1,3.50992,0.998225,7.22322
A* Oracle,200,Hard,83,1,3.5212,0.998225,7.22322
A* Oracle,200,Hard,84,1,3.51201,0.998225,7.22326
A* Oracle,200,Hard,85,1,3.5114,0.998225,7.22322
A* Oracle,200,Hard,86,1,3.5197,0.998225,7.22252
A* Oracle,200,Hard,87,1,3.51125,0.998225,7.2226
A* Oracle,200,Hard,88,1,3.51727,0.998225,7.22239
A* Oracle,200,Hard,89,2,3.51903,0.998225,7.22198
A* Oracle,200,Hard,90,1,3.52805,0.998225,7.22198
A* Oracle,200,Hard,91,1,3.51577,0.998225,7.22198
A* Oracle,200,Hard,92,1,3.5218,0.998225,7.22202
A* Oracle,200,Hard,93,1,3.52899,0.998225,7.2221
A* Oracle,200,Hard,94,1,3.5192,0.998225,7.22231
A* Oracle,200,Hard,95,1,3.51759,0.998225,7.22227
A* Oracle,200,Hard,96,2,3.52486,0.998225,7.22239
A* Oracle,200,Hard,97,1,3.51864,0.998225,7.22235
A* Oracle,200,Hard,98,1,3.52416,0.998225,7.22181
A* Oracle,200,Hard,99,1,3.52194,0.998225,7.22198
A* Oracle,200,Hard,100,2,3.51874,0.998225,7.22206
A* Oracle,200,Hard,101,1,3.52779,0.998225,7.2221
A* Oracle,200,Hard,102,1,3.53033,0.998225,7.22231
A* Oracle,200,Hard,103,1,3.52668,0.998225,7.22227
A* Oracle,200,Hard,104,1,3.53292,0.998225,7.22194
A* Oracle,200,Hard,105,1,3.52164,0.998225,7.22223
A* Oracle,200,Hard,106,1,3.52263,0.998225,7.22094
A* Oracle,200,Hard,107,1,3.52958,0.998225,7.22099
A* Oracle,200,Hard,108,1,3.52513,0.998225,7.22099
A* Oracle,200,Hard,109,1,3.52865,0.998225,7.22094
A* Oracle,200,Hard,110,2,3.52184,0.998225,7.22161
A* Oracle,200,Hard,111,1,3.52231,0.998183,7.22153
A* Oracle,200,Hard,112,1,3.52018,0.998183,7.22149
A* Oracle,200,Hard,113,1,3.53102,0.998183,7.22145
A* Oracle,200,Hard,114,1,3.52241,0.998183,7.22137
A* Oracle,200,Hard,115,1,3.52254,0.998183,7.22116
A* Oracle,200,Hard,116,1,3.51768,0.998142,7.22092
A* Oracle,200,Hard,117,1,3.52279,0.998142,7.22092
A* Oracle,200,Hard,118,1,3.52111,0.998142,7.22092
A* Oracle,200,Hard,119,1,3.5238,0.998142,7.22076
A* Oracle,200,Hard,120,1,3.52778,0.998142,7.22067
A* Oracle,200,Hard,121,1,3.5189,0.998142,7.22047
A* Oracle,200,Hard,122,1,3.51567,0.998142,7.22047
A* Oracle,200,Hard,123,1,3.52481,0.998142,7.22034
A* Oracle,200,Hard,124,1,3.52554,0.998142,7.22125
A* Oracle,200,Hard,125,1,3.53293,0.998142,7.22117
A* Oracle,200,Hard,126,3,3.52197,0.998142,7.22092
A* Oracle,200,Hard,127,1,3.52273,0.998142,7.21794
A* Oracle,200,Hard,128,2,3.51293,0.998142,7.21823
A* Oracle,200,Hard,129,1,3.52026,0.998142,7.21985
A* Oracle,200,Hard,130,1,3.51609,0.998142,7.21985
A* Oracle,200,Hard,131,1,3.5226,0.998142,7.22009
A* Oracle,200,Hard,132,1,3.51594,0.998142,7.21997
A* Oracle,200,Hard,133,1,3.51745,0.998142,7.21782
A* Oracle,200,Hard,134,1,3.51645,0.998142,7.21786
A* Oracle,200,Hard,135,1,3.5201,0.998142,7.21774
A* Oracle,200,Hard,136,1,3.51581,0.998142,7.2177
A* Oracle,200,Hard,137,1,3.52505,0.998142,7.21753
A* Oracle,200,Hard,138,1,3.51775,0.998142,7.21761
A* Oracle,200,Hard,139,2,3.52272,0.998142,7.21765
A* Oracle,200,Hard,140,2,3.51454,0.998142,7.21778
A* Oracle,200,Hard,141,1,3.51591,0.998142,7.2177
A* Oracle,200,Hard,142,1,3.51388,0.998142,7.21753
A* Oracle,200,Hard,143,1,3.51879,0.998142,7.21749
A* Oracle,200,Hard,144,1,3.51398,0.998142,7.21765
A* Oracle,200,Hard,145,1,3.52047,0.998142,7.21761
A* Oracle,200,Hard,146,1,3.51968,0.998142,7.21761
A* Oracle,200,Hard,147,1,3.51732,0.998142,7.21757
A* Oracle,200,Hard,148,1,3.5117,0.998142,7.21761
A* Oracle,200,Hard,149,1,3.51718,0.998142,7.21761
A* Oracle,200,Hard,150,1,3.51985,0.998142,7.21745
A* Oracle,200,Hard,151,1,3.52011,0.998101,7.2177
A* Oracle,200,Hard,152,1,3.51407,0.998101,7.21762
A* Oracle,200,Hard,153,1,3.51435,0.998101,7.21762
A* Oracle,200,Hard,154,1,3.52466,0.998101,7.21762
A* Oracle,200,Hard,155,1,3.51444,0.998101,7.21758
A* Oracle,200,Hard,156,1,3.51791,0.998101,7.21758
A* Oracle,200,Hard,157,1,3.52154,0.998101,7.22052
A* Oracle,200,Hard,158,1,3.51826,0.998101,7.22043
A* Oracle,200,Hard,159,1,3.51687,0.998101,7.22068
A* Oracle,200,Hard,160,1,3.51803,0.998101,7.22072
A* Oracle,200,Hard,161,1,3.51869,0.998101,7.22085
A* Oracle,200,Hard,162,1,3.51842,0.998101,7.22056
A* Oracle,200,Hard,163,1,3.52194,0.998101,7.21986
A* Oracle,200,Hard,164,1,3.5233,0.998101,7.21981
A* Oracle,200,Hard,165,1,3.51263,0.998101,7.21969
A* Oracle,200,Hard,166,1,3.51416,0.998101,7.21969
A* Oracle,200,Hard,167,1,3.51349,0.998142,7.21468
A* Oracle,200,Hard,168,1,3.51745,0.998142,7.21472
A* Oracle,200,Hard,169,1,3.51259,0.998142,7.21472
A* Oracle,200,Hard,170,1,3.512,0.998142,7.21488
A* Oracle,200,Hard,171,1,3.51702,0.998142,7.21492
A* Oracle,200,Hard,172,1,3.51464,0.998142,7.21492
A* Oracle,200,Hard,173,1,3.50903,0.998142,7.21476
A* Oracle,200,Hard,174,1,3.5124,0.998142,7.21476
A* Oracle,200,Hard,175,1,3.51713,0.998142,7.21472
A* Oracle,200,Hard,176,1,3.50878,0.998142,7.21468
A* Oracle,200,Hard,177,1,3.50985,0.998142,7.21257
A* Oracle,200,Hard,178,1,3.50533,0.998142,7.21042
A* Oracle,200,Hard,179,1,3.50277,0.998142,7.21025
A* Oracle,200,Hard,180,1,3.51405,0.998142,7.21025
A* Oracle,200,Hard,181,1,3.51007,0.998142,7.21025
A* Oracle,200,Hard,182,2,3.51436,0.998142,7.21025
A* Oracle,200,Hard,183,1,3.50793,0.998142,7.21025
A* Oracle,200,Hard,184,1,3.51057,0.998142,7.21021
A* Oracle,200,Hard,185,1,3.5009,0.998142,7.21021
A* Oracle,200,Hard,186,1,3.50008,0.998142,7.21025
A* Oracle,200,Hard,187,2,3.50046,0.998142,7.21029
A* Oracle,200,Hard,188,1,3.51158,0.998142,7.21025
A* Oracle,200,Hard,189,1,3.50618,0.998142,7.21029
A* Oracle,200,Hard,190,1,3.50309,0.998142,7.21013
A* Oracle,200,Hard,191,1,3.5048,0.998142,7.21021
A* Oracle,200,Hard,192,1,3.50512,0.998142,7.21224
A* Oracle,200,Hard,193,1,3.50388,0.998142,7.21232
A* Oracle,200,Hard,194,1,3.50422,0.998142,7.21219
A* Oracle,200,Hard,195,1,3.49824,0.998142,7.21219
A* Oracle,200,Hard,196,2,3.4984,0.998142,7.21588
A* Oracle,200,Hard,197,1,3.49532,0.998142,7.21463
A* Oracle,200,Hard,198,1,3.50654,0.998142,7.21463
A* Oracle,200,Hard,199,1,3.5071,0.998183,7.21471
A* Oracle,200,Hard,200,1,3.49819,0.998183,7.21475
A* Oracle,200,Hard,201,1,3.49627,0.998183,7.21463
A* Oracle,200,Hard,202,1,3.49527,0.998183,7.21463
A* Oracle,200,Hard,203,1,3.50055,0.998183,7.21467
A* Oracle,200,Hard,204,1,3.49704,0.998183,7.21471
A* Oracle,200,Hard,205,1,3.49937,0.998183,7.21471
A* Oracle,200,Hard,206,2,3.50926,0.998183,7.21458
A* Oracle,200,Hard,207,1,3.4982,0.998183,7.21463
A* Oracle,200,Hard,208,1,3.49784,0.998183,7.21467
A* Oracle,200,Hard,209,2,3.50772,0.998183,7.21467
A* Oracle,200,Hard,210,1,3.49933,0.998183,7.21458
A* Oracle,200,Hard,211,1,3.50932,0.998183,7.21463
A* Oracle,200,Hard,212,1,3.51707,0.998183,7.21446
A* Oracle,200,Hard,213,1,3.50986,0.998183,7.21446
A* Oracle,200,Hard,214,1,3.51076,0.998183,7.2145
A* Oracle,200,Hard,215,1,3.50818,0.998183,7.21483
A* Oracle,200,Hard,216,1,3.51049,0.998183,7.21483
A* Oracle,200,Hard,217,1,3.50176,0.998183,7.21483
A* Oracle,200,Hard,218,1,3.50978,0.998183,7.21454
A* Oracle,200,Hard,219,2,3.50452,0.998183,7.21649
A* Oracle,200,Hard,220,1,3.5047,0.998183,7.21649
A* Oracle,200,Hard,221,1,3.50563,0.998183,7.21653
A* Oracle,200,Hard,222,1,3.50241,0.998183,7.21661
A* Oracle,200,Hard,223,1,3.50615,0.998183,7.21661
A* Oracle,200,Hard,224,3,3.49602,0.998183,7.21682
A* Oracle,200,Hard,225,1,3.50083,0.998183,7.21686
A* Oracle,200,Hard,226,1,3.4983,0.998183,7.21682
A* Oracle,200,Hard,227,1,3.49645,0.998183,7.21678
A* Oracle,200,Hard,228,1,3.50138,0.998183,7.21678
A* Oracle,200,Hard,229,1,3.50299,0.998183,7.21694
A* Oracle,200,Hard,230,1,3.50139,0.998183,7.21711
A* Oracle,200,Hard,231,1,3.50403,0.998183,7.21702
A* Oracle,200,Hard,232,1,3.50583,0.998183,7.21702
A* Oracle,200,Hard,233,1,3.50221,0.998183,7.21711
A* Oracle,200,Hard,234,1,3.50517,0.998183,7.21715
A* Oracle,200,Hard,235,1,3.50144,0.998183,7.21578
A* Oracle,200,Hard,236,1,3.5053,0.998183,7.21549
A* Oracle,200,Hard,237,1,3.49807,0.998183,7.2162
A* Oracle,200,Hard,238,1,3.49836,0.998183,7.21616
A* Oracle,200,Hard,239,1,3.49837,0.998183,7.21616
A* Oracle,200,Hard,240,1,3.49924,0.998183,7.21616
A* Oracle,200,Hard,241,1,3.4976,0.998183,7.21616
A* Oracle,200,Hard,242,1,3.5004,0.998183,7.21595
A* Oracle,200,Hard,243,1,3.49923,0.998183,7.21587
A* Oracle,200,Hard,244,1,3.49987,0.998183,7.21537
A* Oracle,200,Hard,245,1,3.49977,0.998183,7.21516
A* Oracle,200,Hard,246,1,3.5024,0.998183,7.2152
A* Oracle,200,Hard,247,1,3.50258,0.998225,7.2152
A* Oracle,200,Hard,248,1,3.49508,0.998225,7.2152
A* Oracle,200,Hard,249,1,3.51109,0.998225,7.21486
A* Oracle,200,Hard,250,1,3.49812,0.998225,7.21491
A* Oracle,200,Hard,251,1,3.49868,0.998225,7.21491
A* Oracle,200,Hard,252,1,3.50794,0.998225,7.21495
A* Oracle,200,Hard,253,1,3.49605,0.998225,7.21507
A* Oracle,200,Hard,254,1,3.50495,0.998225,7.21482
A* Oracle,200,Hard,255,1,3.50719,0.998225,7.21474
A* Oracle,200,Hard,256,2,3.49992,0.998225,7.21495
A* Oracle,200,Hard,257,1,3.50064,0.998225,7.21491
A* Oracle,200,Hard,258,1,3.49465,0.998225,7.21482
A* Oracle,200,Hard,259,1,3.49378,0.998183,7.21471
A* Oracle,200,Hard,260,1,3.49774,0.998183,7.21475
A* Oracle,200,Hard,261,1,3.49695,0.998183,7.21496
A* Oracle,200,Hard,262,1,3.4986,0.998183,7.21438
A* Oracle,200,Hard,263,1,3.51023,0.998183,7.21446
A* Oracle,200,Hard,264,1,3.50004,0.998183,7.2145
A* Oracle,200,Hard,265,1,3.4976,0.998183,7.21446
A* Oracle,200,Hard,266,2,3.50427,0.998183,7.21413
A* Oracle,200,Hard,267,1,3.5006,0.998183,7.21413
A* Oracle,200,Hard,268,1,3.49764,0.998183,7.21413
A* Oracle,200,Hard,269,1,3.50296,0.998183,7.21409
A* Oracle,200,Hard,270,1,3.50574,0.998183,7.21409
A* Oracle,200,Hard,271,1,3.49747,0.998183,7.21421
A* Oracle,200,Hard,272,1,3.49857,0.998183,7.21417
A* Oracle,200,Hard,273,1,3.49793,0.998183,7.21417
A* Oracle,200,Hard,274,1,3.50451,0.998225,7.21404
A* Oracle,200,Hard,275,1,3.50328,0.998225,7.21408
A* Oracle,200,Hard,276,1,3.5048,0.998225,7.21962
A* Oracle,200,Hard,277,1,3.51104,0.998225,7.21962
A* Oracle,200,Hard,278,1,3.50108,0.998225,7.21954
A* Oracle,200,Hard,279,1,3.49691,0.998225,7.21917
A* Oracle,200,Hard,280,1,3.50551,0.998225,7.21917
A* Oracle,200,Hard,281,1,3.50447,0.998225,7.219
A* Oracle,200,Hard,282,1,3.49743,0.998225,7.219
A* Oracle,200,Hard,283,1,3.49953,0.998225,7.21888
A* Oracle,200,Hard,284,1,3.50466,0.998225,7.21875
A* Oracle,200,Hard,285,1,3.49793,0.998225,7.21875
A* Oracle,200,Hard,286,1,3.49811,0.998225,7.21371
A* Oracle,200,Hard,287,1,3.49895,0.998225,7.21371
A* Oracle,200,Hard,288,1,3.49636,0.998225,7.21317
A* Oracle,200,Hard,289,1,3.48788,0.998225,7.21317
A* Oracle,200,Hard,290,1,3.48753,0.998225,7.21362
A* Oracle,200,Hard,291,1,3.49125,0.998225,7.21367
A* Oracle,200,Hard,292,1,3.48998,0.998183,7.21355
A* Oracle,200,Hard,293,1,3.49581,0.998183,7.21347
A* Oracle,200,Hard,294,1,3.49069,0.998183,7.21343
A* Oracle,200,Hard,295,1,3.48778,0.998183,7.21136
A* Oracle,200,Hard,296,1,3.4903,0.998183,7.21136
A* Oracle,200,Hard,297,1,3.50192,0.998183,7.21111
A* Oracle,200,Hard,298,1,3.49247,0.998183,7.21132
A* Oracle,200,Hard,299,1,3.49635,0.998183,7.21177
A* Oracle,200,Hard,300,1,3.49365,0.998183,7.21181
A* Oracle,200,Hard,301,1,3.4939,0.998183,7.2119
A* Oracle,200,Hard,302,1,3.48839,0.998183,7.21177
A* Oracle,200,Hard,303,1,3.48868,0.998183,7.21128
A* Oracle,200,Hard,304,2,3.4896,0.998183,7.21119
A* Oracle,200,Hard,305,1,3.50037,0.998183,7.21103
A* Oracle,200,Hard,306,1,3.491,0.998183,7.21103
A* Oracle,200,Hard,307,1,3.49085,0.998183,7.21103
A* Oracle,200,Hard,308,1,3.49257,0.998183,7.21111
A* Oracle,200,Hard,309,1,3.50014,0.998183,7.21115
A* Oracle,200,Hard,310,1,3.50166,0.998183,7.21074
A* Oracle,200,Hard,311,2,3.49868,0.998183,7.2107
A* Oracle,200,Hard,312,1,3.49687,0.998183,7.21065
A* Oracle,200,Hard,313,1,3.49861,0.998183,7.21041
A* Oracle,200,Hard,314,1,3.49549,0.998183,7.21028
A* Oracle,200,Hard,315,1,3.49915,0.998183,7.21032
A* Oracle,200,Hard,316,1,3.5004,0.998183,7.21032
A* Oracle,200,Hard,317,1,3.51728,0.998183,7.2102
A* Oracle,200,Hard,318,2,3.50486,0.998183,7.21003
A* Oracle,200,Hard,319,1,3.49212,0.998183,7.2102
A* Oracle,200,Hard,320,1,3.49735,0.998183,7.21008
A* Oracle,200,Hard,321,1,3.50094,0.998183,7.21008
A* Oracle,200,Hard,322,1,3.49509,0.998183,7.21012
A* Oracle,200,Hard,323,1,3.50154,0.998183,7.21016
A* Oracle,200,Hard,324,1,3.49521,0.998183,7.21003
A* Oracle,200,Hard,325,1,3.50471,0.998183,7.21008
A* Oracle,200,Hard,326,1,3.49631,0.998183,7.21008
A* Oracle,200,Hard,327,1,3.50266,0.998183,7.21012
A* Oracle,200,Hard,328,1,3.49378,0.998183,7.20999
A* Oracle,200,Hard,329,1,3.49962,0.998183,7.20995
A* Oracle,200,Hard,330,1,3.49876,0.998183,7.20995
A* Oracle,200,Hard,331,1,3.49741,0.998183,7.20941
A* Oracle,200,Hard,332,1,3.5024,0.998101,7.20989
A* Oracle,200,Hard,333,1,3.49498,0.998101,7.20997
A* Oracle,200,Hard,334,1,3.4983,0.998101,7.2103
A* Oracle,200,Hard,335,1,3.4945,0.998101,7.20935
A* Oracle,200,Hard,336,1,3.5008,0.998101,7.20984
A* Oracle,200,Hard,337,1,3.49581,0.998101,7.21001
A* Oracle,200,Hard,338,1,3.49483,0.998101,7.21001
A* Oracle,200,Hard,339,1,3.50163,0.998101,7.20993
A* Oracle,200,Hard,340,1,3.49465,0.998101,7.20997
A* Oracle,200,Hard,341,1,3.50002,0.998101,7.20997
A* Oracle,200,Hard,342,5,3.51004,0.998101,7.21038
A* Oracle,200,Hard,343,1,3.50374,0.998101,7.21026
A* Oracle,200,Hard,344,1,3.50199,0.998101,7.20993
A* Oracle,200,Hard,345,1,3.49855,0.998101,7.21018
A* Oracle,200,Hard,346,1,3.50106,0.998101,7.21018
A* Oracle,200,Hard,347,1,3.49201,0.998101,7.21142
A* Oracle,200,Hard,348,1,3.49518,0.998101,7.21154
A* Oracle,200,Hard,349,1,3.49649,0.998101,7.21154
A* Oracle,200,Hard,350,1,3.48742,0.998101,7.2115
A* Oracle,200,Hard,351,1,3.48678,0.998101,7.21166
A* Oracle,200,Hard,352,1,3.4958,0.998101,7.21195
A* Oracle,200,Hard,353,1,3.48919,0.998101,7.21195
A* Oracle,200,Hard,354,1,3.50094,0.998101,7.212
A* Oracle,200,Hard,355,1,3.49514,0.998101,7.21204
A* Oracle,200,Hard,356,1,3.50022,0.998101,7.21208
A* Oracle,200,Hard,357,1,3.49216,0.998101,7.21208
A* Oracle,200,Hard,358,2,3.50546,0.998101,7.21208
A* Oracle,200,Hard,359,1,3.50713,0.998101,7.212
A* Oracle,200,Hard,360,1,3.49817,0.998101,7.21208
A* Oracle,200,Hard,361,1,3.4964,0.998101,7.21208
A* Oracle,200,Hard,362,1,3.50352,0.998101,7.21204
A* Oracle,200,Hard,363,1,3.50066,0.998101,7.21204
A* Oracle,200,Hard,364,1,3.50014,0.998101,7.21195
A* Oracle,200,Hard,365,1,3.50624,0.998101,7.21187
A* Oracle,200,Hard,366,1,3.49809,0.998101,7.21171
A* Oracle,200,Hard,367,1,3.49518,0.998101,7.21166
A* Oracle,200,Hard,368,1,3.4961,0.998101,7.21162
A* Oracle,200,Hard,369,1,3.50123,0.998101,7.21158
A* Oracle,200,Hard,370,1,3.49456,0.998101,7.21158
A* Oracle,200,Hard,371,1,3.49272,0.998101,7.21162
A* Oracle,200,Hard,372,1,3.49099,0.998101,7.21166
A* Oracle,200,Hard,373,1,3.48934,0.998101,7.21166
A* Oracle,200,Hard,374,1,3.48809,0.998101,7.21166
A* Oracle,200,Hard,375,1,3.49706,0.998101,7.21154
A* Oracle,200,Hard,376,1,3.49759,0.998101,7.21154
A* Oracle,200,Hard,377,1,3.48979,0.998101,7.21158
A* Oracle,200,Hard,378,1,3.48921,0.998101,7.21154
A* Oracle,200,Hard,379,1,3.48855,0.998101,7.21146
A* Oracle,200,Hard,380,7,3.49495,0.998183,7.21247
A* Oracle,200,Hard,381,1,3.49029,0.998183,7.21132
A* Oracle,200,Hard,382,1,3.48708,0.998183,7.21132
A* Oracle,200,Hard,383,1,3.48525,0.998183,7.21136
A* Oracle,200,Hard,384,1,3.48519,0.998183,7.21136
A* Oracle,200,Hard,385,1,3.48432,0.998183,7.2114
A* Oracle,200,Hard,386,1,3.49193,0.998183,7.21144
A* Oracle,200,Hard,387,1,3.48833,0.998183,7.21148
A* Oracle,200,Hard,388,1,3.48747,0.998183,7.21144
A* Oracle,200,Hard,389,1,3.48589,0.998183,7.21148
A* Oracle,200,Hard,390,1,3.48961,0.998183,7.21148
A* Oracle,200,Hard,391,1,3.4836,0.998183,7.21148
A* Oracle,200,Hard,392,1,3.49128,0.998183,7.21177
A* Oracle,200,Hard,393,1,3.48412,0.998183,7.21177
A* Oracle,200,Hard,394,1,3.48568,0.998183,7.21177
A* Oracle,200,Hard,395,1,3.48321,0.998183,7.21173
A* Oracle,200,Hard,396,1,3.49033,0.998183,7.21173
A* Oracle,200,Hard,397,1,3.48702,0.998183,7.21301
A* Oracle,200,Hard,398,2,3.48899,0.998183,7.21285
A* Oracle,200,Hard,399,1,3.48913,0.998183,7.21285
A* Oracle,200,Hard,400,1,3.49291,0.998183,7.21285
HierarchySmart,200,Hard,0,0,0,0.980843,8.74062
HierarchySmart,200,Hard,1,1,0.716143,0.980843,8.72429
HierarchySmart,200,Hard,2,1,0.0120932,0.980843,8.72433
HierarchySmart,200,Hard,3,1,0.00531801,0.98076,8.72376
HierarchySmart,200,Hard,4,1,0.00305253,0.98076,8.72381
HierarchySmart,200,Hard,5,1,0.00430027,0.98076,8.72355
HierarchySmart,200,Hard,6,4,8.57865,0.98076,8.7057
HierarchySmart,200,Hard,7,1,1.68703,0.981215,8.7066
HierarchySmart,200,Hard,8,1,0.00587568,0.981132,8.70674
HierarchySmart,200,Hard,9,1,0.0039036,0.981132,8.70699
HierarchySmart,200,Hard,10,1,1.11396,0.981132,8.70842
HierarchySmart,200,Hard,11,1,0.00298272,0.981132,8.70893
HierarchySmart,200,Hard,12,1,0.0145217,0.981091,8.70925
HierarchySmart,200,Hard,13,1,0.0037837,0.981091,8.7093
HierarchySmart,200,Hard,14,1,0.00243094,0.98105,8.70954
HierarchySmart,200,Hard,15,3,0.0147086,0.981091,8.70934
HierarchySmart,200,Hard,16,1,0.00310725,0.980595,8.70203
HierarchySmart,200,Hard,17,1,0.00532719,0.980141,8.70556
HierarchySmart,200,Hard,18,4,0.0176764,0.979976,8.70656
HierarchySmart,200,Hard,19,1,0.00549443,0.979976,8.70669
HierarchySmart,200,Hard,20,1,0.00670947,0.979976,8.70783
HierarchySmart,200,Hard,21,1,0.00936543,0.979976,8.70795
HierarchySmart,200,Hard,22,1,0.0445277,0.979976,8.708
HierarchySmart,200,Hard,23,1,0.00747569,0.979976,8.70854
HierarchySmart,200,Hard,24,1,0.00655974,0.979976,8.70846
HierarchySmart,200,Hard,25,2,1.51802,0.97977,8.70313
HierarchySmart,200,Hard,26,1,0.00425174,0.979563,8.70303
HierarchySmart,200,Hard,27,1,0.00560725,0.979563,8.70311
HierarchySmart,200,Hard,28,1,0.00721809,0.979563,8.70307
HierarchySmart,200,Hard,29,1,0.01063,0.979563,8.70319
HierarchySmart,200,Hard,30,1,1.91921,0.979522,8.70015
HierarchySmart,200,Hard,31,1,0.0032917,0.979481,8.69992
HierarchySmart,200,Hard,32,1,1.51359,0.979357,8.69521
HierarchySmart,200,Hard,33,1,1.86242,0.979357,8.69529
HierarchySmart,200,Hard,34,1,1.71703,0.980348,8.68966
HierarchySmart,200,Hard,35,1,0.817294,0.98043,8.68543
HierarchySmart,200,Hard,36,1,0.00409408,0.98043,8.6856
HierarchySmart,200,Hard,37,4,3.15666,0.98043,8.68674
HierarchySmart,200,Hard,38,1,0.00406294,0.98043,8.68666
HierarchySmart,200,Hard,39,1,0.00328714,0.98043,8.68661
HierarchySmart,200,Hard,40,1,8.49659,0.98043,8.67676
HierarchySmart,200,Hard,41,1,0.0255851,0.980389,8.67666
HierarchySmart,200,Hard,42,1,1.64349,0.980389,8.67047
HierarchySmart,200,Hard,43,1,0.0060811,0.980348,8.6705
HierarchySmart,200,Hard,44,1,0.00468535,0.980348,8.67063
HierarchySmart,200,Hard,45,1,0.00509394,0.980348,8.67063
HierarchySmart,200,Hard,46,1,5.07792,0.98171,8.73021
HierarchySmart,200,Hard,47,3,5.01279,0.98299,8.7267
HierarchySmart,200,Hard,48,1,0.0138833,0.98299,8.7267
HierarchySmart,200,Hard,49,1,0.005652,0.98299,8.7267
HierarchySmart,200,Hard,50,1,0.00637556,0.98299,8.72657
HierarchySmart,200,Hard,51,1,2.10013,0.98299,8.72792
HierarchySmart,200,Hard,52,1,0.00293458,0.982784,8.729
HierarchySmart,200,Hard,53,1,0.00436329,0.982784,8.72874
HierarchySmart,200,Hard,54,1,0.00641255,0.982701,8.72809
HierarchySmart,200,Hard,55,2,0.0097466,0.982701,8.72805
HierarchySmart,200,Hard,56,1,1.15479,0.98266,8.73299
HierarchySmart,200,Hard,57,1,3.80242,0.983898,8.73967
HierarchySmart,200,Hard,58,1,0.00589694,0.983857,8.73982
HierarchySmart,200,Hard,59,1,0.00613352,0.983857,8.73999
HierarchySmart,200,Hard,60,3,8.2174,0.984105,8.76359
HierarchySmart,200,Hard,61,2,0.600895,0.984187,8.76214
HierarchySmart,200,Hard,62,1,0.006227,0.984229,8.76224
HierarchySmart,200,Hard,63,1,2.3958,0.98427,8.77416
HierarchySmart,200,Hard,64,1,0.00608369,0.98427,8.77412
HierarchySmart,200,Hard,65,1,1.30458,0.98427,8.77424
HierarchySmart,200,Hard,66,1,0.00504162,0.98427,8.77601
HierarchySmart,200,Hard,67,1,4.17153,0.983816,8.76268
HierarchySmart,200,Hard,68,1,0.0037182,0.983816,8.76306
HierarchySmart,200,Hard,69,1,0.00240135,0.983816,8.76302
HierarchySmart,200,Hard,70,1,0.0048711,0.983816,8.76302
HierarchySmart,200,Hard,71,1,1.5236,0.983733,8.76329
HierarchySmart,200,Hard,72,1,0.0024442,0.983733,8.76501
HierarchySmart,200,Hard,73,1,0.00495471,0.983733,8.76493
HierarchySmart,200,Hard,74,1,0.00490046,0.983733,8.76493
HierarchySmart,200,Hard,75,1,0.0044723,0.983733,8.76522
HierarchySmart,200,Hard,76,1,0.720778,0.983733,8.76178
HierarchySmart,200,Hard,77,1,0.00482651,0.983733,8.76241
HierarchySmart,200,Hard,78,2,2.92807,0.983733,8.75981
HierarchySmart,200,Hard,79,1,0.0145543,0.983692,8.75984
HierarchySmart,200,Hard,80,1,0.00870689,0.983692,8.75976
HierarchySmart,200,Hard,81,4,0.0345532,0.983609,8.75944
HierarchySmart,200,Hard,82,1,0.00435002,0.983609,8.75944
HierarchySmart,200,Hard,83,1,0.00451847,0.983568,8.75956
HierarchySmart,200,Hard,84,1,0.00784604,0.983527,8.75959
HierarchySmart,200,Hard,85,1,0.00611443,0.983527,8.76073
HierarchySmart,200,Hard,86,1,0.00373635,0.983527,8.76026
HierarchySmart,200,Hard,87,1,0.00398795,0.982329,8.75745
HierarchySmart,200,Hard,88,1,8.19231,0.98204,8.69831
HierarchySmart,200,Hard,89,2,0.00887235,0.98204,8.69835
HierarchySmart,200,Hard,90,1,0.00409103,0.981999,8.69821
HierarchySmart,200,Hard,91,1,1.10501,0.981999,8.69884
HierarchySmart,200,Hard,92,1,0.00255623,0.981999,8.69897
HierarchySmart,200,Hard,93,1,0.0109963,0.981999,8.69914
HierarchySmart,200,Hard,94,1,0.00747627,0.981958,8.69938
HierarchySmart,200,Hard,95,1,0.00363819,0.981958,8.69934
HierarchySmart,200,Hard,96,2,0.0245122,0.981917,8.6992
HierarchySmart,200,Hard,97,1,0.00647257,0.981917,8.69903
HierarchySmart,200,Hard,98,1,8.53436,0.98204,8.61276
HierarchySmart,200,Hard,99,1,1.31081,0.98204,8.6125
HierarchySmart,200,Hard,100,2,1.19638,0.982206,8.60904
HierarchySmart,200,Hard,101,1,1.47753,0.982206,8.60021
HierarchySmart,200,Hard,102,1,0.00470651,0.982206,8.6008
HierarchySmart,200,Hard,103,1,0.00304975,0.982206,8.6016
HierarchySmart,200,Hard,104,1,0.00601718,0.982206,8.60122
HierarchySmart,200,Hard,105,1,1.84464,0.982206,8.60429
HierarchySmart,200,Hard,106,1,0.499586,0.982206,8.59702
HierarchySmart,200,Hard,107,1,0.00622443,0.982206,8.59714
HierarchySmart,200,Hard,108,1,0.00467475,0.982206,8.59714
HierarchySmart,200,Hard,109,1,0.00721501,0.982206,8.59752
HierarchySmart,200,Hard,110,2,4.19956,0.982412,8.60084
HierarchySmart,200,Hard,111,1,0.00451693,0.982371,8.6007
HierarchySmart,200,Hard,112,1,0.0146404,0.982329,8.60055
HierarchySmart,200,Hard,113,1,1.53999,0.982329,8.60215
HierarchySmart,200,Hard,114,1,1.43505,0.982329,8.59513
HierarchySmart,200,Hard,115,1,0.00491817,0.982329,8.59518
HierarchySmart,200,Hard,116,1,0.00570071,0.982329,8.59518
HierarchySmart,200,Hard,117,1,2.62066,0.983651,8.57104
HierarchySmart,200,Hard,118,1,0.00540986,0.983692,8.5716
HierarchySmart,200,Hard,119,1,0.00499424,0.983692,8.57202
HierarchySmart,200,Hard,120,1,0.00385147,0.983692,8.57232
HierarchySmart,200,Hard,121,1,1.1177,0.983692,8.57013
HierarchySmart,200,Hard,122,1,0.00454964,0.983651,8.57125
HierarchySmart,200,Hard,123,1,1.74454,0.983651,8.57918
HierarchySmart,200,Hard,124,1,0.00695879,0.982247,8.56853
HierarchySmart,200,Hard,125,1,0.0101101,0.982247,8.56858
HierarchySmart,200,Hard,126,3,0.0130834,0.982247,8.56824
HierarchySmart,200,Hard,127,1,1.91995,0.982247,8.56925
HierarchySmart,200,Hard,128,2,4.06648,0.982412,8.55474
HierarchySmart,200,Hard,129,1,0.85432,0.982412,8.55453
HierarchySmart,200,Hard,130,1,0.0189041,0.982371,8.55451
HierarchySmart,200,Hard,131,1,0.0125602,0.981875,8.55046
HierarchySmart,200,Hard,132,1,9.74324,0.983568,8.50569
HierarchySmart,200,Hard,133,1,0.00224859,0.983444,8.50743
HierarchySmart,200,Hard,134,1,0.00527302,0.983444,8.50756
HierarchySmart,200,Hard,135,1,0.00522656,0.983444,8.50756
HierarchySmart,200,Hard,136,1,0.00529989,0.983444,8.50751
HierarchySmart,200,Hard,137,1,0.00558778,0.983444,8.5076
HierarchySmart,200,Hard,138,1,0.00933167,0.983444,8.50777
HierarchySmart,200,Hard,139,2,1.0092,0.983403,8.51262
HierarchySmart,200,Hard,140,2,0.96372,0.983403,8.50892
HierarchySmart,200,Hard,141,1,0.829518,0.983403,8.5085
HierarchySmart,200,Hard,142,1,0.00399498,0.98332,8.50737
HierarchySmart,200,Hard,143,1,0.00827445,0.98332,8.50737
HierarchySmart,200,Hard,144,1,0.0100739,0.98332,8.50754
HierarchySmart,200,Hard,145,1,0.727793,0.98332,8.50766
HierarchySmart,200,Hard,146,1,0.0102418,0.98332,8.50804
HierarchySmart,200,Hard,147,1,0.0112506,0.98332,8.50804
HierarchySmart,200,Hard,148,1,0.00198404,0.98332,8.50812
HierarchySmart,200,Hard,149,1,0.00978188,0.98332,8.50846
HierarchySmart,200,Hard,150,1,0.00639442,0.98332,8.5085
HierarchySmart,200,Hard,151,1,1.14941,0.983279,8.50882
HierarchySmart,200,Hard,152,1,0.00455487,0.983279,8.50886
HierarchySmart,200,Hard,153,1,0.00446666,0.983279,8.50886
HierarchySmart,200,Hard,154,1,0.00457331,0.983279,8.5089
HierarchySmart,200,Hard,155,1,0.00720056,0.983279,8.50899
HierarchySmart,200,Hard,156,1,0.00286997,0.983279,8.50915
HierarchySmart,200,Hard,157,1,0.884573,0.983279,8.50932
HierarchySmart,200,Hard,158,1,6.445,0.98332,8.48894
HierarchySmart,200,Hard,159,1,0.89442,0.98332,8.48209
HierarchySmart,200,Hard,160,1,1.21882,0.983362,8.47876
HierarchySmart,200,Hard,161,1,0.00340597,0.983279,8.47863
HierarchySmart,200,Hard,162,1,0.0130009,0.983279,8.47758
HierarchySmart,200,Hard,163,1,10.2767,0.98332,8.54016
HierarchySmart,200,Hard,164,1,0.00724484,0.983279,8.53964
HierarchySmart,200,Hard,165,1,0.00343197,0.98299,8.53992
HierarchySmart,200,Hard,166,1,1.50021,0.983031,8.53998
HierarchySmart,200,Hard,167,1,1.07864,0.983073,8.53967
HierarchySmart,200,Hard,168,1,0.0134114,0.983073,8.53979
HierarchySmart,200,Hard,169,1,1.77815,0.983114,8.56312
HierarchySmart,200,Hard,170,1,0.00550818,0.983114,8.56346
HierarchySmart,200,Hard,171,1,0.00916612,0.983114,8.56354
HierarchySmart,200,Hard,172,1,0.00787433,0.983114,8.56362
HierarchySmart,200,Hard,173,1,0.00828743,0.983114,8.56379
HierarchySmart,200,Hard,174,1,0.00455445,0.983073,8.56361
HierarchySmart,200,Hard,175,1,0.00954572,0.983073,8.56356
HierarchySmart,200,Hard,176,1,0.00534944,0.983073,8.56361
HierarchySmart,200,Hard,177,1,0.0121407,0.983073,8.56373
HierarchySmart,200,Hard,178,1,0.00430045,0.983073,8.56415
HierarchySmart,200,Hard,179,1,1.39044,0.982247,8.56484
HierarchySmart,200,Hard,180,1,0.00360843,0.982247,8.56492
HierarchySmart,200,Hard,181,1,0.00960291,0.982247,8.56505
HierarchySmart,200,Hard,182,2,0.0180502,0.982247,8.56505
HierarchySmart,200,Hard,183,1,0.00618051,0.982247,8.56513
HierarchySmart,200,Hard,184,1,0.00669419,0.982247,8.56521
HierarchySmart,200,Hard,185,1,0.00676561,0.982247,8.56526
HierarchySmart,200,Hard,186,1,5.04177,0.982329,8.55243
HierarchySmart,200,Hard,187,2,0.0143483,0.982206,8.55183
HierarchySmart,200,Hard,188,1,1.03111,0.982247,8.55513
HierarchySmart,200,Hard,189,1,0.00782416,0.982247,8.55525
HierarchySmart,200,Hard,190,1,0.00792297,0.982206,8.55549
HierarchySmart,200,Hard,191,1,0.010509,0.982206,8.55553
HierarchySmart,200,Hard,192,1,1.32206,0.982206,8.55914
HierarchySmart,200,Hard,193,1,0.00942313,0.982206,8.55944
HierarchySmart,200,Hard,194,1,1.90662,0.982082,8.55909
HierarchySmart,200,Hard,195,1,1.85696,0.982082,8.56733
HierarchySmart,200,Hard,196,2,2.64446,0.982082,8.57246
HierarchySmart,200,Hard,197,1,0.0090598,0.982082,8.57225
HierarchySmart,200,Hard,198,1,0.00642258,0.982082,8.5725
HierarchySmart,200,Hard,199,1,0.0126767,0.982082,8.5725
HierarchySmart,200,Hard,200,1,0.0209023,0.982082,8.57262
HierarchySmart,200,Hard,201,1,0.00982804,0.98204,8.57252
HierarchySmart,200,Hard,202,1,0.57255,0.98204,8.57244
HierarchySmart,200,Hard,203,1,4.07595,0.981875,8.56728
HierarchySmart,200,Hard,204,1,0.00481744,0.981875,8.56728
HierarchySmart,200,Hard,205,1,0.535843,0.981875,8.56623
HierarchySmart,200,Hard,206,2,0.0134937,0.981875,8.56623
HierarchySmart,200,Hard,207,1,0.00575147,0.981834,8.56642
HierarchySmart,200,Hard,208,1,0.00517079,0.981875,8.56639
HierarchySmart,200,Hard,209,2,0.535705,0.981875,8.56623
HierarchySmart,200,Hard,210,1,0.0065605,0.981875,8.56614
HierarchySmart,200,Hard,211,1,6.3065,0.983403,8.55834
HierarchySmart,200,Hard,212,1,0.0062505,0.983403,8.55859
HierarchySmart,200,Hard,213,1,0.582695,0.983444,8.54492
HierarchySmart,200,Hard,214,1,0.00201225,0.983444,8.54505
HierarchySmart,200,Hard,215,1,0.00659425,0.983444,8.54513
HierarchySmart,200,Hard,216,1,0.0029298,0.983444,8.54513
HierarchySmart,200,Hard,217,1,6.9458,0.983279,8.55475
HierarchySmart,200,Hard,218,1,1.43883,0.983279,8.55047
HierarchySmart,200,Hard,219,2,8.0521,0.983485,8.48701
HierarchySmart,200,Hard,220,1,0.0121261,0.983485,8.48697
HierarchySmart,200,Hard,221,1,0.00258051,0.98171,8.4849
HierarchySmart,200,Hard,222,1,0.00912722,0.981669,8.4848
HierarchySmart,200,Hard,223,1,0.00468562,0.981669,8.48496
HierarchySmart,200,Hard,224,3,1.27123,0.981628,8.48532
HierarchySmart,200,Hard,225,1,0.00904629,0.981628,8.48553
HierarchySmart,200,Hard,226,1,6.81913,0.981628,8.48372
HierarchySmart,200,Hard,227,1,0.00717401,0.981586,8.48358
HierarchySmart,200,Hard,228,1,3.68696,0.982164,8.47177
HierarchySmart,200,Hard,229,1,0.00882577,0.982164,8.47177
HierarchySmart,200,Hard,230,1,0.00458449,0.982164,8.47266
HierarchySmart,200,Hard,231,1,3.96675,0.982247,8.47341
HierarchySmart,200,Hard,232,1,1.03412,0.982247,8.47089
HierarchySmart,200,Hard,233,1,0.0087911,0.982247,8.47089
HierarchySmart,200,Hard,234,1,0.00444065,0.982247,8.47093
HierarchySmart,200,Hard,235,1,0.0143552,0.982206,8.47053
HierarchySmart,200,Hard,236,1,0.0029571,0.982206,8.47053
HierarchySmart,200,Hard,237,1,1.40366,0.982412,8.46787
HierarchySmart,200,Hard,238,1,0.00664168,0.982412,8.46796
HierarchySmart,200,Hard,239,1,0.00645406,0.982412,8.46804
HierarchySmart,200,Hard,240,1,0.00826379,0.982412,8.46804
HierarchySmart,200,Hard,241,1,0.00428577,0.982412,8.46808
HierarchySmart,200,Hard,242,1,0.00601855,0.982412,8.46884
HierarchySmart,200,Hard,243,1,0.00488136,0.982412,8.46884
HierarchySmart,200,Hard,244,1,0.00648393,0.982412,8.46922
HierarchySmart,200,Hard,245,1,0.00569022,0.982412,8.46901
HierarchySmart,200,Hard,246,1,0.01073,0.982371,8.46907
HierarchySmart,200,Hard,247,1,0.00542899,0.982329,8.46917
HierarchySmart,200,Hard,248,1,0.00720463,0.982329,8.46921
HierarchySmart,200,Hard,249,1,0.017329,0.982329,8.46934
HierarchySmart,200,Hard,250,1,0.00819602,0.981173,8.46615
HierarchySmart,200,Hard,251,1,0.00720167,0.9801,8.46493
HierarchySmart,200,Hard,252,1,4.18217,0.979687,8.43095
HierarchySmart,200,Hard,253,1,3.10675,0.979687,8.41831
HierarchySmart,200,Hard,254,1,0.00767111,0.979687,8.41784
HierarchySmart,200,Hard,255,1,0.00344155,0.979687,8.41797
HierarchySmart,200,Hard,256,2,1.24619,0.979646,8.40931
HierarchySmart,200,Hard,257,1,0.00627948,0.978944,8.40454
HierarchySmart,200,Hard,258,1,1.3808,0.978944,8.40445
HierarchySmart,200,Hard,259,1,1.88804,0.97882,8.40476
HierarchySmart,200,Hard,260,1,0.0115146,0.978779,8.40465
HierarchySmart,200,Hard,261,1,0.00642086,0.978779,8.40473
HierarchySmart,200,Hard,262,1,0.00628738,0.978779,8.40515
HierarchySmart,200,Hard,263,1,0.00826149,0.978779,8.4052
HierarchySmart,200,Hard,264,1,0.00701861,0.978737,8.40538
HierarchySmart,200,Hard,265,1,0.740426,0.978737,8.40867
HierarchySmart,200,Hard,266,2,3.80292,0.978696,8.40595
HierarchySmart,200,Hard,267,1,0.00666421,0.978696,8.40603
HierarchySmart,200,Hard,268,1,2.13218,0.978696,8.41287
HierarchySmart,200,Hard,269,1,0.00649715,0.978696,8.41287
HierarchySmart,200,Hard,270,1,0.00267907,0.97849,8.41266
HierarchySmart,200,Hard,271,1,0.0070384,0.97849,8.41278
HierarchySmart,200,Hard,272,1,0.00550746,0.97849,8.41291
HierarchySmart,200,Hard,273,1,0.015392,0.978407,8.41303
HierarchySmart,200,Hard,274,1,0.00726656,0.978448,8.41356
HierarchySmart,200,Hard,275,1,1.32272,0.978448,8.41677
HierarchySmart,200,Hard,276,1,1.92602,0.978448,8.41833
HierarchySmart,200,Hard,277,1,0.00331089,0.978448,8.41846
HierarchySmart,200,Hard,278,1,0.00760808,0.978448,8.41871
HierarchySmart,200,Hard,279,1,0.00967972,0.978407,8.4186
HierarchySmart,200,Hard,280,1,0.0128445,0.978283,8.42414
HierarchySmart,200,Hard,281,1,0.408391,0.978283,8.42406
HierarchySmart,200,Hard,282,1,1.51844,0.978283,8.42313
HierarchySmart,200,Hard,283,1,0.00787623,0.978159,8.42457
HierarchySmart,200,Hard,284,1,0.00705387,0.977169,8.41402
HierarchySmart,200,Hard,285,1,0.782138,0.977169,8.41402
HierarchySmart,200,Hard,286,1,1.84497,0.977169,8.40815
HierarchySmart,200,Hard,287,1,0.00402085,0.977086,8.40856
HierarchySmart,200,Hard,288,1,0.00663603,0.977086,8.40852
HierarchySmart,200,Hard,289,1,0.00285949,0.976797,8.42643
HierarchySmart,200,Hard,290,1,2.06149,0.976797,8.42918
HierarchySmart,200,Hard,291,1,6.96918,0.976756,8.42501
HierarchySmart,200,Hard,292,1,0.00716058,0.976714,8.4244
HierarchySmart,200,Hard,293,1,1.87,0.976714,8.42279
HierarchySmart,200,Hard,294,1,1.03123,0.976838,8.41906
HierarchySmart,200,Hard,295,1,0.0084132,0.976838,8.41927
HierarchySmart,200,Hard,296,1,0.00822479,0.976797,8.41946
HierarchySmart,200,Hard,297,1,9.39867,0.977375,8.41668
HierarchySmart,200,Hard,298,1,1.08861,0.977375,8.41068
HierarchySmart,200,Hard,299,1,0.00365266,0.977375,8.41072
HierarchySmart,200,Hard,300,1,0.00536492,0.977251,8.40955
HierarchySmart,200,Hard,301,1,0.00403296,0.977169,8.40899
HierarchySmart,200,Hard,302,1,0.0142032,0.977169,8.40903
HierarchySmart,200,Hard,303,1,4.11119,0.978201,8.41738
HierarchySmart,200,Hard,304,2,0.00823792,0.978159,8.41757
HierarchySmart,200,Hard,305,1,0.00479099,0.978159,8.41757
HierarchySmart,200,Hard,306,1,0.015523,0.978159,8.41769
HierarchySmart,200,Hard,307,1,4.09957,0.978325,8.41796
HierarchySmart,200,Hard,308,1,0.961448,0.978325,8.41226
HierarchySmart,200,Hard,309,1,0.00657608,0.978325,8.41231
HierarchySmart,200,Hard,310,1,1.00629,0.978325,8.40787
HierarchySmart,200,Hard,311,2,3.09807,0.978944,8.37198
HierarchySmart,200,Hard,312,1,0.00682286,0.978944,8.37194
HierarchySmart,200,Hard,313,1,1.28509,0.980059,8.36915
HierarchySmart,200,Hard,314,1,0.00384774,0.980059,8.36911
HierarchySmart,200,Hard,315,1,0.00577953,0.980059,8.36924
HierarchySmart,200,Hard,316,1,1.69129,0.980224,8.37558
HierarchySmart,200,Hard,317,1,0.00718911,0.980224,8.37562
HierarchySmart,200,Hard,318,2,1.87357,0.980224,8.37747
HierarchySmart,200,Hard,319,1,0.00639877,0.980182,8.37724
HierarchySmart,200,Hard,320,1,0.00934815,0.980182,8.37703
HierarchySmart,200,Hard,321,1,0.00364769,0.980182,8.37703
HierarchySmart,200,Hard,322,1,3.24491,0.980224,8.37276
HierarchySmart,200,Hard,323,1,0.874402,0.980224,8.36871
HierarchySmart,200,Hard,324,1,0.00363956,0.980224,8.36859
HierarchySmart,200,Hard,325,1,0.695633,0.980224,8.36433
HierarchySmart,200,Hard,326,1,1.51403,0.980224,8.36433
HierarchySmart,200,Hard,327,1,0.929929,0.980348,8.36332
HierarchySmart,200,Hard,328,1,0.00620241,0.980348,8.36332
HierarchySmart,200,Hard,329,1,0.00328559,0.980348,8.36323
HierarchySmart,200,Hard,330,1,0.00751255,0.980306,8.36312
HierarchySmart,200,Hard,331,1,0.00987946,0.980306,8.36317
HierarchySmart,200,Hard,332,1,4.76845,0.981462,8.36198
HierarchySmart,200,Hard,333,1,1.68746,0.981462,8.36194
HierarchySmart,200,Hard,334,1,0.0112795,0.981339,8.36182
HierarchySmart,200,Hard,335,1,0.00639398,0.981339,8.36194
HierarchySmart,200,Hard,336,1,0.00614455,0.98105,8.36146
HierarchySmart,200,Hard,337,1,0.00720225,0.98105,8.36163
HierarchySmart,200,Hard,338,1,0.00225859,0.981008,8.36135
HierarchySmart,200,Hard,339,1,0.864893,0.981008,8.36198
HierarchySmart,200,Hard,340,1,0.0051849,0.981008,8.36206
HierarchySmart,200,Hard,341,1,0.0067918,0.981008,8.36202
HierarchySmart,200,Hard,342,5,3.76911,0.981256,8.36862
HierarchySmart,200,Hard,343,1,0.00949364,0.981256,8.36883
HierarchySmart,200,Hard,344,1,1.40984,0.981256,8.37392
HierarchySmart,200,Hard,345,1,0.00285118,0.981256,8.37426
HierarchySmart,200,Hard,346,1,0.00847051,0.981215,8.37427
HierarchySmart,200,Hard,347,1,0.0163357,0.980967,8.3729
HierarchySmart,200,Hard,348,1,0.00792165,0.980926,8.37291
HierarchySmart,200,Hard,349,1,1.89022,0.98105,8.37274
HierarchySmart,200,Hard,350,1,0.00771612,0.98105,8.37295
HierarchySmart,200,Hard,351,1,2.18895,0.98105,8.3788
HierarchySmart,200,Hard,352,1,0.611823,0.98105,8.37745
HierarchySmart,200,Hard,353,1,0.00429409,0.98105,8.37754
HierarchySmart,200,Hard,354,1,0.0106099,0.980017,8.37473
HierarchySmart,200,Hard,355,1,0.00608302,0.980017,8.37477
HierarchySmart,200,Hard,356,1,0.00922396,0.979976,8.37487
HierarchySmart,200,Hard,357,1,1.87367,0.979852,8.37488
HierarchySmart,200,Hard,358,2,2.05913,0.979728,8.37863
HierarchySmart,200,Hard,359,1,1.86454,0.979481,8.37607
HierarchySmart,200,Hard,360,1,0.00663698,0.979481,8.37641
HierarchySmart,200,Hard,361,1,0.00464251,0.979068,8.3745
HierarchySmart,200,Hard,362,1,0.974834,0.979068,8.37324
HierarchySmart,200,Hard,363,1,0.0049245,0.979026,8.37309
HierarchySmart,200,Hard,364,1,0.00255169,0.978779,8.37398
HierarchySmart,200,Hard,365,1,0.00601257,0.978737,8.37412
HierarchySmart,200,Hard,366,1,0.00947182,0.978779,8.37474
HierarchySmart,200,Hard,367,1,0.00672206,0.978779,8.37474
HierarchySmart,200,Hard,368,1,0.00432561,0.978779,8.3747
HierarchySmart,200,Hard,369,1,0.00369052,0.978779,8.3747
HierarchySmart,200,Hard,370,1,0.00384986,0.977912,8.37406
HierarchySmart,200,Hard,371,1,0.00618849,0.977912,8.37406
HierarchySmart,200,Hard,372,1,0.0063929,0.977912,8.3741
HierarchySmart,200,Hard,373,1,0.014203,0.977912,8.37415
HierarchySmart,200,Hard,374,1,2.36757,0.978036,8.34522
HierarchySmart,200,Hard,375,1,0.0107103,0.978036,8.34514
HierarchySmart,200,Hard,376,1,0.0157301,0.977994,8.34524
HierarchySmart,200,Hard,377,1,0.00511242,0.977994,8.34541
HierarchySmart,200,Hard,378,1,0.00553864,0.977994,8.34541
HierarchySmart,200,Hard,379,1,0.00804682,0.977953,8.34529
HierarchySmart,200,Hard,380,7,1.27309,0.977912,8.34818
HierarchySmart,200,Hard,381,1,0.00548765,0.97787,8.34811
HierarchySmart,200,Hard,382,1,3.55441,0.978077,8.34424
HierarchySmart,200,Hard,383,1,1.29388,0.978077,8.34436
HierarchySmart,200,Hard,384,1,672.299,0.986499,8.63296
HierarchySmart,200,Hard,385,1,0.00638131,0.986499,8.63313
HierarchySmart,200,Hard,386,1,1.2916,0.986499,8.63305
HierarchySmart,200,Hard,387,1,0.00787168,0.986499,8.63313
HierarchySmart,200,Hard,388,1,0.00357172,0.986499,8.63392
HierarchySmart,200,Hard,389,1,0.0113842,0.986499,8.63397
HierarchySmart,200,Hard,390,1,0.0058843,0.986499,8.63397
HierarchySmart,200,Hard,391,1,0.00645105,0.986252,8.6304
HierarchySmart,200,Hard,392,1,1.48046,0.986252,8.63065
HierarchySmart,200,Hard,393,1,0.00827324,0.986252,8.63074
HierarchySmart,200,Hard,394,1,0.0124804,0.986252,8.63078
HierarchySmart,200,Hard,395,1,0.00589911,0.986252,8.63069
HierarchySmart,200,Hard,396,1,0.00391746,0.98621,8.6308
HierarchySmart,200,Hard,397,1,1.81795,0.98621,8.63323
HierarchySmart,200,Hard,398,2,4.20187,0.986375,8.63597
HierarchySmart,200,Hard,399,1,0.0071362,0.986375,8.63614
HierarchySmart,200,Hard,400,1,0.00213152,0.986375,8.63614
A* Static,300,Easy,0,0,0,1,4.56877
A* Static,300,Easy,1,1,0,0.999986,4.56872
A* Static,300,Easy,2,1,0,0.999904,4.56858
A* Static,300,Easy,3,1,0,0.999862,4.56839
A* Static,300,Easy,4,1,0,0.999849,4.56837
A* Static,300,Easy,5,1,0,0.999794,4.56838
A* Static,300,Easy,6,1,0,0.999711,4.5684
A* Static,300,Easy,7,1,0,0.999642,4.56832
A* Static,300,Easy,8,1,0,0.999628,4.56833
A* Static,300,Easy,9,1,0,0.999615,4.56835
A* Static,300,Easy,10,1,0,0.999601,4.56831
A* Static,300,Easy,11,1,0,0.999353,4.56819
A* Static,300,Easy,12,1,0,0.999326,4.568
A* Static,300,Easy,13,1,0,0.999271,4.56792
A* Static,300,Easy,14,1,0,0.999243,4.56784
A* Static,300,Easy,15,1,0,0.999202,4.56769
A* Static,300,Easy,16,1,0,0.999188,4.56769
A* Static,300,Easy,17,1,0,0.999174,4.56767
A* Static,300,Easy,18,1,0,0.999119,4.56758
A* Static,300,Easy,19,2,0,0.999078,4.56764
A* Static,300,Easy,20,1,0,0.999064,4.56763
A* Static,300,Easy,21,1,0,0.999037,4.56753
A* Static,300,Easy,22,1,0,0.999023,4.56748
A* Static,300,Easy,23,1,0,0.999009,4.56751
A* Static,300,Easy,24,1,0,0.99894,4.56748
A* Static,300,Easy,25,1,0,0.998816,4.56698
A* Static,300,Easy,26,1,0,0.998761,4.56661
A* Static,300,Easy,27,1,0,0.998665,4.56669
A* Static,300,Easy,28,1,0,0.998417,4.56675
A* Static,300,Easy,29,1,0,0.998403,4.56677
A* Static,300,Easy,30,2,0,0.998211,4.56645
A* Static,300,Easy,31,1,0,0.998169,4.56643
A* Static,300,Easy,32,1,0,0.998156,4.56643
A* Static,300,Easy,33,1,0,0.998142,4.56635
A* Static,300,Easy,34,1,0,0.998128,4.56637
A* Static,300,Easy,35,1,0,0.998114,4.56641
A* Static,300,Easy,36,1,0,0.998087,4.56644
A* Static,300,Easy,37,1,0,0.997743,4.56683
A* Static,300,Easy,38,1,0,0.997702,4.56675
A* Static,300,Easy,39,1,0,0.99766,4.56682
A* Static,300,Easy,40,1,0,0.997715,4.56684
A* Static,300,Easy,41,1,0,0.997674,4.56685
A* Static,300,Easy,42,1,0,0.997646,4.56685
A* Static,300,Easy,43,2,0,0.997536,4.56683
A* Static,300,Easy,44,1,0,0.997523,4.56679
A* Static,300,Easy,45,1,0,0.997412,4.56663
A* Static,300,Easy,46,1,0,0.997385,4.56652
A* Static,300,Easy,47,6,0,0.99711,4.56578
A* Static,300,Easy,48,1,0,0.997041,4.56529
A* Static,300,Easy,49,1,0,0.997,4.56521
A* Static,300,Easy,50,1,0,0.996986,4.56517
A* Static,300,Easy,51,1,0,0.996972,4.56519
A* Static,300,Easy,52,1,0,0.996958,4.56516
A* Static,300,Easy,53,1,0,0.996945,4.5652
A* Static,300,Easy,54,1,0,0.996903,4.5651
A* Static,300,Easy,55,1,0,0.996889,4.56508
A* Static,300,Easy,56,1,0,0.996862,4.56502
A* Static,300,Easy,57,1,0,0.996848,4.56503
A* Static,300,Easy,58,1,0,0.996738,4.56493
A* Static,300,Easy,59,1,0,0.996642,4.56451
A* Static,300,Easy,60,1,0,0.996628,4.56449
A* Static,300,Easy,61,1,0,0.996573,4.56432
A* Static,300,Easy,62,1,0,0.996559,4.56432
A* Static,300,Easy,63,1,0,0.996325,4.56308
A* Static,300,Easy,64,1,0,0.996256,4.5627
A* Static,300,Easy,65,1,0,0.996243,4.56265
A* Static,300,Easy,66,1,0,0.99605,4.56259
A* Static,300,Easy,67,1,0,0.996009,4.56247
A* Static,300,Easy,68,1,0,0.995995,4.56243
A* Static,300,Easy,69,2,0,0.995802,4.56229
A* Static,300,Easy,70,1,0,0.995761,4.56227
A* Static,300,Easy,71,1,0,0.995637,4.56203
A* Static,300,Easy,72,1,0,0.995623,4.56201
A* Static,300,Easy,73,1,0,0.99561,4.56204
A* Static,300,Easy,74,1,0,0.995582,4.56202
A* Static,300,Easy,75,1,0,0.995541,4.56192
A* Static,300,Easy,76,1,0,0.995389,4.56171
A* Static,300,Easy,77,1,0,0.995362,4.56166
A* Static,300,Easy,78,1,0,0.995348,4.56164
A* Static,300,Easy,79,1,0,0.995073,4.56124
A* Static,300,Easy,80,1,0,0.995031,4.5613
A* Static,300,Easy,81,1,0,0.995018,4.56131
A* Static,300,Easy,82,2,0,0.994853,4.56104
A* Static,300,Easy,83,1,0,0.994825,4.56105
A* Static,300,Easy,84,1,0,0.994784,4.56099
A* Static,300,Easy,85,1,0,0.99477,4.56099
A* Static,300,Easy,86,1,0,0.994742,4.56097
A* Static,300,Easy,87,1,0,0.994591,4.56011
A* Static,300,Easy,88,1,0,0.994563,4.56
A* Static,300,Easy,89,1,0,0.994522,4.56003
A* Static,300,Easy,90,1,0,0.994412,4.55967
A* Static,300,Easy,91,2,0,0.994151,4.55852
A* Static,300,Easy,92,1,0,0.99338,4.55646
A* Static,300,Easy,93,2,0,0.993352,4.55642
A* Static,300,Easy,94,1,0,0.993339,4.55643
A* Static,300,Easy,95,1,0,0.993256,4.5562
A* Static,300,Easy,96,1,0,0.993242,4.55619
A* Static,300,Easy,97,1,0,0.993215,4.55607
A* Static,300,Easy,98,1,0,0.993201,4.55609
A* Static,300,Easy,99,1,0,0.993091,4.5556
A* Static,300,Easy,100,1,0,0.992788,4.55417
A* Static,300,Easy,101,1,0,0.992761,4.55403
A* Static,300,Easy,102,1,0,0.992733,4.55399
A* Static,300,Easy,103,1,0,0.992719,4.55403
A* Static,300,Easy,104,1,0,0.992692,4.55402
A* Static,300,Easy,105,1,0,0.992678,4.55402
A* Static,300,Easy,106,1,0,0.992678,4.55401
A* Static,300,Easy,107,1,0,0.99254,4.55362
A* Static,300,Easy,108,1,0,0.992499,4.55356
A* Static,300,Easy,109,1,0,0.992458,4.55363
A* Static,300,Easy,110,1,0,0.992334,4.5533
A* Static,300,Easy,111,1,0,0.992306,4.55333
A* Static,300,Easy,112,1,0,0.992265,4.55327
A* Static,300,Easy,113,1,0,0.992251,4.55325
A* Static,300,Easy,114,1,0,0.992237,4.55329
A* Static,300,Easy,115,1,0,0.992017,4.55324
A* Static,300,Easy,116,1,0,0.99199,4.55319
A* Static,300,Easy,117,1,0,0.991962,4.55322
A* Static,300,Easy,118,1,0,0.991921,4.55324
A* Static,300,Easy,119,1,0,0.99188,4.55324
A* Static,300,Easy,120,1,0,0.991742,4.55248
A* Static,300,Easy,121,1,0,0.991742,4.55248
A* Static,300,Easy,122,1,0,0.991577,4.55235
A* Static,300,Easy,123,1,0,0.991494,4.55194
A* Static,300,Easy,124,1,0,0.991453,4.55188
A* Static,300,Easy,125,1,0,0.991439,4.5519
A* Static,300,Easy,126,1,0,0.99137,4.55206
A* Static,300,Easy,127,1,0,0.991357,4.55206
A* Static,300,Easy,128,1,0,0.991315,4.55201
A* Static,300,Easy,129,1,0,0.991164,4.55161
A* Static,300,Easy,130,1,0,0.991136,4.55162
A* Static,300,Easy,131,1,0,0.991123,4.55159
A* Static,300,Easy,132,1,0,0.991081,4.55157
A* Static,300,Easy,133,1,0,0.991054,4.55146
A* Static,300,Easy,134,1,0,0.991013,4.55132
A* Static,300,Easy,135,1,0,0.990958,4.55128
A* Static,300,Easy,136,1,0,0.990875,4.55121
A* Static,300,Easy,137,1,0,0.990462,4.55116
A* Static,300,Easy,138,1,0,0.990421,4.55122
A* Static,300,Easy,139,1,0,0.990393,4.55109
A* Static,300,Easy,140,1,0,0.990324,4.55106
A* Static,300,Easy,141,1,0,0.990297,4.55103
A* Static,300,Easy,142,1,0,0.990256,4.55095
A* Static,300,Easy,143,1,0,0.990242,4.55093
A* Static,300,Easy,144,1,0,0.990063,4.55096
A* Static,300,Easy,145,1,0,0.989801,4.55059
A* Static,300,Easy,146,1,0,0.989719,4.55059
A* Static,300,Easy,147,1,0,0.989567,4.55044
A* Static,300,Easy,148,1,0,0.989554,4.55043
A* Static,300,Easy,149,1,0,0.989499,4.55032
A* Static,300,Easy,150,2,0,0.989471,4.55038
A* Static,300,Easy,151,1,0,0.98921,4.55016
A* Static,300,Easy,152,1,0,0.988838,4.55016
A* Static,300,Easy,153,1,0,0.988824,4.55011
A* Static,300,Easy,154,1,0,0.988755,4.55021
A* Static,300,Easy,155,1,0,0.988714,4.55029
A* Static,300,Easy,156,1,0,0.9887,4.55028
A* Static,300,Easy,157,1,0,0.988673,4.55028
A* Static,300,Easy,158,1,0,0.988604,4.5499
A* Static,300,Easy,159,1,0,0.98859,4.54991
A* Static,300,Easy,160,1,0,0.988576,4.5499
A* Static,300,Easy,161,1,0,0.98848,4.55
A* Static,300,Easy,162,1,0,0.988411,4.54993
A* Static,300,Easy,163,1,0,0.98837,4.54978
A* Static,300,Easy,164,1,0,0.988315,4.54973
A* Static,300,Easy,165,1,0,0.988301,4.54963
A* Static,300,Easy,166,1,0,0.988287,4.54962
A* Static,300,Easy,167,1,0,0.988246,4.54946
A* Static,300,Easy,168,1,0,0.988219,4.54944
A* Static,300,Easy,169,2,0,0.988136,4.54913
A* Static,300,Easy,170,1,0,0.988067,4.54902
A* Static,300,Easy,171,1,0,0.988053,4.54901
A* Static,300,Easy,172,1,0,0.988026,4.54904
A* Static,300,Easy,173,1,0,0.988012,4.54905
A* Static,300,Easy,174,1,0,0.987971,4.54899
A* Static,300,Easy,175,1,0,0.987957,4.54895
A* Static,300,Easy,176,1,0,0.987943,4.54893
A* Static,300,Easy,177,1,0,0.987737,4.54846
A* Static,300,Easy,178,3,0,0.987668,4.54818
A* Static,300,Easy,179,1,0,0.987627,4.54808
A* Static,300,Easy,180,1,0,0.987613,4.54803
A* Static,300,Easy,181,1,0,0.987586,4.54795
A* Static,300,Easy,182,1,0,0.987544,4.5479
A* Static,300,Easy,183,1,0,0.987475,4.54784
A* Static,300,Easy,184,3,0,0.987352,4.54777
A* Static,300,Easy,185,7,0,0.986952,4.54688
A* Static,300,Easy,186,1,0,0.986636,4.54686
A* Static,300,Easy,187,2,0,0.986539,4.54663
A* Static,300,Easy,188,1,0,0.986429,4.54654
A* Static,300,Easy,189,1,0,0.986388,4.54649
A* Static,300,Easy,190,1,0,0.986374,4.54647
A* Static,300,Easy,191,1,0,0.986361,4.54645
A* Static,300,Easy,192,1,0,0.986347,4.54643
A* Static,300,Easy,193,1,0,0.985879,4.54569
A* Static,300,Easy,194,1,0,0.985851,4.54567
A* Static,300,Easy,195,1,0,0.985645,4.54549
A* Static,300,Easy,196,1,0,0.985604,4.54547
A* Static,300,Easy,197,1,0,0.985562,4.54544
A* Static,300,Easy,198,1,0,0.985521,4.54548
A* Static,300,Easy,199,1,0,0.985452,4.54547
A* Static,300,Easy,200,1,0,0.985438,4.54543
A* Static,300,Easy,201,1,0,0.985397,4.54532
A* Static,300,Easy,202,1,0,0.985411,4.54532
A* Static,300,Easy,203,1,0,0.985397,4.54524
A* Static,300,Easy,204,1,0,0.985383,4.54521
A* Static,300,Easy,205,1,0,0.985315,4.54502
A* Static,300,Easy,206,1,0,0.985177,4.54505
A* Static,300,Easy,207,1,0,0.985122,4.54481
A* Static,300,Easy,208,1,0,0.984957,4.54491
A* Static,300,Easy,209,1,0,0.984778,4.54446
A* Static,300,Easy,210,1,0,0.98475,4.54447
A* Static,300,Easy,211,1,0,0.984737,4.5444
A* Static,300,Easy,212,1,0,0.984723,4.54444
A* Static,300,Easy,213,1,0,0.984668,4.54443
A* Static,300,Easy,214,1,0,0.984585,4.5441
A* Static,300,Easy,215,1,0,0.984461,4.54415
A* Static,300,Easy,216,1,0,0.984351,4.54424
A* Static,300,Easy,217,1,0,0.98431,4.54395
A* Static,300,Easy,218,2,0,0.984172,4.54376
A* Static,300,Easy,219,1,0,0.984145,4.54379
A* Static,300,Easy,220,1,0,0.984131,4.54383
A* Static,300,Easy,221,1,0,0.984117,4.54385
A* Static,300,Easy,222,1,0,0.984103,4.5438
A* Static,300,Easy,223,1,0,0.98409,4.54384
A* Static,300,Easy,224,1,0,0.984035,4.54353
A* Static,300,Easy,225,1,0,0.983883,4.54318
A* Static,300,Easy,226,1,0,0.983856,4.54321
A* Static,300,Easy,227,1,0,0.983787,4.54312
A* Static,300,Easy,228,1,0,0.983773,4.54313
A* Static,300,Easy,229,1,0,0.983732,4.5432
A* Static,300,Easy,230,1,0,0.983663,4.54318
A* Static,300,Easy,231,1,0,0.983649,4.54316
A* Static,300,Easy,232,1,0,0.983512,4.54262
A* Static,300,Easy,233,1,0,0.983498,4.54256
A* Static,300,Easy,234,9,0,0.982672,4.54136
A* Static,300,Easy,235,1,0,0.982589,4.54145
A* Static,300,Easy,236,1,0,0.982548,4.54144
A* Static,300,Easy,237,1,0,0.982438,4.54121
A* Static,300,Easy,238,1,0,0.982411,4.54115
A* Static,300,Easy,239,1,0,0.982383,4.54101
A* Static,300,Easy,240,3,0,0.982245,4.54084
A* Static,300,Easy,241,1,0,0.982232,4.54079
A* Static,300,Easy,242,1,0,0.982218,4.54081
A* Static,300,Easy,243,1,0,0.982204,4.54079
A* Static,300,Easy,244,1,0,0.98219,4.54078
A* Static,300,Easy,245,1,0,0.981722,4.54013
A* Static,300,Easy,246,1,0,0.981709,4.54004
A* Static,300,Easy,247,1,0,0.981695,4.54006
A* Static,300,Easy,248,2,0,0.981557,4.54
A* Static,300,Easy,249,1,0,0.981488,4.54009
A* Static,300,Easy,250,1,0,0.981364,4.5401
A* Static,300,Easy,251,1,0,0.981337,4.54008
A* Static,300,Easy,252,1,0,0.981296,4.5402
A* Static,300,Easy,253,1,0,0.981282,4.54012
A* Static,300,Easy,254,1,0,0.981199,4.53997
A* Static,300,Easy,255,1,0,0.981144,4.53972
A* Static,300,Easy,256,2,0,0.981103,4.53964
A* Static,300,Easy,257,1,0,0.981075,4.53953
A* Static,300,Easy,258,1,0,0.981048,4.53948
A* Static,300,Easy,259,2,0,0.980828,4.53952
A* Static,300,Easy,260,1,0,0.980814,4.53949
A* Static,300,Easy,261,1,0,0.980731,4.53955
A* Static,300,Easy,262,1,0,0.980704,4.5395
A* Static,300,Easy,263,1,0,0.98069,4.53949
A* Static,300,Easy,264,1,0,0.980676,4.53943
A* Static,300,Easy,265,1,0,0.980649,4.53943
A* Static,300,Easy,266,1,0,0.980497,4.53932
A* Static,300,Easy,267,1,0,0.980484,4.5393
A* Static,300,Easy,268,1,0,0.98047,4.5393
A* Static,300,Easy,269,1,0,0.980456,4.53933
A* Static,300,Easy,270,1,0,0.980208,4.53884
A* Static,300,Easy,271,1,0,0.980195,4.53884
A* Static,300,Easy,272,1,0,0.980153,4.53871
A* Static,300,Easy,273,1,0,0.980098,4.5386
A* Static,300,Easy,274,1,0,0.980085,4.5386
A* Static,300,Easy,275,1,0,0.980016,4.53847
A* Static,300,Easy,276,1,0,0.979947,4.53834
A* Static,300,Easy,277,1,0,0.979919,4.53834
A* Static,300,Easy,278,1,0,0.979768,4.53808
A* Static,300,Easy,279,1,0,0.979685,4.53769
A* Static,300,Easy,280,3,0,0.979534,4.53761
A* Static,300,Easy,281,1,0,0.979493,4.53751
A* Static,300,Easy,282,1,0,0.97941,4.53734
A* Static,300,Easy,283,2,0,0.979383,4.53733
A* Static,300,Easy,284,1,0,0.979341,4.53733
A* Static,300,Easy,285,1,0,0.979314,4.53722
A* Static,300,Easy,286,1,0,0.9793,4.53707
A* Static,300,Easy,287,1,0,0.979259,4.53685
A* Static,300,Easy,288,1,0,0.979259,4.53685
A* Static,300,Easy,289,1,0,0.979231,4.5368
A* Static,300,Easy,290,1,0,0.97897,4.53632
A* Static,300,Easy,291,1,0,0.978956,4.53633
A* Static,300,Easy,292,1,0,0.978942,4.53631
A* Static,300,Easy,293,1,0,0.978928,4.5363
A* Static,300,Easy,294,1,0,0.978915,4.53631
A* Static,300,Easy,295,2,0,0.978832,4.53614
A* Static,300,Easy,296,1,0,0.978791,4.53612
A* Static,300,Easy,297,1,0,0.978763,4.53615
A* Static,300,Easy,298,1,0,0.978405,4.53569
A* Static,300,Easy,299,1,0,0.978378,4.53563
A* Static,300,Easy,300,1,0,0.978364,4.53563
A* Static,300,Easy,301,1,0,0.978337,4.53557
A* Static,300,Easy,302,1,0,0.978323,4.53561
A* Static,300,Easy,303,1,0,0.97824,4.53551
A* Static,300,Easy,304,2,0,0.978089,4.53573
A* Static,300,Easy,305,1,0,0.978075,4.5357
A* Static,300,Easy,306,1,0,0.978034,4.53577
A* Static,300,Easy,307,1,0,0.97802,4.53572
A* Static,300,Easy,308,1,0,0.977882,4.53543
A* Static,300,Easy,309,1,0,0.977786,4.53511
A* Static,300,Easy,310,1,0,0.977745,4.53519
A* Static,300,Easy,311,1,0,0.977277,4.53497
A* Static,300,Easy,312,2,0,0.977194,4.53485
A* Static,300,Easy,313,1,0,0.977084,4.53493
A* Static,300,Easy,314,1,0,0.977043,4.53484
A* Static,300,Easy,315,1,0,0.977029,4.53485
A* Static,300,Easy,316,1,0,0.976919,4.53505
A* Static,300,Easy,317,1,0,0.976864,4.53512
A* Static,300,Easy,318,1,0,0.97685,4.53516
A* Static,300,Easy,319,1,0,0.976768,4.53491
A* Static,300,Easy,320,2,0,0.976685,4.53459
A* Static,300,Easy,321,1,0,0.976657,4.53456
A* Static,300,Easy,322,1,0,0.976602,4.53454
A* Static,300,Easy,323,1,0,0.976589,4.53451
A* Static,300,Easy,324,1,0,0.976492,4.53457
A* Static,300,Easy,325,4,0,0.976327,4.53439
A* Static,300,Easy,326,1,0,0.976286,4.53433
A* Static,300,Easy,327,1,0,0.976231,4.53429
A* Static,300,Easy,328,1,0,0.976231,4.53429
A* Static,300,Easy,329,2,0,0.976162,4.53431
A* Static,300,Easy,330,1,0,0.975598,4.53145
A* Static,300,Easy,331,1,0,0.975446,4.5313
A* Static,300,Easy,332,1,0,0.975405,4.53124
A* Static,300,Easy,333,1,0,0.975377,4.53127
A* Static,300,Easy,334,1,0,0.975364,4.53123
A* Static,300,Easy,335,1,0,0.975322,4.53131
A* Static,300,Easy,336,1,0,0.975309,4.53134
A* Static,300,Easy,337,1,0,0.975295,4.53131
A* Static,300,Easy,338,1,0,0.975212,4.53135
A* Static,300,Easy,339,1,0,0.975199,4.53128
A* Static,300,Easy,340,1,0,0.975171,4.53125
A* Static,300,Easy,341,1,0,0.975157,4.53128
A* Static,300,Easy,342,1,0,0.975088,4.53119
A* Static,300,Easy,343,1,0,0.975061,4.53116
A* Static,300,Easy,344,1,0,0.97491,4.5311
A* Static,300,Easy,345,1,0,0.974854,4.53119
A* Static,300,Easy,346,1,0,0.974813,4.53105
A* Static,300,Easy,347,1,0,0.974758,4.53113
A* Static,300,Easy,348,1,0,0.974744,4.53108
A* Static,300,Easy,349,1,0,0.974689,4.53104
A* Static,300,Easy,350,1,0,0.974676,4.53104
A* Static,300,Easy,351,1,0,0.974634,4.53101
A* Static,300,Easy,352,1,0,0.97462,4.53098
A* Static,300,Easy,353,1,0,0.974607,4.53093
A* Static,300,Easy,354,1,0,0.974579,4.53081
A* Static,300,Easy,355,1,0,0.974538,4.53064
A* Static,300,Easy,356,1,0,0.974331,4.53079
A* Static,300,Easy,357,1,0,0.974304,4.53074
A* Static,300,Easy,358,1,0,0.974276,4.53054
A* Static,300,Easy,359,7,0,0.973671,4.53
A* Static,300,Easy,360,1,0,0.973657,4.52997
A* Static,300,Easy,361,1,0,0.973643,4.53
A* Static,300,Easy,362,1,0,0.97363,4.52999
A* Static,300,Easy,363,1,0,0.973561,4.52984
A* Static,300,Easy,364,1,0,0.973464,4.52958
A* Static,300,Easy,365,1,0,0.973396,4.52949
A* Static,300,Easy,366,1,0,0.973203,4.52942
A* Static,300,Easy,367,1,0,0.973189,4.52942
A* Static,300,Easy,368,1,0,0.973162,4.52933
A* Static,300,Easy,369,1,0,0.973162,4.52933
A* Static,300,Easy,370,1,0,0.973148,4.52932
A* Static,300,Easy,371,1,0,0.973134,4.52934
A* Static,300,Easy,372,1,0,0.97312,4.52931
A* Static,300,Easy,373,1,0,0.973065,4.52926
A* Static,300,Easy,374,1,0,0.973051,4.52926
A* Static,300,Easy,375,1,0,0.973024,4.52917
A* Static,300,Easy,376,1,0,0.97301,4.52915
A* Static,300,Easy,377,1,0,0.972955,4.52911
A* Static,300,Easy,378,3,0,0.972886,4.52915
A* Static,300,Easy,379,1,0,0.972873,4.52916
A* Static,300,Easy,380,1,0,0.972776,4.52904
A* Static,300,Easy,381,1,0,0.972762,4.52892
A* Static,300,Easy,382,1,0,0.972735,4.52886
A* Static,300,Easy,383,4,0,0.972391,4.52846
A* Static,300,Easy,384,1,0,0.972322,4.52841
A* Static,300,Easy,385,3,0,0.972267,4.52845
A* Static,300,Easy,386,1,0,0.972267,4.52845
A* Static,300,Easy,387,1,0,0.972184,4.52833
A* Static,300,Easy,388,1,0,0.972171,4.52835
A* Static,300,Easy,389,1,0,0.972129,4.52824
A* Static,300,Easy,390,1,0,0.972116,4.5282
A* Static,300,Easy,391,1,0,0.972102,4.52822
A* Static,300,Easy,392,1,0,0.972088,4.52815
A* Static,300,Easy,393,2,0,0.972061,4.52808
A* Static,300,Easy,394,1,0,0.972047,4.52806
A* Static,300,Easy,395,1,0,0.971992,4.52821
A* Static,300,Easy,396,1,0,0.971978,4.52821
A* Static,300,Easy,397,2,0,0.971909,4.52797
A* Static,300,Easy,398,1,0,0.97195,4.52819
A* Static,300,Easy,399,1,0,0.971868,4.52785
A* Static,300,Easy,400,1,0,0.971868,4.52785
A* Static,300,Easy,401,1,0,0.971827,4.52791
A* Static,300,Easy,402,1,0,0.971813,4.52791
A* Static,300,Easy,403,1,0,0.971785,4.52788
A* Static,300,Easy,404,1,0,0.971551,4.52748
A* Static,300,Easy,405,1,0,0.971317,4.52775
A* Static,300,Easy,406,1,0,0.97129,4.5277
A* Static,300,Easy,407,1,0,0.97129,4.5277
A* Static,300,Easy,408,1,0,0.971262,4.52771
A* Static,300,Easy,409,1,0,0.971207,4.52768
A* Static,300,Easy,410,1,0,0.971028,4.52686
A* Static,300,Easy,411,1,0,0.971014,4.52687
A* Static,300,Easy,412,1,0,0.970946,4.52671
A* Static,300,Easy,413,1,0,0.970877,4.52652
A* Static,300,Easy,414,1,0,0.970863,4.5265
A* Static,300,Easy,415,1,0,0.970588,4.52663
A* Static,300,Easy,416,1,0,0.970519,4.52653
A* Static,300,Easy,417,1,0,0.970381,4.52654
A* Static,300,Easy,418,1,0,0.970285,4.52643
A* Static,300,Easy,419,1,0,0.970271,4.52642
A* Static,300,Easy,420,1,0,0.970106,4.52645
A* Static,300,Easy,421,1,0,0.970079,4.52645
A* Static,300,Easy,422,1,0,0.970051,4.52648
A* Static,300,Easy,423,1,0,0.970037,4.52648
A* Static,300,Easy,424,1,0,0.969927,4.52644
A* Static,300,Easy,425,1,0,0.969583,4.52654
A* Static,300,Easy,426,1,0,0.969514,4.52655
A* Static,300,Easy,427,2,0,0.969487,4.52656
A* Static,300,Easy,428,1,0,0.969294,4.52633
A* Static,300,Easy,429,1,0,0.96928,4.52628
A* Static,300,Easy,430,1,0,0.96928,4.52628
A* Static,300,Easy,431,1,0,0.969239,4.52621
A* Static,300,Easy,432,1,0,0.969198,4.52607
A* Static,300,Easy,433,1,0,0.96906,4.52598
A* Static,300,Easy,434,1,0,0.96906,4.52598
A* Static,300,Easy,435,1,0,0.969046,4.52596
A* Static,300,Easy,436,1,0,0.969033,4.52597
A* Static,300,Easy,437,1,0,0.968978,4.526
A* Static,300,Easy,438,2,0,0.968372,4.52342
A* Static,300,Easy,439,1,0,0.968344,4.5235
A* Static,300,Easy,440,1,0,0.968276,4.52318
A* Static,300,Easy,441,1,0,0.968248,4.52301
A* Static,300,Easy,442,1,0,0.968221,4.52299
A* Static,300,Easy,443,1,0,0.968193,4.52301
A* Static,300,Easy,444,1,0,0.968179,4.52301
A* Static,300,Easy,445,1,0,0.968165,4.52302
A* Static,300,Easy,446,1,0,0.968152,4.52297
A* Static,300,Easy,447,1,0,0.968165,4.52299
A* Static,300,Easy,448,1,0,0.968152,4.52289
A* Static,300,Easy,449,1,0,0.968124,4.52284
A* Static,300,Easy,450,1,0,0.967821,4.52054
A* Static,300,Easy,451,2,0,0.967725,4.52035
A* Static,300,Easy,452,1,0,0.967684,4.52012
A* Static,300,Easy,453,2,0,0.967587,4.52014
A* Static,300,Easy,454,1,0,0.96756,4.52003
A* Static,300,Easy,455,1,0,0.967519,4.52002
A* Static,300,Easy,456,1,0,0.967491,4.52002
A* Static,300,Easy,457,1,0,0.967477,4.51996
A* Static,300,Easy,458,1,0,0.96745,4.51985
A* Static,300,Easy,459,1,0,0.967436,4.51987
A* Static,300,Easy,460,1,0,0.967298,4.51981
A* Static,300,Easy,461,1,0,0.96723,4.51968
A* Static,300,Easy,462,1,0,0.967216,4.51966
A* Static,300,Easy,463,1,0,0.967175,4.51964
A* Static,300,Easy,464,1,0,0.967147,4.51955
A* Static,300,Easy,465,1,0,0.967119,4.51941
A* Static,300,Easy,466,1,0,0.967092,4.5194
A* Static,300,Easy,467,1,0,0.967078,4.51941
A* Static,300,Easy,468,1,0,0.967078,4.51941
A* Static,300,Easy,469,1,0,0.966982,4.51926
A* Static,300,Easy,470,1,0,0.966858,4.51908
A* Static,300,Easy,471,1,0,0.966858,4.51908
A* Static,300,Easy,472,1,0,0.966844,4.51906
A* Static,300,Easy,473,1,0,0.96683,4.51908
A* Static,300,Easy,474,1,0,0.966817,4.51909
A* Static,300,Easy,475,1,0,0.966775,4.519
A* Static,300,Easy,476,1,0,0.966775,4.519
A* Static,300,Easy,477,1,0,0.966762,4.51891
A* Static,300,Easy,478,2,0,0.966734,4.51885
A* Static,300,Easy,479,1,0,0.96672,4.51883
A* Static,300,Easy,480,1,0,0.966569,4.51905
A* Static,300,Easy,481,1,0,0.966555,4.51906
A* Static,300,Easy,482,1,0,0.966541,4.51908
A* Static,300,Easy,483,1,0,0.966294,4.5184
A* Static,300,Easy,484,1,0,0.966266,4.51833
A* Static,300,Easy,485,2,0,0.966156,4.51806
A* Static,300,Easy,486,1,0,0.966129,4.51812
A* Static,300,Easy,487,1,0,0.966073,4.51802
A* Static,300,Easy,488,1,0,0.966073,4.51812
A* Static,300,Easy,489,1,0,0.96606,4.5181
A* Static,300,Easy,490,1,0,0.966005,4.51807
A* Static,300,Easy,491,1,0,0.965963,4.5181
A* Static,300,Easy,492,1,0,0.965922,4.51799
A* Static,300,Easy,493,1,0,0.965895,4.5179
A* Static,300,Easy,494,1,0,0.965908,4.51794
A* Static,300,Easy,495,1,0,0.965895,4.51792
A* Static,300,Easy,496,1,0,0.965881,4.51794
A* Static,300,Easy,497,1,0,0.965867,4.51796
A* Static,300,Easy,498,1,0,0.965853,4.51797
A* Static,300,Easy,499,1,0,0.965826,4.51791
A* Static,300,Easy,500,1,0,0.965812,4.51791
A* Static,300,Easy,501,1,0,0.965798,4.5178
A* Static,300,Easy,502,1,0,0.965716,4.51789
A* Static,300,Easy,503,1,0,0.965633,4.51782
A* Static,300,Easy,504,1,0,0.965606,4.51763
A* Static,300,Easy,505,1,0,0.965564,4.51737
A* Static,300,Easy,506,1,0,0.965495,4.51735
A* Static,300,Easy,507,1,0,0.965482,4.51727
A* Static,300,Easy,508,2,0,0.96544,4.51725
A* Static,300,Easy,509,1,0,0.965399,4.51726
A* Static,300,Easy,510,1,0,0.965344,4.51717
A* Static,300,Easy,511,3,0,0.965165,4.51704
A* Static,300,Easy,512,1,0,0.965014,4.51669
A* Static,300,Easy,513,1,0,0.964876,4.51631
A* Static,300,Easy,514,1,0,0.964862,4.51635
A* Static,300,Easy,515,1,0,0.964849,4.51633
A* Static,300,Easy,516,1,0,0.964821,4.51633
A* Static,300,Easy,517,1,0,0.964628,4.51647
A* Static,300,Easy,518,1,0,0.964738,4.51684
A* Static,300,Easy,519,1,0,0.964697,4.51674
A* Static,300,Easy,520,1,0,0.964683,4.51676
A* Static,300,Easy,521,1,0,0.96467,4.51678
A* Static,300,Easy,522,1,0,0.964656,4.51674
A* Static,300,Easy,523,1,0,0.964532,4.51662
A* Static,300,Easy,524,2,0,0.964449,4.51655
A* Static,300,Easy,525,1,0,0.964394,4.51653
A* Static,300,Easy,526,1,0,0.964339,4.51637
A* Static,300,Easy,527,1,0,0.964312,4.51631
A* Static,300,Easy,528,1,0,0.96427,4.51632
A* Static,300,Easy,529,2,0,0.964202,4.51623
A* Static,300,Easy,530,1,0,0.96416,4.51618
A* Static,300,Easy,531,1,0,0.964119,4.51612
A* Static,300,Easy,532,1,0,0.964105,4.51611
A* Static,300,Easy,533,1,0,0.964092,4.51613
A* Static,300,Easy,534,3,0,0.96405,4.51611
A* Static,300,Easy,535,1,0,0.963995,4.51611
A* Static,300,Easy,536,1,0,0.963981,4.51611
A* Static,300,Easy,537,1,0,0.963968,4.51613
A* Static,300,Easy,538,1,0,0.96372,4.51509
A* Static,300,Easy,539,1,0,0.963706,4.51502
A* Static,300,Easy,540,1,0,0.963692,4.51502
A* Static,300,Easy,541,1,0,0.963679,4.51505
A* Static,300,Easy,542,1,0,0.963665,4.51503
A* Static,300,Easy,543,1,0,0.963624,4.51507
A* Static,300,Easy,544,2,0,0.963541,4.51486
A* Static,300,Easy,545,2,0,0.963417,4.51499
A* Static,300,Easy,546,3,0,0.963266,4.51487
A* Static,300,Easy,547,1,0,0.963156,4.51483
A* Static,300,Easy,548,1,0,0.963142,4.51477
A* Static,300,Easy,549,1,0,0.963128,4.51478
A* Static,300,Easy,550,1,0,0.963101,4.51466
A* Static,300,Easy,551,1,0,0.963032,4.51437
A* Static,300,Easy,552,1,0,0.962963,4.51431
A* Static,300,Easy,553,1,0,0.962922,4.51403
A* Static,300,Easy,554,1,0,0.962908,4.51401
A* Static,300,Easy,555,1,0,0.962894,4.51391
A* Static,300,Easy,556,2,0,0.962825,4.51387
A* Static,300,Easy,557,1,0,0.96277,4.5136
A* Static,300,Easy,558,1,0,0.962757,4.51362
A* Static,300,Easy,559,1,0,0.962743,4.51358
A* Static,300,Easy,560,1,0,0.962715,4.51361
A* Static,300,Easy,561,1,0,0.962619,4.51359
A* Static,300,Easy,562,1,0,0.962591,4.51359
A* Static,300,Easy,563,1,0,0.962399,4.51355
A* Static,300,Easy,564,1,0,0.962151,4.51278
A* Static,300,Easy,565,1,0,0.962082,4.51275
A* Static,300,Easy,566,2,0,0.962027,4.51268
A* Static,300,Easy,567,1,0,0.962013,4.51267
A* Static,300,Easy,568,1,0,0.962,4.51262
A* Static,300,Easy,569,1,0,0.961876,4.51244
A* Static,300,Easy,570,1,0,0.961862,4.51245
A* Static,300,Easy,571,1,0,0.961848,4.51241
A* Static,300,Easy,572,1,0,0.961834,4.51238
A* Static,300,Easy,573,1,0,0.961821,4.51234
A* Static,300,Easy,574,1,0,0.961807,4.51236
A* Static,300,Easy,575,1,0,0.961793,4.51234
A* Static,300,Easy,576,1,0,0.961642,4.51255
A* Static,300,Easy,577,1,0,0.961628,4.51247
A* Static,300,Easy,578,1,0,0.961435,4.51228
A* Static,300,Easy,579,1,0,0.961421,4.51228
A* Static,300,Easy,580,1,0,0.961339,4.51217
A* Static,300,Easy,581,1,0,0.961325,4.51213
A* Static,300,Easy,582,1,0,0.961311,4.51213
A* Static,300,Easy,583,1,0,0.961298,4.51213
A* Static,300,Easy,584,1,0,0.961311,4.51211
A* Static,300,Easy,585,1,0,0.961215,4.51201
A* Static,300,Easy,586,1,0,0.961174,4.51181
A* Static,300,Easy,587,1,0,0.96116,4.51181
A* Static,300,Easy,588,1,0,0.961105,4.51194
A* Static,300,Easy,589,1,0,0.961077,4.51191
A* Static,300,Easy,590,1,0,0.961036,4.51184
A* Static,300,Easy,591,1,0,0.96083,4.51171
A* Static,300,Easy,592,1,0,0.960871,4.51182
A* Static,300,Easy,593,1,0,0.960857,4.51181
A* Static,300,Easy,594,1,0,0.960843,4.51177
A* Static,300,Easy,595,8,0,0.960279,4.51146
A* Static,300,Easy,596,1,0,0.960252,4.51152
A* Static,300,Easy,597,1,0,0.960238,4.51154
A* Static,300,Easy,598,1,0,0.960224,4.51143
A* Static,300,Easy,599,1,0,0.960197,4.5114
A* Static,300,Easy,600,1,0,0.960183,4.51142
A* Oracle,300,Easy,0,0,0,1,4.56877
A* Oracle,300,Easy,1,1,9.44821,1,4.56875
A* Oracle,300,Easy,2,1,9.47749,1,4.56877
A* Oracle,300,Easy,3,1,9.48088,1,4.56878
A* Oracle,300,Easy,4,1,9.52224,1,4.5688
A* Oracle,300,Easy,5,1,9.54749,1,4.56874
A* Oracle,300,Easy,6,1,9.55246,1,4.56866
A* Oracle,300,Easy,7,1,9.55612,1,4.5687
A* Oracle,300,Easy,8,1,9.58578,1,4.56869
A* Oracle,300,Easy,9,1,9.58985,1,4.56866
A* Oracle,300,Easy,10,1,9.59663,1,4.56864
A* Oracle,300,Easy,11,1,9.60048,1,4.56864
A* Oracle,300,Easy,12,1,9.60007,1,4.56866
A* Oracle,300,Easy,13,1,9.59663,1,4.56866
A* Oracle,300,Easy,14,1,9.60019,1,4.56866
A* Oracle,300,Easy,15,1,9.60292,1,4.56866
A* Oracle,300,Easy,16,1,9.61492,1,4.56864
A* Oracle,300,Easy,17,1,9.59022,1,4.56863
A* Oracle,300,Easy,18,1,9.59045,1,4.56867
A* Oracle,300,Easy,19,2,9.60519,1,4.56869
A* Oracle,300,Easy,20,1,9.6001,1,4.56858
A* Oracle,300,Easy,21,1,9.61048,1,4.56859
A* Oracle,300,Easy,22,1,9.59967,1,4.56858
A* Oracle,300,Easy,23,1,9.58339,1,4.56858
A* Oracle,300,Easy,24,1,9.60359,1,4.56858
A* Oracle,300,Easy,25,1,9.59281,1,4.56866
A* Oracle,300,Easy,26,1,9.59857,1,4.56864
A* Oracle,300,Easy,27,1,9.59452,1,4.56866
A* Oracle,300,Easy,28,1,9.59872,1,4.56884
A* Oracle,300,Easy,29,1,9.61176,1,4.56884
A* Oracle,300,Easy,30,2,9.6128,1,4.56882
A* Oracle,300,Easy,31,1,9.58928,1,4.56882
A* Oracle,300,Easy,32,1,9.60578,1,4.56882
A* Oracle,300,Easy,33,1,9.61072,1,4.56877
A* Oracle,300,Easy,34,1,9.61345,1,4.56874
A* Oracle,300,Easy,35,1,9.6203,1,4.56874
A* Oracle,300,Easy,36,1,9.59431,1,4.56877
A* Oracle,300,Easy,37,1,9.61903,1,4.56899
A* Oracle,300,Easy,38,1,9.61794,1,4.56897
A* Oracle,300,Easy,39,1,9.60469,1,4.56899
A* Oracle,300,Easy,40,1,9.62733,1,4.56897
A* Oracle,300,Easy,41,1,9.60876,1,4.56896
A* Oracle,300,Easy,42,1,9.594,1,4.56896
A* Oracle,300,Easy,43,2,9.61184,1,4.56899
A* Oracle,300,Easy,44,1,9.61428,1,4.56899
A* Oracle,300,Easy,45,1,9.60631,1,4.569
A* Oracle,300,Easy,46,1,9.62446,1,4.569
A* Oracle,300,Easy,47,6,9.60568,1,4.56895
A* Oracle,300,Easy,48,1,9.60525,1,4.56893
A* Oracle,300,Easy,49,1,9.60843,1,4.56895
A* Oracle,300,Easy,50,1,9.631,1,4.56896
A* Oracle,300,Easy,51,1,9.60134,1,4.56895
A* Oracle,300,Easy,52,1,9.59611,1,4.56895
A* Oracle,300,Easy,53,1,9.608,1,4.56893
A* Oracle,300,Easy,54,1,9.61473,1,4.56884
A* Oracle,300,Easy,55,1,9.6098,1,4.56884
A* Oracle,300,Easy,56,1,9.60407,1,4.56884
A* Oracle,300,Easy,57,1,9.60174,1,4.56886
A* Oracle,300,Easy,58,1,9.60746,1,4.56888
A* Oracle,300,Easy,59,1,9.61243,1,4.56889
A* Oracle,300,Easy,60,1,9.62112,1,4.56888
A* Oracle,300,Easy,61,1,9.60638,1,4.56889
A* Oracle,300,Easy,62,1,9.62464,1,4.56891
A* Oracle,300,Easy,63,1,9.61762,1,4.56892
A* Oracle,300,Easy,64,1,9.60139,1,4.56895
A* Oracle,300,Easy,65,1,9.61051,1,4.56893
A* Oracle,300,Easy,66,1,9.59995,1,4.56903
A* Oracle,300,Easy,67,1,9.61414,1,4.56903
A* Oracle,300,Easy,68,1,9.6017,1,4.56903
A* Oracle,300,Easy,69,2,9.61475,1,4.56915
A* Oracle,300,Easy,70,1,9.61824,1,4.56914
A* Oracle,300,Easy,71,1,9.61501,1,4.56914
A* Oracle,300,Easy,72,1,9.61283,1,4.56914
A* Oracle,300,Easy,73,1,9.61687,1,4.56915
A* Oracle,300,Easy,74,1,9.58759,1,4.56918
A* Oracle,300,Easy,75,1,9.59684,1,4.56918
A* Oracle,300,Easy,76,1,9.60131,1,4.56921
A* Oracle,300,Easy,77,1,9.59765,1,4.56921
A* Oracle,300,Easy,78,1,9.59382,1,4.56921
A* Oracle,300,Easy,79,1,9.62176,1,4.56921
A* Oracle,300,Easy,80,1,9.58839,1,4.56919
A* Oracle,300,Easy,81,1,9.59839,1,4.56922
A* Oracle,300,Easy,82,2,9.59691,1,4.56922
A* Oracle,300,Easy,83,1,9.61389,1,4.56922
A* Oracle,300,Easy,84,1,9.60727,1,4.56918
A* Oracle,300,Easy,85,1,9.60318,1,4.56919
A* Oracle,300,Easy,86,1,9.62838,1,4.56918
A* Oracle,300,Easy,87,1,9.60352,1,4.56922
A* Oracle,300,Easy,88,1,9.61685,1,4.56924
A* Oracle,300,Easy,89,1,9.61325,1,4.56924
A* Oracle,300,Easy,90,1,9.61614,1,4.56936
A* Oracle,300,Easy,91,2,9.59793,1,4.56936
A* Oracle,300,Easy,92,1,9.61536,1,4.5695
A* Oracle,300,Easy,93,2,9.60037,1,4.56951
A* Oracle,300,Easy,94,1,9.59979,1,4.5695
A* Oracle,300,Easy,95,1,9.60563,1,4.56951
A* Oracle,300,Easy,96,1,9.6138,1,4.5695
A* Oracle,300,Easy,97,1,9.62328,1,4.56948
A* Oracle,300,Easy,98,1,9.62171,1,4.56948
A* Oracle,300,Easy,99,1,9.62149,1,4.56953
A* Oracle,300,Easy,100,1,9.61853,1,4.56953
A* Oracle,300,Easy,101,1,9.60516,1,4.56951
A* Oracle,300,Easy,102,1,9.59529,1,4.56948
A* Oracle,300,Easy,103,1,9.61168,1,4.5695
A* Oracle,300,Easy,104,1,9.61097,1,4.5695
A* Oracle,300,Easy,105,1,9.61914,1,4.56926
A* Oracle,300,Easy,106,1,9.59001,1,4.56925
A* Oracle,300,Easy,107,1,9.60101,1,4.56924
A* Oracle,300,Easy,108,1,9.61938,1,4.56924
A* Oracle,300,Easy,109,1,9.59438,1,4.56925
A* Oracle,300,Easy,110,1,9.60658,1,4.56928
A* Oracle,300,Easy,111,1,9.59814,1,4.56926
A* Oracle,300,Easy,112,1,9.61772,1,4.56928
A* Oracle,300,Easy,113,1,9.59931,1,4.56928
A* Oracle,300,Easy,114,1,9.6191,1,4.56929
A* Oracle,300,Easy,115,1,9.59448,1,4.56931
A* Oracle,300,Easy,116,1,9.58941,1,4.56929
A* Oracle,300,Easy,117,1,9.59924,1,4.56929
A* Oracle,300,Easy,118,1,9.61847,1,4.56931
A* Oracle,300,Easy,119,1,9.60303,1,4.56932
A* Oracle,300,Easy,120,1,9.60576,1,4.56931
A* Oracle,300,Easy,121,1,9.6287,1,4.56929
A* Oracle,300,Easy,122,1,9.60733,1,4.56931
A* Oracle,300,Easy,123,1,9.59691,1,4.56932
A* Oracle,300,Easy,124,1,9.60329,1,4.56932
A* Oracle,300,Easy,125,1,9.60636,1,4.56933
A* Oracle,300,Easy,126,1,9.61066,1,4.56932
A* Oracle,300,Easy,127,1,9.61786,1,4.56931
A* Oracle,300,Easy,128,1,9.62094,1,4.56931
A* Oracle,300,Easy,129,1,9.59308,1,4.56928
A* Oracle,300,Easy,130,1,9.59613,1,4.56929
A* Oracle,300,Easy,131,1,9.6064,1,4.56928
A* Oracle,300,Easy,132,1,9.60637,1,4.56928
A* Oracle,300,Easy,133,1,9.59196,1,4.56925
A* Oracle,300,Easy,134,1,9.59714,1,4.56925
A* Oracle,300,Easy,135,1,9.59708,1,4.56926
A* Oracle,300,Easy,136,1,9.60811,1,4.56926
A* Oracle,300,Easy,137,1,9.60052,1,4.56973
A* Oracle,300,Easy,138,1,9.61368,1,4.5697
A* Oracle,300,Easy,139,1,9.59849,1,4.56972
A* Oracle,300,Easy,140,1,9.61015,1,4.56968
A* Oracle,300,Easy,141,1,9.60691,1,4.56962
A* Oracle,300,Easy,142,1,9.60863,1,4.56966
A* Oracle,300,Easy,143,1,9.60343,1,4.56965
A* Oracle,300,Easy,144,1,9.60889,1,4.56975
A* Oracle,300,Easy,145,1,9.62227,1,4.56976
A* Oracle,300,Easy,146,1,9.60499,1,4.56976
A* Oracle,300,Easy,147,1,9.60988,1,4.56964
A* Oracle,300,Easy,148,1,9.60534,1,4.56962
A* Oracle,300,Easy,149,1,9.61492,1,4.56961
A* Oracle,300,Easy,150,2,9.61574,1,4.56962
A* Oracle,300,Easy,151,1,9.61923,1,4.56959
A* Oracle,300,Easy,152,1,9.60437,1,4.56953
A* Oracle,300,Easy,153,1,9.61694,1,4.5695
A* Oracle,300,Easy,154,1,9.61492,1,4.56953
A* Oracle,300,Easy,155,1,9.59343,1,4.56955
A* Oracle,300,Easy,156,1,9.63137,1,4.56955
A* Oracle,300,Easy,157,1,9.60447,1,4.56957
A* Oracle,300,Easy,158,1,9.5948,1,4.56957
A* Oracle,300,Easy,159,1,9.69382,1,4.56958
A* Oracle,300,Easy,160,1,9.80092,1,4.56958
A* Oracle,300,Easy,161,1,9.59594,1,4.56958
A* Oracle,300,Easy,162,1,9.6052,1,4.56958
A* Oracle,300,Easy,163,1,9.61575,1,4.56959
A* Oracle,300,Easy,164,1,9.61552,1,4.56961
A* Oracle,300,Easy,165,1,9.63182,1,4.56961
A* Oracle,300,Easy,166,1,9.61181,1,4.56962
A* Oracle,300,Easy,167,1,9.58541,1,4.56962
A* Oracle,300,Easy,168,1,9.58052,1,4.56961
A* Oracle,300,Easy,169,2,9.61098,1,4.56961
A* Oracle,300,Easy,170,1,9.62915,1,4.56962
A* Oracle,300,Easy,171,1,9.6044,1,4.56959
A* Oracle,300,Easy,172,1,9.59862,1,4.56959
A* Oracle,300,Easy,173,1,9.59305,1,4.56961
A* Oracle,300,Easy,174,1,9.61654,1,4.56962
A* Oracle,300,Easy,175,1,9.60085,1,4.56962
A* Oracle,300,Easy,176,1,9.58695,1,4.56961
A* Oracle,300,Easy,177,1,9.59273,1,4.56962
A* Oracle,300,Easy,178,3,9.59705,1,4.56962
A* Oracle,300,Easy,179,1,9.59313,1,4.56962
A* Oracle,300,Easy,180,1,9.58944,1,4.56959
A* Oracle,300,Easy,181,1,9.59388,1,4.56961
A* Oracle,300,Easy,182,1,9.57313,1,4.56962
A* Oracle,300,Easy,183,1,9.59202,1,4.56962
A* Oracle,300,Easy,184,3,9.59644,1,4.56955
A* Oracle,300,Easy,185,7,9.58628,1,4.56966
A* Oracle,300,Easy,186,1,9.57566,1,4.56976
A* Oracle,300,Easy,187,2,9.58233,1,4.56977
A* Oracle,300,Easy,188,1,9.58598,1,4.56972
A* Oracle,300,Easy,189,1,9.57607,1,4.56975
A* Oracle,300,Easy,190,1,9.58876,1,4.56976
A* Oracle,300,Easy,191,1,9.58863,1,4.56976
A* Oracle,300,Easy,192,1,9.59101,1,4.56977
A* Oracle,300,Easy,193,1,9.59092,1,4.5698
A* Oracle,300,Easy,194,1,9.59641,1,4.56983
A* Oracle,300,Easy,195,1,9.59829,1,4.56964
A* Oracle,300,Easy,196,1,9.57239,1,4.56962
A* Oracle,300,Easy,197,1,9.58227,1,4.56964
A* Oracle,300,Easy,198,1,9.57252,1,4.56964
A* Oracle,300,Easy,199,1,9.5869,1,4.56959
A* Oracle,300,Easy,200,1,9.58464,1,4.56959
A* Oracle,300,Easy,201,1,9.57735,1,4.56958
A* Oracle,300,Easy,202,1,9.60586,1,4.56955
A* Oracle,300,Easy,203,1,9.58637,1,4.56955
A* Oracle,300,Easy,204,1,9.58917,1,4.56957
A* Oracle,300,Easy,205,1,9.59896,1,4.56958
A* Oracle,300,Easy,206,1,9.59339,1,4.56959
A* Oracle,300,Easy,207,1,9.59047,1,4.56959
A* Oracle,300,Easy,208,1,9.59314,1,4.56959
A* Oracle,300,Easy,209,1,9.6084,1,4.56959
A* Oracle,300,Easy,210,1,9.58714,1,4.56959
A* Oracle,300,Easy,211,1,9.60295,1,4.56959
A* Oracle,300,Easy,212,1,9.58911,1,4.56958
A* Oracle,300,Easy,213,1,9.58531,1,4.56958
A* Oracle,300,Easy,214,1,9.58176,1,4.56961
A* Oracle,300,Easy,215,1,9.57608,1,4.56957
A* Oracle,300,Easy,216,1,9.57765,1,4.56951
A* Oracle,300,Easy,217,1,9.5763,1,4.5695
A* Oracle,300,Easy,218,2,9.58166,1,4.56953
A* Oracle,300,Easy,219,1,9.5883,1,4.56953
A* Oracle,300,Easy,220,1,9.58192,1,4.56951
A* Oracle,300,Easy,221,1,9.61311,1,4.56951
A* Oracle,300,Easy,222,1,9.57375,1,4.56951
A* Oracle,300,Easy,223,1,9.58203,1,4.56951
A* Oracle,300,Easy,224,1,9.5891,1,4.56954
A* Oracle,300,Easy,225,1,9.57653,1,4.56955
A* Oracle,300,Easy,226,1,9.59836,1,4.56954
A* Oracle,300,Easy,227,1,9.59454,1,4.56955
A* Oracle,300,Easy,228,1,9.58863,1,4.56957
A* Oracle,300,Easy,229,1,9.60905,1,4.56957
A* Oracle,300,Easy,230,1,9.58046,1,4.56953
A* Oracle,300,Easy,231,1,9.56956,1,4.56951
A* Oracle,300,Easy,232,1,9.58101,1,4.56951
A* Oracle,300,Easy,233,1,9.58475,1,4.5695
A* Oracle,300,Easy,234,9,9.57695,1,4.56953
A* Oracle,300,Easy,235,1,9.59088,1,4.56954
A* Oracle,300,Easy,236,1,9.58496,1,4.56951
A* Oracle,300,Easy,237,1,9.58707,1,4.56953
A* Oracle,300,Easy,238,1,9.68986,1,4.56935
A* Oracle,300,Easy,239,1,9.58684,1,4.56935
A* Oracle,300,Easy,240,3,9.5953,1,4.56937
A* Oracle,300,Easy,241,1,9.57795,1,4.56937
A* Oracle,300,Easy,242,1,9.56873,1,4.56937
A* Oracle,300,Easy,243,1,9.58023,1,4.56936
A* Oracle,300,Easy,244,1,9.58998,1,4.56933
A* Oracle,300,Easy,245,1,9.57808,1,4.56924
A* Oracle,300,Easy,246,1,9.59285,1,4.56922
A* Oracle,300,Easy,247,1,9.56654,1,4.56924
A* Oracle,300,Easy,248,2,9.56891,1,4.56926
A* Oracle,300,Easy,249,1,9.58279,1,4.56931
A* Oracle,300,Easy,250,1,9.59006,1,4.56936
A* Oracle,300,Easy,251,1,9.56561,1,4.56937
A* Oracle,300,Easy,252,1,9.56542,1,4.56939
A* Oracle,300,Easy,253,1,9.56552,1,4.5694
A* Oracle,300,Easy,254,1,9.56907,1,4.56937
A* Oracle,300,Easy,255,1,9.56197,1,4.56939
A* Oracle,300,Easy,256,2,9.57771,1,4.56939
A* Oracle,300,Easy,257,1,9.5849,1,4.5694
A* Oracle,300,Easy,258,1,9.57575,1,4.56936
A* Oracle,300,Easy,259,2,9.57324,1,4.56939
A* Oracle,300,Easy,260,1,9.58986,1,4.56936
A* Oracle,300,Easy,261,1,9.58291,1,4.56936
A* Oracle,300,Easy,262,1,9.58227,1,4.56933
A* Oracle,300,Easy,263,1,9.57088,1,4.56935
A* Oracle,300,Easy,264,1,9.58795,1,4.56933
A* Oracle,300,Easy,265,1,9.58061,1,4.56933
A* Oracle,300,Easy,266,1,9.58441,1,4.56935
A* Oracle,300,Easy,267,1,9.58655,1,4.56937
A* Oracle,300,Easy,268,1,9.59414,1,4.56937
A* Oracle,300,Easy,269,1,9.58631,1,4.56936
A* Oracle,300,Easy,270,1,9.58116,1,4.56946
A* Oracle,300,Easy,271,1,9.57528,1,4.56947
A* Oracle,300,Easy,272,1,9.56363,1,4.56944
A* Oracle,300,Easy,273,1,9.577,1,4.56943
A* Oracle,300,Easy,274,1,9.57759,1,4.56943
A* Oracle,300,Easy,275,1,9.57894,1,4.56947
A* Oracle,300,Easy,276,1,9.57587,1,4.56947
A* Oracle,300,Easy,277,1,9.58949,1,4.56947
A* Oracle,300,Easy,278,1,9.56732,1,4.56951
A* Oracle,300,Easy,279,1,9.57223,1,4.56953
A* Oracle,300,Easy,280,3,9.59645,1,4.56947
A* Oracle,300,Easy,281,1,9.57602,1,4.56948
A* Oracle,300,Easy,282,1,9.58321,1,4.56948
A* Oracle,300,Easy,283,2,9.57174,1,4.56951
A* Oracle,300,Easy,284,1,9.5909,1,4.56951
A* Oracle,300,Easy,285,1,9.57597,1,4.5695
A* Oracle,300,Easy,286,1,9.59821,1,4.56948
A* Oracle,300,Easy,287,1,9.59627,1,4.5695
A* Oracle,300,Easy,288,1,9.58438,1,4.56951
A* Oracle,300,Easy,289,1,9.57584,1,4.56954
A* Oracle,300,Easy,290,1,9.57382,1,4.56955
A* Oracle,300,Easy,291,1,9.58454,1,4.56955
A* Oracle,300,Easy,292,1,9.58818,1,4.56955
A* Oracle,300,Easy,293,1,9.58015,1,4.56955
A* Oracle,300,Easy,294,1,9.56766,1,4.56957
A* Oracle,300,Easy,295,2,9.58661,1,4.56958
A* Oracle,300,Easy,296,1,9.59018,1,4.56957
A* Oracle,300,Easy,297,1,9.59542,1,4.56954
A* Oracle,300,Easy,298,1,9.58702,1,4.56972
A* Oracle,300,Easy,299,1,9.56589,1,4.56972
A* Oracle,300,Easy,300,1,9.57718,1,4.56973
A* Oracle,300,Easy,301,1,9.57483,1,4.5697
A* Oracle,300,Easy,302,1,9.57078,1,4.5697
A* Oracle,300,Easy,303,1,9.58088,1,4.56976
A* Oracle,300,Easy,304,2,9.57094,1,4.56975
A* Oracle,300,Easy,305,1,9.58714,1,4.56973
A* Oracle,300,Easy,306,1,9.58998,1,4.56976
A* Oracle,300,Easy,307,1,9.58485,1,4.56977
A* Oracle,300,Easy,308,1,9.59101,1,4.56969
A* Oracle,300,Easy,309,1,9.58255,1,4.56961
A* Oracle,300,Easy,310,1,9.57556,1,4.56959
A* Oracle,300,Easy,311,1,9.56442,1,4.56998
A* Oracle,300,Easy,312,2,9.58967,1,4.57013
A* Oracle,300,Easy,313,1,9.58085,1,4.57017
A* Oracle,300,Easy,314,1,9.57701,1,4.57016
A* Oracle,300,Easy,315,1,9.56693,1,4.57014
A* Oracle,300,Easy,316,1,9.58714,1,4.57014
A* Oracle,300,Easy,317,1,9.56903,1,4.57021
A* Oracle,300,Easy,318,1,9.5814,1,4.5702
A* Oracle,300,Easy,319,1,9.57565,1,4.5702
A* Oracle,300,Easy,320,2,9.57592,1,4.5702
A* Oracle,300,Easy,321,1,9.57895,1,4.57021
A* Oracle,300,Easy,322,1,9.59047,1,4.5702
A* Oracle,300,Easy,323,1,9.58052,1,4.57019
A* Oracle,300,Easy,324,1,9.58764,1,4.57028
A* Oracle,300,Easy,325,4,9.59517,1,4.57025
A* Oracle,300,Easy,326,1,9.57688,1,4.57027
A* Oracle,300,Easy,327,1,9.57566,1,4.57028
A* Oracle,300,Easy,328,1,9.58337,1,4.57025
A* Oracle,300,Easy,329,2,9.56198,1,4.57025
A* Oracle,300,Easy,330,1,9.59125,1,4.57025
A* Oracle,300,Easy,331,1,9.59698,1,4.5702
A* Oracle,300,Easy,332,1,9.59696,1,4.5702
A* Oracle,300,Easy,333,1,9.57921,1,4.57019
A* Oracle,300,Easy,334,1,9.57854,1,4.57019
A* Oracle,300,Easy,335,1,9.59278,1,4.57019
A* Oracle,300,Easy,336,1,9.58184,1,4.5702
A* Oracle,300,Easy,337,1,9.59152,1,4.57021
A* Oracle,300,Easy,338,1,9.57405,1,4.57021
A* Oracle,300,Easy,339,1,9.59452,1,4.5702
A* Oracle,300,Easy,340,1,9.58036,1,4.57021
A* Oracle,300,Easy,341,1,9.5884,1,4.57021
A* Oracle,300,Easy,342,1,9.60678,1,4.57021
A* Oracle,300,Easy,343,1,9.60232,1,4.57021
A* Oracle,300,Easy,344,1,9.58684,1,4.56999
A* Oracle,300,Easy,345,1,9.57354,1,4.57001
A* Oracle,300,Easy,346,1,9.5956,1,4.57003
A* Oracle,300,Easy,347,1,9.59507,1,4.56981
A* Oracle,300,Easy,348,1,9.59715,1,4.5698
A* Oracle,300,Easy,349,1,9.58361,1,4.56979
A* Oracle,300,Easy,350,1,9.58116,1,4.5698
A* Oracle,300,Easy,351,1,9.58383,1,4.56981
A* Oracle,300,Easy,352,1,9.58466,1,4.5698
A* Oracle,300,Easy,353,1,9.58472,1,4.56981
A* Oracle,300,Easy,354,1,9.57365,1,4.56983
A* Oracle,300,Easy,355,1,9.57371,1,4.56984
A* Oracle,300,Easy,356,1,9.58583,1,4.56981
A* Oracle,300,Easy,357,1,9.57537,1,4.56984
A* Oracle,300,Easy,358,1,9.58539,1,4.56984
A* Oracle,300,Easy,359,7,9.59373,1,4.56998
A* Oracle,300,Easy,360,1,9.58967,1,4.56997
A* Oracle,300,Easy,361,1,9.57768,1,4.56998
A* Oracle,300,Easy,362,1,9.6067,1,4.56999
A* Oracle,300,Easy,363,1,9.60173,1,4.57002
A* Oracle,300,Easy,364,1,9.58948,1,4.57003
A* Oracle,300,Easy,365,1,9.5755,1,4.57003
A* Oracle,300,Easy,366,1,9.60034,1,4.57008
A* Oracle,300,Easy,367,1,9.59784,1,4.57008
A* Oracle,300,Easy,368,1,9.58266,1,4.57008
A* Oracle,300,Easy,369,1,9.58881,1,4.57006
A* Oracle,300,Easy,370,1,9.59778,1,4.57006
A* Oracle,300,Easy,371,1,9.59385,1,4.57008
A* Oracle,300,Easy,372,1,9.59267,1,4.57009
A* Oracle,300,Easy,373,1,9.58201,1,4.57013
A* Oracle,300,Easy,374,1,9.57706,1,4.57012
A* Oracle,300,Easy,375,1,9.58559,1,4.57012
A* Oracle,300,Easy,376,1,9.59407,1,4.56975
A* Oracle,300,Easy,377,1,9.60088,1,4.56979
A* Oracle,300,Easy,378,3,9.59229,1,4.56979
A* Oracle,300,Easy,379,1,9.57464,1,4.56977
A* Oracle,300,Easy,380,1,9.58449,1,4.56977
A* Oracle,300,Easy,381,1,9.59014,1,4.56976
A* Oracle,300,Easy,382,1,9.57872,1,4.56977
A* Oracle,300,Easy,383,4,9.574,1,4.56976
A* Oracle,300,Easy,384,1,9.57919,1,4.56976
A* Oracle,300,Easy,385,3,9.59552,1,4.56976
A* Oracle,300,Easy,386,1,9.58207,1,4.56975
A* Oracle,300,Easy,387,1,9.58025,1,4.56972
A* Oracle,300,Easy,388,1,9.59706,1,4.5697
A* Oracle,300,Easy,389,1,9.58998,1,4.56973
A* Oracle,300,Easy,390,1,9.56567,1,4.56975
A* Oracle,300,Easy,391,1,9.58252,1,4.56973
A* Oracle,300,Easy,392,1,9.57898,1,4.56972
A* Oracle,300,Easy,393,2,9.59421,1,4.56973
A* Oracle,300,Easy,394,1,9.59848,1,4.56972
A* Oracle,300,Easy,395,1,9.59792,1,4.56973
A* Oracle,300,Easy,396,1,9.57706,1,4.56969
A* Oracle,300,Easy,397,2,9.57478,1,4.56975
A* Oracle,300,Easy,398,1,9.57038,1,4.56976
A* Oracle,300,Easy,399,1,9.58872,1,4.56975
A* Oracle,300,Easy,400,1,9.59939,1,4.56976
A* Oracle,300,Easy,401,1,9.5911,1,4.56975
A* Oracle,300,Easy,402,1,9.57748,1,4.5697
A* Oracle,300,Easy,403,1,9.59957,1,4.56969
A* Oracle,300,Easy,404,1,9.60419,1,4.56973
A* Oracle,300,Easy,405,1,9.59621,1,4.56962
A* Oracle,300,Easy,406,1,9.59199,1,4.56965
A* Oracle,300,Easy,407,1,9.99784,1,4.56966
A* Oracle,300,Easy,408,1,9.7681,1,4.56968
A* Oracle,300,Easy,409,1,9.80012,1,4.56968
A* Oracle,300,Easy,410,1,9.72862,1,4.56968
A* Oracle,300,Easy,411,1,9.57049,1,4.56966
A* Oracle,300,Easy,412,1,9.60174,1,4.56968
A* Oracle,300,Easy,413,1,9.59543,1,4.56966
A* Oracle,300,Easy,414,1,9.58681,1,4.56966
A* Oracle,300,Easy,415,1,9.59739,1,4.57027
A* Oracle,300,Easy,416,1,9.58964,1,4.57028
A* Oracle,300,Easy,417,1,9.59236,1,4.5703
A* Oracle,300,Easy,418,1,9.60701,1,4.57031
A* Oracle,300,Easy,419,1,9.59171,1,4.57027
A* Oracle,300,Easy,420,1,9.61431,1,4.57013
A* Oracle,300,Easy,421,1,9.59885,1,4.57014
A* Oracle,300,Easy,422,1,9.59394,1,4.57012
A* Oracle,300,Easy,423,1,9.60259,1,4.57013
A* Oracle,300,Easy,424,1,9.61111,1,4.57014
A* Oracle,300,Easy,425,1,9.58388,1,4.57023
A* Oracle,300,Easy,426,1,9.60389,1,4.57023
A* Oracle,300,Easy,427,2,9.60677,1,4.57013
A* Oracle,300,Easy,428,1,9.58586,1,4.57016
A* Oracle,300,Easy,429,1,9.5941,1,4.57017
A* Oracle,300,Easy,430,1,9.61536,1,4.57017
A* Oracle,300,Easy,431,1,9.60265,1,4.57017
A* Oracle,300,Easy,432,1,9.58143,1,4.57016
A* Oracle,300,Easy,433,1,9.61233,1,4.57024
A* Oracle,300,Easy,434,1,9.5873,1,4.57023
A* Oracle,300,Easy,435,1,9.59804,1,4.57023
A* Oracle,300,Easy,436,1,9.59452,1,4.57024
A* Oracle,300,Easy,437,1,9.5867,1,4.5702
A* Oracle,300,Easy,438,2,9.61376,1,4.57072
A* Oracle,300,Easy,439,1,9.59335,1,4.57074
A* Oracle,300,Easy,440,1,9.59843,1,4.57075
A* Oracle,300,Easy,441,1,9.59484,1,4.57075
A* Oracle,300,Easy,442,1,9.59088,1,4.57076
A* Oracle,300,Easy,443,1,9.6007,1,4.57072
A* Oracle,300,Easy,444,1,9.60512,1,4.57074
A* Oracle,300,Easy,445,1,9.60187,1,4.57074
A* Oracle,300,Easy,446,1,9.59477,1,4.57075
A* Oracle,300,Easy,447,1,9.58476,1,4.57072
A* Oracle,300,Easy,448,1,9.57567,1,4.57071
A* Oracle,300,Easy,449,1,9.58747,1,4.57071
A* Oracle,300,Easy,450,1,9.60475,1,4.5707
A* Oracle,300,Easy,451,2,9.57797,1,4.57071
A* Oracle,300,Easy,452,1,9.5889,1,4.5707
A* Oracle,300,Easy,453,2,9.58918,1,4.57068
A* Oracle,300,Easy,454,1,9.59568,1,4.5707
A* Oracle,300,Easy,455,1,9.57899,1,4.5707
A* Oracle,300,Easy,456,1,9.59637,1,4.57068
A* Oracle,300,Easy,457,1,9.59842,1,4.57068
A* Oracle,300,Easy,458,1,9.59623,1,4.57068
A* Oracle,300,Easy,459,1,9.59853,1,4.57068
A* Oracle,300,Easy,460,1,9.57991,1,4.57056
A* Oracle,300,Easy,461,1,9.59658,1,4.57054
A* Oracle,300,Easy,462,1,9.59946,1,4.57054
A* Oracle,300,Easy,463,1,9.5876,1,4.57053
A* Oracle,300,Easy,464,1,9.61513,1,4.57053
A* Oracle,300,Easy,465,1,9.59637,1,4.57053
A* Oracle,300,Easy,466,1,9.59345,1,4.57052
A* Oracle,300,Easy,467,1,9.60086,1,4.57053
A* Oracle,300,Easy,468,1,9.60317,1,4.57049
A* Oracle,300,Easy,469,1,9.58682,1,4.57049
A* Oracle,300,Easy,470,1,9.6052,1,4.5705
A* Oracle,300,Easy,471,1,9.59845,1,4.5705
A* Oracle,300,Easy,472,1,9.58647,1,4.57052
A* Oracle,300,Easy,473,1,9.5986,1,4.57052
A* Oracle,300,Easy,474,1,9.58222,1,4.57053
A* Oracle,300,Easy,475,1,9.60435,1,4.57054
A* Oracle,300,Easy,476,1,9.5839,1,4.57054
A* Oracle,300,Easy,477,1,9.59812,1,4.57054
A* Oracle,300,Easy,478,2,9.58168,1,4.57052
A* Oracle,300,Easy,479,1,9.58361,1,4.5705
A* Oracle,300,Easy,480,1,9.58202,1,4.57046
A* Oracle,300,Easy,481,1,9.58653,1,4.57043
A* Oracle,300,Easy,482,1,9.58912,1,4.57043
A* Oracle,300,Easy,483,1,9.59808,1,4.57043
A* Oracle,300,Easy,484,1,9.59455,1,4.57043
A* Oracle,300,Easy,485,2,9.59284,1,4.57045
A* Oracle,300,Easy,486,1,9.60322,1,4.57046
A* Oracle,300,Easy,487,1,9.58024,1,4.57047
A* Oracle,300,Easy,488,1,9.59729,1,4.57053
A* Oracle,300,Easy,489,1,9.60842,1,4.57053
A* Oracle,300,Easy,490,1,9.57672,1,4.57047
A* Oracle,300,Easy,491,1,9.57679,1,4.57049
A* Oracle,300,Easy,492,1,9.59901,1,4.5705
A* Oracle,300,Easy,493,1,9.58758,1,4.57047
A* Oracle,300,Easy,494,1,9.60931,1,4.57047
A* Oracle,300,Easy,495,1,9.59616,1,4.57047
A* Oracle,300,Easy,496,1,9.61407,1,4.57046
A* Oracle,300,Easy,497,1,9.60209,1,4.57047
A* Oracle,300,Easy,498,1,9.60733,1,4.57049
A* Oracle,300,Easy,499,1,9.58726,1,4.5705
A* Oracle,300,Easy,500,1,9.58978,1,4.57049
A* Oracle,300,Easy,501,1,9.61418,1,4.57047
A* Oracle,300,Easy,502,1,9.60274,1,4.5705
A* Oracle,300,Easy,503,1,9.59856,1,4.5705
A* Oracle,300,Easy,504,1,9.60139,1,4.57053
A* Oracle,300,Easy,505,1,9.6135,1,4.57053
A* Oracle,300,Easy,506,1,9.60311,1,4.57041
A* Oracle,300,Easy,507,1,9.60352,1,4.57039
A* Oracle,300,Easy,508,2,9.5972,1,4.57031
A* Oracle,300,Easy,509,1,9.59203,1,4.57032
A* Oracle,300,Easy,510,1,9.5948,1,4.57031
A* Oracle,300,Easy,511,3,9.59054,1,4.57027
A* Oracle,300,Easy,512,1,9.6067,1,4.57028
A* Oracle,300,Easy,513,1,9.609,1,4.57028
A* Oracle,300,Easy,514,1,9.61673,1,4.57028
A* Oracle,300,Easy,515,1,9.61392,1,4.57028
A* Oracle,300,Easy,516,1,9.61456,1,4.5703
A* Oracle,300,Easy,517,1,9.61954,1,4.57031
A* Oracle,300,Easy,518,1,9.6156,1,4.57019
A* Oracle,300,Easy,519,1,9.59797,1,4.57019
A* Oracle,300,Easy,520,1,9.5972,1,4.57016
A* Oracle,300,Easy,521,1,9.58854,1,4.57017
A* Oracle,300,Easy,522,1,9.60914,1,4.57017
A* Oracle,300,Easy,523,1,9.59556,1,4.57019
A* Oracle,300,Easy,524,2,9.59775,1,4.5702
A* Oracle,300,Easy,525,1,9.58897,1,4.5702
A* Oracle,300,Easy,526,1,9.62078,1,4.57014
A* Oracle,300,Easy,527,1,9.62137,1,4.57019
A* Oracle,300,Easy,528,1,9.61015,1,4.57008
A* Oracle,300,Easy,529,2,9.60631,1,4.57014
A* Oracle,300,Easy,530,1,9.59612,1,4.57016
A* Oracle,300,Easy,531,1,9.60621,1,4.57017
A* Oracle,300,Easy,532,1,9.61393,1,4.57016
A* Oracle,300,Easy,533,1,9.5983,1,4.57017
A* Oracle,300,Easy,534,3,9.59835,1,4.56977
A* Oracle,300,Easy,535,1,9.59442,1,4.56979
A* Oracle,300,Easy,536,1,9.61301,1,4.5698
A* Oracle,300,Easy,537,1,9.60468,1,4.5698
A* Oracle,300,Easy,538,1,9.6028,1,4.5698
A* Oracle,300,Easy,539,1,9.61589,1,4.56979
A* Oracle,300,Easy,540,1,9.60405,1,4.56979
A* Oracle,300,Easy,541,1,9.61614,1,4.5698
A* Oracle,300,Easy,542,1,9.61611,1,4.56983
A* Oracle,300,Easy,543,1,9.62418,1,4.56986
A* Oracle,300,Easy,544,2,9.61292,1,4.56987
A* Oracle,300,Easy,545,2,9.61095,1,4.56979
A* Oracle,300,Easy,546,3,9.60631,1,4.56972
A* Oracle,300,Easy,547,1,9.60555,1,4.56981
A* Oracle,300,Easy,548,1,9.62271,1,4.56983
A* Oracle,300,Easy,549,1,9.59682,1,4.56979
A* Oracle,300,Easy,550,1,9.6123,1,4.56979
A* Oracle,300,Easy,551,1,9.59431,1,4.56975
A* Oracle,300,Easy,552,1,9.60608,1,4.56973
A* Oracle,300,Easy,553,1,9.60254,1,4.56972
A* Oracle,300,Easy,554,1,9.59505,1,4.56969
A* Oracle,300,Easy,555,1,9.59105,1,4.56968
A* Oracle,300,Easy,556,2,9.59414,1,4.56972
A* Oracle,300,Easy,557,1,9.58495,1,4.56965
A* Oracle,300,Easy,558,1,9.61997,1,4.56966
A* Oracle,300,Easy,559,1,9.61817,1,4.56965
A* Oracle,300,Easy,560,1,9.59616,1,4.56968
A* Oracle,300,Easy,561,1,9.60732,1,4.56965
A* Oracle,300,Easy,562,1,9.5934,1,4.56965
A* Oracle,300,Easy,563,1,9.61649,1,4.56975
A* Oracle,300,Easy,564,1,9.61015,1,4.56976
A* Oracle,300,Easy,565,1,9.6176,1,4.56976
A* Oracle,300,Easy,566,2,9.61557,1,4.56976
A* Oracle,300,Easy,567,1,9.60736,1,4.56973
A* Oracle,300,Easy,568,1,9.6149,1,4.56969
A* Oracle,300,Easy,569,1,9.5952,1,4.56968
A* Oracle,300,Easy,570,1,9.59405,1,4.56969
A* Oracle,300,Easy,571,1,9.61736,1,4.56969
A* Oracle,300,Easy,572,1,9.61557,1,4.56968
A* Oracle,300,Easy,573,1,9.6058,1,4.56968
A* Oracle,300,Easy,574,1,9.6062,1,4.56962
A* Oracle,300,Easy,575,1,9.62675,1,4.56962
A* Oracle,300,Easy,576,1,9.59865,1,4.56955
A* Oracle,300,Easy,577,1,9.62597,1,4.56957
A* Oracle,300,Easy,578,1,9.6313,1,4.56961
A* Oracle,300,Easy,579,1,9.61762,1,4.56959
A* Oracle,300,Easy,580,1,9.62472,1,4.56961
A* Oracle,300,Easy,581,1,9.60278,1,4.56958
A* Oracle,300,Easy,582,1,9.60344,1,4.56958
A* Oracle,300,Easy,583,1,9.62142,1,4.56957
A* Oracle,300,Easy,584,1,9.62078,1,4.56959
A* Oracle,300,Easy,585,1,9.59638,1,4.56962
A* Oracle,300,Easy,586,1,9.60647,1,4.56962
A* Oracle,300,Easy,587,1,9.6156,1,4.56964
A* Oracle,300,Easy,588,1,9.62071,1,4.56964
A* Oracle,300,Easy,589,1,9.62667,1,4.56964
A* Oracle,300,Easy,590,1,9.59831,1,4.56965
A* Oracle,300,Easy,591,1,9.59831,1,4.56968
A* Oracle,300,Easy,592,1,9.60524,1,4.56969
A* Oracle,300,Easy,593,1,9.59088,1,4.56968
A* Oracle,300,Easy,594,1,9.61627,1,4.56968
A* Oracle,300,Easy,595,8,9.61819,1,4.56962
A* Oracle,300,Easy,596,1,9.62386,1,4.56964
A* Oracle,300,Easy,597,1,9.60312,1,4.56961
A* Oracle,300,Easy,598,1,9.62501,1,4.56959
A* Oracle,300,Easy,599,1,9.62952,1,4.56962
A* Oracle,300,Easy,600,1,9.61096,1,4.56964
HierarchySmart,300,Easy,0,0,0,0.989155,6.66997
HierarchySmart,300,Easy,1,1,0.0268007,0.989155,6.66998
HierarchySmart,300,Easy,2,1,3.53249,0.989223,6.64779
HierarchySmart,300,Easy,3,1,1.71211,0.989265,6.64342
HierarchySmart,300,Easy,4,1,0.0142301,0.989251,6.64343
HierarchySmart,300,Easy,5,1,0.00885183,0.989251,6.64322
HierarchySmart,300,Easy,6,1,0.0152457,0.989251,6.64327
HierarchySmart,300,Easy,7,1,0.0106818,0.989237,6.64324
HierarchySmart,300,Easy,8,1,0.0119908,0.989237,6.64327
HierarchySmart,300,Easy,9,1,0.0133014,0.989182,6.64606
HierarchySmart,300,Easy,10,1,0.0336837,0.989182,6.64606
HierarchySmart,300,Easy,11,1,0.0216348,0.989182,6.64616
HierarchySmart,300,Easy,12,1,0.0243483,0.989182,6.64617
HierarchySmart,300,Easy,13,1,0.0128869,0.989168,6.64621
HierarchySmart,300,Easy,14,1,0.0282548,0.989168,6.64624
HierarchySmart,300,Easy,15,1,0.0233692,0.989168,6.64713
HierarchySmart,300,Easy,16,1,0.0163584,0.989168,6.64714
HierarchySmart,300,Easy,17,1,0.013651,0.989168,6.64714
HierarchySmart,300,Easy,18,1,10.6717,0.989609,6.63378
HierarchySmart,300,Easy,19,2,0.0226798,0.989567,6.63382
HierarchySmart,300,Easy,20,1,0.0138668,0.989567,6.63379
HierarchySmart,300,Easy,21,1,2.31583,0.989581,6.62388
HierarchySmart,300,Easy,22,1,1.28087,0.989622,6.61735
HierarchySmart,300,Easy,23,1,0.0263068,0.989581,6.61743
HierarchySmart,300,Easy,24,1,0.0161626,0.989581,6.61741
HierarchySmart,300,Easy,25,1,0.0377728,0.989581,6.61741
HierarchySmart,300,Easy,26,1,3.7815,0.989622,6.6191
HierarchySmart,300,Easy,27,1,0.0108936,0.989622,6.62027
HierarchySmart,300,Easy,28,1,0.0103576,0.989622,6.62028
HierarchySmart,300,Easy,29,1,0.0138281,0.989622,6.62029
HierarchySmart,300,Easy,30,2,0.0298624,0.989622,6.62139
HierarchySmart,300,Easy,31,1,0.0224916,0.989581,6.62149
HierarchySmart,300,Easy,32,1,0.0176894,0.989581,6.62149
HierarchySmart,300,Easy,33,1,0.032282,0.989581,6.62138
HierarchySmart,300,Easy,34,1,0.00915456,0.989581,6.62132
HierarchySmart,300,Easy,35,1,0.0167532,0.989567,6.62134
HierarchySmart,300,Easy,36,1,0.0131923,0.989567,6.62134
HierarchySmart,300,Easy,37,1,0.0168636,0.989306,6.62365
HierarchySmart,300,Easy,38,1,0.0284097,0.989292,6.62373
HierarchySmart,300,Easy,39,1,0.0163611,0.989278,6.62381
HierarchySmart,300,Easy,40,1,0.0153481,0.989278,6.62381
HierarchySmart,300,Easy,41,1,0.0218003,0.989265,6.62375
HierarchySmart,300,Easy,42,1,0.012212,0.989265,6.6237
HierarchySmart,300,Easy,43,2,0.0469311,0.989265,6.62401
HierarchySmart,300,Easy,44,1,0.0384835,0.989278,6.62411
HierarchySmart,300,Easy,45,1,0.016581,0.989278,6.62414
HierarchySmart,300,Easy,46,1,0.0225926,0.989278,6.62414
HierarchySmart,300,Easy,47,6,4.54338,0.989265,6.63072
HierarchySmart,300,Easy,48,1,0.0835428,0.989265,6.63077
HierarchySmart,300,Easy,49,1,0.0257208,0.989265,6.63077
HierarchySmart,300,Easy,50,1,0.0262342,0.989265,6.63079
HierarchySmart,300,Easy,51,1,0.0118745,0.989237,6.6309
HierarchySmart,300,Easy,52,1,0.0129008,0.989251,6.63093
HierarchySmart,300,Easy,53,1,0.00937918,0.989251,6.63091
HierarchySmart,300,Easy,54,1,0.0180601,0.989265,6.63129
HierarchySmart,300,Easy,55,1,0.0207315,0.989237,6.63115
HierarchySmart,300,Easy,56,1,0.0182591,0.989237,6.63117
HierarchySmart,300,Easy,57,1,0.0348848,0.989223,6.6312
HierarchySmart,300,Easy,58,1,0.0234324,0.989141,6.63105
HierarchySmart,300,Easy,59,1,0.0317397,0.989141,6.63118
HierarchySmart,300,Easy,60,1,0.0102481,0.989141,6.63121
HierarchySmart,300,Easy,61,1,4.12547,0.989251,6.6073
HierarchySmart,300,Easy,62,1,0.0290711,0.989251,6.60745
HierarchySmart,300,Easy,63,1,0.040987,0.989099,6.60739
HierarchySmart,300,Easy,64,1,0.0996938,0.989099,6.60742
HierarchySmart,300,Easy,65,1,0.0200156,0.989086,6.60729
HierarchySmart,300,Easy,66,1,0.0130689,0.989086,6.60758
HierarchySmart,300,Easy,67,1,0.114792,0.989086,6.60762
HierarchySmart,300,Easy,68,1,0.026619,0.989086,6.60761
HierarchySmart,300,Easy,69,2,0.0326339,0.989086,6.60829
HierarchySmart,300,Easy,70,1,0.0235568,0.989086,6.60826
HierarchySmart,300,Easy,71,1,0.020649,0.989086,6.60872
HierarchySmart,300,Easy,72,1,0.0133164,0.989086,6.60872
HierarchySmart,300,Easy,73,1,0.0591811,0.989086,6.60873
HierarchySmart,300,Easy,74,1,0.0282218,0.989072,6.6087
HierarchySmart,300,Easy,75,1,0.0599649,0.989072,6.60866
HierarchySmart,300,Easy,76,1,0.0261408,0.989058,6.60861
HierarchySmart,300,Easy,77,1,0.0214195,0.989058,6.60862
HierarchySmart,300,Easy,78,1,0.027563,0.989058,6.60854
HierarchySmart,300,Easy,79,1,0.019642,0.989058,6.60857
HierarchySmart,300,Easy,80,1,1.33462,0.989058,6.60792
HierarchySmart,300,Easy,81,1,0.0351544,0.989058,6.60794
HierarchySmart,300,Easy,82,2,0.0670313,0.989058,6.60801
HierarchySmart,300,Easy,83,1,0.0242001,0.988976,6.60774
HierarchySmart,300,Easy,84,1,0.0181261,0.988962,6.60772
HierarchySmart,300,Easy,85,1,1.50661,0.989017,6.60082
HierarchySmart,300,Easy,86,1,0.0143453,0.989031,6.6007
HierarchySmart,300,Easy,87,1,0.033909,0.989017,6.60095
HierarchySmart,300,Easy,88,1,0.0312395,0.989017,6.60097
HierarchySmart,300,Easy,89,1,0.0127793,0.989017,6.60066
HierarchySmart,300,Easy,90,1,1.71308,0.989031,6.5923
HierarchySmart,300,Easy,91,2,0.0541357,0.989031,6.59251
HierarchySmart,300,Easy,92,1,0.022883,0.989031,6.60544
HierarchySmart,300,Easy,93,2,0.0645211,0.98881,6.60395
HierarchySmart,300,Easy,94,1,0.0373395,0.98881,6.60414
HierarchySmart,300,Easy,95,1,0.0657348,0.98881,6.60418
HierarchySmart,300,Easy,96,1,0.0263241,0.98881,6.60446
HierarchySmart,300,Easy,97,1,0.0494053,0.98881,6.60449
HierarchySmart,300,Easy,98,1,0.0122875,0.98881,6.60448
HierarchySmart,300,Easy,99,1,0.0228083,0.98881,6.6045
HierarchySmart,300,Easy,100,1,0.0401131,0.98793,6.60192
HierarchySmart,300,Easy,101,1,0.0340892,0.98793,6.60195
HierarchySmart,300,Easy,102,1,0.0163625,0.987957,6.60202
HierarchySmart,300,Easy,103,1,0.0159153,0.987943,6.60208
HierarchySmart,300,Easy,104,1,0.0136919,0.987943,6.60212
HierarchySmart,300,Easy,105,1,0.0155005,0.987943,6.60212
HierarchySmart,300,Easy,106,1,0.0283957,0.987943,6.6021
HierarchySmart,300,Easy,107,1,0.0226635,0.987943,6.60203
HierarchySmart,300,Easy,108,1,0.0238245,0.987943,6.60207
HierarchySmart,300,Easy,109,1,0.0212662,0.987943,6.60212
HierarchySmart,300,Easy,110,1,0.0234543,0.987943,6.60216
HierarchySmart,300,Easy,111,1,0.010468,0.987943,6.60219
HierarchySmart,300,Easy,112,1,0.0196146,0.987943,6.60222
HierarchySmart,300,Easy,113,1,0.0194637,0.987943,6.60226
HierarchySmart,300,Easy,114,1,0.0128408,0.987943,6.60232
HierarchySmart,300,Easy,115,1,0.0180388,0.987943,6.60197
HierarchySmart,300,Easy,116,1,0.0383628,0.987943,6.60204
HierarchySmart,300,Easy,117,1,0.012867,0.987943,6.60204
HierarchySmart,300,Easy,118,1,0.017945,0.987943,6.60204
HierarchySmart,300,Easy,119,1,0.114716,0.98793,6.6022
HierarchySmart,300,Easy,120,1,0.0696282,0.98793,6.60219
HierarchySmart,300,Easy,121,1,0.0382888,0.98793,6.60226
HierarchySmart,300,Easy,122,1,0.0177768,0.987916,6.60235
HierarchySmart,300,Easy,123,1,0.0194901,0.987916,6.60314
HierarchySmart,300,Easy,124,1,0.0200851,0.987916,6.60313
HierarchySmart,300,Easy,125,1,0.0159505,0.987916,6.60314
HierarchySmart,300,Easy,126,1,0.0115223,0.987916,6.60314
HierarchySmart,300,Easy,127,1,0.0140129,0.987902,6.60307
HierarchySmart,300,Easy,128,1,0.0220498,0.987902,6.60305
HierarchySmart,300,Easy,129,1,0.0218962,0.987916,6.6031
HierarchySmart,300,Easy,130,1,0.0225366,0.987916,6.60349
HierarchySmart,300,Easy,131,1,0.0120824,0.987902,6.60344
HierarchySmart,300,Easy,132,1,0.0285649,0.987902,6.60346
HierarchySmart,300,Easy,133,1,0.028607,0.987902,6.60346
HierarchySmart,300,Easy,134,1,0.026119,0.987902,6.60407
HierarchySmart,300,Easy,135,1,0.0113752,0.987902,6.60413
HierarchySmart,300,Easy,136,1,0.037089,0.987902,6.60439
HierarchySmart,300,Easy,137,1,1.05781,0.988026,6.59716
HierarchySmart,300,Easy,138,1,0.0224104,0.988026,6.59707
HierarchySmart,300,Easy,139,1,0.0508207,0.988026,6.59799
HierarchySmart,300,Easy,140,1,0.0126585,0.98804,6.59794
HierarchySmart,300,Easy,141,1,2.01737,0.988122,6.59884
HierarchySmart,300,Easy,142,1,0.0183113,0.988122,6.59882
HierarchySmart,300,Easy,143,1,0.075939,0.988122,6.59878
HierarchySmart,300,Easy,144,1,0.020933,0.988122,6.59878
HierarchySmart,300,Easy,145,1,0.0312617,0.988122,6.59793
HierarchySmart,300,Easy,146,1,0.025472,0.988109,6.59796
HierarchySmart,300,Easy,147,1,0.0189413,0.988081,6.59782
HierarchySmart,300,Easy,148,1,1.18393,0.988164,6.58831
HierarchySmart,300,Easy,149,1,0.0282008,0.988164,6.58833
HierarchySmart,300,Easy,150,2,0.0652656,0.988164,6.5883
HierarchySmart,300,Easy,151,1,0.0209692,0.988164,6.58828
HierarchySmart,300,Easy,152,1,1.82516,0.988177,6.58176
HierarchySmart,300,Easy,153,1,7.04005,0.987049,6.58475
HierarchySmart,300,Easy,154,1,0.00817953,0.987035,6.58491
HierarchySmart,300,Easy,155,1,0.0102992,0.987035,6.58488
HierarchySmart,300,Easy,156,1,0.0260311,0.987035,6.5849
HierarchySmart,300,Easy,157,1,0.0124739,0.987035,6.58493
HierarchySmart,300,Easy,158,1,0.0517525,0.987035,6.58514
HierarchySmart,300,Easy,159,1,0.0174972,0.987021,6.58519
HierarchySmart,300,Easy,160,1,0.0204701,0.987021,6.58519
HierarchySmart,300,Easy,161,1,0.0172502,0.987021,6.58521
HierarchySmart,300,Easy,162,1,0.0267564,0.986911,6.5849
HierarchySmart,300,Easy,163,1,0.022156,0.986911,6.5849
HierarchySmart,300,Easy,164,1,0.0238963,0.986911,6.58892
HierarchySmart,300,Easy,165,1,0.0211215,0.986911,6.58892
HierarchySmart,300,Easy,166,1,0.0203,0.986884,6.58884
HierarchySmart,300,Easy,167,1,0.0289784,0.98687,6.58875
HierarchySmart,300,Easy,168,1,0.0431534,0.98687,6.58879
HierarchySmart,300,Easy,169,2,0.0573137,0.98687,6.58926
HierarchySmart,300,Easy,170,1,0.196597,0.98687,6.58924
HierarchySmart,300,Easy,171,1,0.0129885,0.986884,6.5893
HierarchySmart,300,Easy,172,1,0.0477166,0.986884,6.5893
HierarchySmart,300,Easy,173,1,0.0325091,0.986884,6.58933
HierarchySmart,300,Easy,174,1,0.0232305,0.986884,6.58935
HierarchySmart,300,Easy,175,1,0.0172109,0.98687,6.58929
HierarchySmart,300,Easy,176,1,0.0209602,0.98687,6.58928
HierarchySmart,300,Easy,177,1,0.0347147,0.98687,6.59005
HierarchySmart,300,Easy,178,3,1.88293,0.986884,6.58521
HierarchySmart,300,Easy,179,1,0.021411,0.986884,6.58523
HierarchySmart,300,Easy,180,1,0.0501168,0.98676,6.58524
HierarchySmart,300,Easy,181,1,0.0188413,0.98676,6.58528
HierarchySmart,300,Easy,182,1,0.0183782,0.98676,6.58531
HierarchySmart,300,Easy,183,1,0.0177674,0.98676,6.58535
HierarchySmart,300,Easy,184,3,0.107736,0.98676,6.58534
HierarchySmart,300,Easy,185,7,0.180189,0.986746,6.58852
HierarchySmart,300,Easy,186,1,0.977862,0.986801,6.57866
HierarchySmart,300,Easy,187,2,0.0406273,0.986815,6.57884
HierarchySmart,300,Easy,188,1,0.0194398,0.986815,6.57893
HierarchySmart,300,Easy,189,1,0.0184274,0.986815,6.57896
HierarchySmart,300,Easy,190,1,0.0196851,0.986815,6.57896
HierarchySmart,300,Easy,191,1,0.0114448,0.986829,6.57905
HierarchySmart,300,Easy,192,1,2.72272,0.986856,6.57588
HierarchySmart,300,Easy,193,1,0.0284534,0.986829,6.57598
HierarchySmart,300,Easy,194,1,0.0189911,0.986829,6.57601
HierarchySmart,300,Easy,195,1,0.0394869,0.986829,6.576
HierarchySmart,300,Easy,196,1,0.00924448,0.986829,6.57593
HierarchySmart,300,Easy,197,1,0.0197826,0.986829,6.57593
HierarchySmart,300,Easy,198,1,0.0112585,0.986829,6.57594
HierarchySmart,300,Easy,199,1,0.03664,0.986829,6.57584
HierarchySmart,300,Easy,200,1,0.0114314,0.986829,6.57584
HierarchySmart,300,Easy,201,1,0.0186731,0.986815,6.57585
HierarchySmart,300,Easy,202,1,0.0204576,0.986815,6.57582
HierarchySmart,300,Easy,203,1,0.0194682,0.986815,6.57584
HierarchySmart,300,Easy,204,1,0.0350932,0.986829,6.57597
HierarchySmart,300,Easy,205,1,0.0281888,0.986815,6.57601
HierarchySmart,300,Easy,206,1,0.00884885,0.986787,6.57633
HierarchySmart,300,Easy,207,1,0.0293225,0.986787,6.5763
HierarchySmart,300,Easy,208,1,0.0282425,0.986787,6.57631
HierarchySmart,300,Easy,209,1,0.0296307,0.986787,6.57631
HierarchySmart,300,Easy,210,1,0.0284241,0.986787,6.57631
HierarchySmart,300,Easy,211,1,0.0393301,0.986787,6.57633
HierarchySmart,300,Easy,212,1,0.0157888,0.986787,6.57633
HierarchySmart,300,Easy,213,1,0.0124844,0.986787,6.57641
HierarchySmart,300,Easy,214,1,10.9509,0.986856,6.55547
HierarchySmart,300,Easy,215,1,0.013078,0.986856,6.55577
HierarchySmart,300,Easy,216,1,0.015476,0.986856,6.55607
HierarchySmart,300,Easy,217,1,0.0455765,0.986856,6.55605
HierarchySmart,300,Easy,218,2,4.56456,0.987131,6.53218
HierarchySmart,300,Easy,219,1,0.0132568,0.987062,6.53233
HierarchySmart,300,Easy,220,1,0.014011,0.987062,6.53237
HierarchySmart,300,Easy,221,1,0.0158835,0.987062,6.53224
HierarchySmart,300,Easy,222,1,1.30108,0.987104,6.52497
HierarchySmart,300,Easy,223,1,0.0340133,0.987104,6.525
HierarchySmart,300,Easy,224,1,0.0325404,0.986952,6.52373
HierarchySmart,300,Easy,225,1,0.0214129,0.986952,6.52376
HierarchySmart,300,Easy,226,1,2.34358,0.986952,6.52904
HierarchySmart,300,Easy,227,1,0.0131107,0.986966,6.52896
HierarchySmart,300,Easy,228,1,0.0236409,0.986966,6.52899
HierarchySmart,300,Easy,229,1,0.0145607,0.986966,6.52903
HierarchySmart,300,Easy,230,1,0.0111633,0.986884,6.52926
HierarchySmart,300,Easy,231,1,0.0179749,0.986884,6.52933
HierarchySmart,300,Easy,232,1,0.074079,0.986884,6.52933
HierarchySmart,300,Easy,233,1,0.0258006,0.986884,6.52941
HierarchySmart,300,Easy,234,9,0.236749,0.98687,6.53116
HierarchySmart,300,Easy,235,1,0.0163455,0.986787,6.5317
HierarchySmart,300,Easy,236,1,0.0103139,0.986787,6.53174
HierarchySmart,300,Easy,237,1,0.0268768,0.986787,6.53174
HierarchySmart,300,Easy,238,1,0.048759,0.986787,6.53211
HierarchySmart,300,Easy,239,1,0.0578591,0.986787,6.53223
HierarchySmart,300,Easy,240,3,0.0740239,0.986787,6.53221
HierarchySmart,300,Easy,241,1,0.0147428,0.986787,6.53241
HierarchySmart,300,Easy,242,1,0.0189943,0.98676,6.53239
HierarchySmart,300,Easy,243,1,0.017747,0.98676,6.53255
HierarchySmart,300,Easy,244,1,0.0263061,0.98676,6.53266
HierarchySmart,300,Easy,245,1,1.78189,0.986925,6.52532
HierarchySmart,300,Easy,246,1,0.036205,0.986911,6.52528
HierarchySmart,300,Easy,247,1,0.0185529,0.986911,6.52531
HierarchySmart,300,Easy,248,2,0.0633927,0.986897,6.52536
HierarchySmart,300,Easy,249,1,0.0174664,0.986884,6.5252
HierarchySmart,300,Easy,250,1,0.0286911,0.986884,6.52523
HierarchySmart,300,Easy,251,1,0.0277224,0.986884,6.52524
HierarchySmart,300,Easy,252,1,0.013636,0.986801,6.5272
HierarchySmart,300,Easy,253,1,0.0211334,0.986801,6.5272
HierarchySmart,300,Easy,254,1,0.0559229,0.986622,6.52682
HierarchySmart,300,Easy,255,1,0.017301,0.986622,6.52682
HierarchySmart,300,Easy,256,2,0.0598037,0.986608,6.52726
HierarchySmart,300,Easy,257,1,4.61513,0.98676,6.5037
HierarchySmart,300,Easy,258,1,0.00958249,0.98676,6.5037
HierarchySmart,300,Easy,259,2,0.0323536,0.98676,6.50395
HierarchySmart,300,Easy,260,1,0.014347,0.98676,6.50401
HierarchySmart,300,Easy,261,1,0.0256543,0.986746,6.50416
HierarchySmart,300,Easy,262,1,0.01914,0.986746,6.5042
HierarchySmart,300,Easy,263,1,0.0114769,0.986746,6.50421
HierarchySmart,300,Easy,264,1,0.0264807,0.986677,6.50383
HierarchySmart,300,Easy,265,1,0.0172832,0.986622,6.50387
HierarchySmart,300,Easy,266,1,0.0125633,0.986622,6.50391
HierarchySmart,300,Easy,267,1,0.0213632,0.986608,6.50386
HierarchySmart,300,Easy,268,1,0.0205635,0.986608,6.50389
HierarchySmart,300,Easy,269,1,0.0147692,0.986608,6.50391
HierarchySmart,300,Easy,270,1,0.0173125,0.986608,6.50416
HierarchySmart,300,Easy,271,1,0.0169858,0.986608,6.50416
HierarchySmart,300,Easy,272,1,0.0230556,0.986595,6.50411
HierarchySmart,300,Easy,273,1,0.0215198,0.986595,6.50416
HierarchySmart,300,Easy,274,1,0.0132661,0.986595,6.50439
HierarchySmart,300,Easy,275,1,0.0233509,0.986595,6.50435
HierarchySmart,300,Easy,276,1,0.0587079,0.986595,6.50432
HierarchySmart,300,Easy,277,1,0.0107074,0.986595,6.50433
HierarchySmart,300,Easy,278,1,0.028815,0.986595,6.5044
HierarchySmart,300,Easy,279,1,0.0683305,0.986595,6.50453
HierarchySmart,300,Easy,280,3,0.0723958,0.986595,6.50449
HierarchySmart,300,Easy,281,1,0.0235601,0.986361,6.50387
HierarchySmart,300,Easy,282,1,0.0342549,0.986361,6.50392
HierarchySmart,300,Easy,283,2,0.0331684,0.986361,6.50388
HierarchySmart,300,Easy,284,1,0.0155152,0.986361,6.50388
HierarchySmart,300,Easy,285,1,0.0432325,0.986361,6.50395
HierarchySmart,300,Easy,286,1,2.46136,0.986388,6.49657
HierarchySmart,300,Easy,287,1,0.0207199,0.986388,6.49667
HierarchySmart,300,Easy,288,1,0.0142383,0.986388,6.49662
HierarchySmart,300,Easy,289,1,0.0250363,0.986278,6.4959
HierarchySmart,300,Easy,290,1,0.0108954,0.986264,6.49814
HierarchySmart,300,Easy,291,1,0.0139914,0.98625,6.49817
HierarchySmart,300,Easy,292,1,0.0128715,0.98625,6.4982
HierarchySmart,300,Easy,293,1,0.0224169,0.98625,6.49821
HierarchySmart,300,Easy,294,1,0.0294829,0.98625,6.4982
HierarchySmart,300,Easy,295,2,0.124597,0.985879,6.49889
HierarchySmart,300,Easy,296,1,0.0215021,0.985879,6.49886
HierarchySmart,300,Easy,297,1,0.00877819,0.985851,6.49895
HierarchySmart,300,Easy,298,1,0.0207171,0.985851,6.49923
HierarchySmart,300,Easy,299,1,0.0198669,0.985851,6.49971
HierarchySmart,300,Easy,300,1,0.0287387,0.985851,6.49973
HierarchySmart,300,Easy,301,1,0.0196095,0.985851,6.49974
HierarchySmart,300,Easy,302,1,0.0140916,0.985851,6.49974
HierarchySmart,300,Easy,303,1,0.0215794,0.985851,6.50006
HierarchySmart,300,Easy,304,2,0.0273491,0.985851,6.50036
HierarchySmart,300,Easy,305,1,0.0454708,0.985851,6.50036
HierarchySmart,300,Easy,306,1,0.0180125,0.985838,6.50042
HierarchySmart,300,Easy,307,1,0.0278375,0.985838,6.50045
HierarchySmart,300,Easy,308,1,0.0328285,0.985838,6.49973
HierarchySmart,300,Easy,309,1,0.01328,0.985838,6.49971
HierarchySmart,300,Easy,310,1,0.957563,0.985865,6.49912
HierarchySmart,300,Easy,311,1,0.0196988,0.985865,6.51745
HierarchySmart,300,Easy,312,2,0.0325172,0.985838,6.51742
HierarchySmart,300,Easy,313,1,0.0087799,0.985824,6.51747
HierarchySmart,300,Easy,314,1,0.0201838,0.985824,6.51743
HierarchySmart,300,Easy,315,1,0.0126113,0.985838,6.51738
HierarchySmart,300,Easy,316,1,1.0391,0.986058,6.50817
HierarchySmart,300,Easy,317,1,0.034565,0.986058,6.50824
HierarchySmart,300,Easy,318,1,0.022421,0.986058,6.50825
HierarchySmart,300,Easy,319,1,0.0359273,0.986003,6.50845
HierarchySmart,300,Easy,320,2,0.0479196,0.986003,6.5085
HierarchySmart,300,Easy,321,1,0.0167764,0.986003,6.50853
HierarchySmart,300,Easy,322,1,0.0166337,0.986003,6.50847
HierarchySmart,300,Easy,323,1,0.0204142,0.986003,6.50851
HierarchySmart,300,Easy,324,1,0.024515,0.986016,6.50854
HierarchySmart,300,Easy,325,4,0.112214,0.986016,6.50859
HierarchySmart,300,Easy,326,1,0.0504382,0.986016,6.50861
HierarchySmart,300,Easy,327,1,0.0208747,0.986003,6.50861
HierarchySmart,300,Easy,328,1,0.0239232,0.985948,6.50867
HierarchySmart,300,Easy,329,2,0.0822645,0.985948,6.50878
HierarchySmart,300,Easy,330,1,0.0312984,0.985948,6.50881
HierarchySmart,300,Easy,331,1,0.0211695,0.985948,6.50882
HierarchySmart,300,Easy,332,1,0.0210333,0.985796,6.50852
HierarchySmart,300,Easy,333,1,0.00838687,0.985796,6.50851
HierarchySmart,300,Easy,334,1,0.017003,0.985796,6.50876
HierarchySmart,300,Easy,335,1,0.0143812,0.985796,6.50883
HierarchySmart,300,Easy,336,1,0.0159725,0.985838,6.5094
HierarchySmart,300,Easy,337,1,0.0164491,0.985838,6.50926
HierarchySmart,300,Easy,338,1,0.0222887,0.985838,6.50907
HierarchySmart,300,Easy,339,1,0.130061,0.985838,6.5092
HierarchySmart,300,Easy,340,1,0.0218463,0.985851,6.50908
HierarchySmart,300,Easy,341,1,0.00961382,0.985851,6.50908
HierarchySmart,300,Easy,342,1,0.0444216,0.985851,6.50907
HierarchySmart,300,Easy,343,1,0.0171181,0.985851,6.50907
HierarchySmart,300,Easy,344,1,0.024015,0.98581,6.50859
HierarchySmart,300,Easy,345,1,0.0109678,0.98581,6.50852
HierarchySmart,300,Easy,346,1,0.0250109,0.98581,6.50856
HierarchySmart,300,Easy,347,1,0.0141653,0.985865,6.50747
HierarchySmart,300,Easy,348,1,0.0246382,0.985865,6.50745
HierarchySmart,300,Easy,349,1,0.0182047,0.985865,6.50745
HierarchySmart,300,Easy,350,1,0.0382084,0.985865,6.50745
HierarchySmart,300,Easy,351,1,0.017745,0.985865,6.50739
HierarchySmart,300,Easy,352,1,1.48026,0.985934,6.50292
HierarchySmart,300,Easy,353,1,0.0214581,0.985906,6.50279
HierarchySmart,300,Easy,354,1,0.0220361,0.98592,6.50288
HierarchySmart,300,Easy,355,1,0.0340279,0.98592,6.5029
HierarchySmart,300,Easy,356,1,0.017181,0.98592,6.50304
HierarchySmart,300,Easy,357,1,0.0144025,0.98592,6.5031
HierarchySmart,300,Easy,358,1,0.0477689,0.98592,6.5031
HierarchySmart,300,Easy,359,7,0.14602,0.985727,6.50388
HierarchySmart,300,Easy,360,1,0.021787,0.985714,6.50387
HierarchySmart,300,Easy,361,1,0.010938,0.985686,6.50389
HierarchySmart,300,Easy,362,1,0.0133317,0.985686,6.5039
HierarchySmart,300,Easy,363,1,0.0149268,0.985686,6.50407
HierarchySmart,300,Easy,364,1,0.0182049,0.985686,6.50411
HierarchySmart,300,Easy,365,1,0.0181634,0.985672,6.50423
HierarchySmart,300,Easy,366,1,0.0284009,0.985672,6.50659
HierarchySmart,300,Easy,367,1,0.0139709,0.985672,6.50651
HierarchySmart,300,Easy,368,1,0.0216662,0.985672,6.50653
HierarchySmart,300,Easy,369,1,0.0193667,0.985659,6.50654
HierarchySmart,300,Easy,370,1,0.0131086,0.985659,6.50657
HierarchySmart,300,Easy,371,1,0.0451595,0.985659,6.50656
HierarchySmart,300,Easy,372,1,0.0893708,0.985645,6.50654
HierarchySmart,300,Easy,373,1,1.32891,0.985714,6.50071
HierarchySmart,300,Easy,374,1,0.0237329,0.985714,6.50069
HierarchySmart,300,Easy,375,1,0.0231603,0.985714,6.50069
HierarchySmart,300,Easy,376,1,0.0131758,0.985686,6.50066
HierarchySmart,300,Easy,377,1,0.0158462,0.985686,6.50077
HierarchySmart,300,Easy,378,3,0.056349,0.9857,6.50077
HierarchySmart,300,Easy,379,1,0.0217281,0.9857,6.5008
HierarchySmart,300,Easy,380,1,0.0335542,0.9857,6.50082
HierarchySmart,300,Easy,381,1,0.0626849,0.9857,6.50082
HierarchySmart,300,Easy,382,1,0.0225551,0.9857,6.50087
HierarchySmart,300,Easy,383,4,1.7751,0.985672,6.49592
HierarchySmart,300,Easy,384,1,0.0536679,0.985672,6.49592
HierarchySmart,300,Easy,385,3,0.0479956,0.985686,6.49578
HierarchySmart,300,Easy,386,1,0.0213177,0.985686,6.49576
HierarchySmart,300,Easy,387,1,0.0200123,0.985686,6.49576
HierarchySmart,300,Easy,388,1,0.0134615,0.9857,6.4957
HierarchySmart,300,Easy,389,1,0.0229666,0.9857,6.49576
HierarchySmart,300,Easy,390,1,0.0321252,0.9857,6.49577
HierarchySmart,300,Easy,391,1,0.0211208,0.985686,6.4958
HierarchySmart,300,Easy,392,1,0.0191517,0.985686,6.49583
HierarchySmart,300,Easy,393,2,0.0363019,0.985672,6.4961
HierarchySmart,300,Easy,394,1,0.0189962,0.985686,6.49653
HierarchySmart,300,Easy,395,1,0.961225,0.985686,6.49611
HierarchySmart,300,Easy,396,1,0.00878407,0.985686,6.49611
HierarchySmart,300,Easy,397,2,1.74707,0.985741,6.49008
HierarchySmart,300,Easy,398,1,0.0286422,0.985741,6.49008
HierarchySmart,300,Easy,399,1,0.0183708,0.985741,6.49014
HierarchySmart,300,Easy,400,1,0.0164425,0.985741,6.49016
HierarchySmart,300,Easy,401,1,0.00870334,0.985741,6.49022
HierarchySmart,300,Easy,402,1,0.0444276,0.985741,6.49022
HierarchySmart,300,Easy,403,1,0.0172739,0.985741,6.49019
HierarchySmart,300,Easy,404,1,0.0298437,0.985631,6.49106
HierarchySmart,300,Easy,405,1,0.0234768,0.985631,6.49115
HierarchySmart,300,Easy,406,1,0.0233412,0.985631,6.49114
HierarchySmart,300,Easy,407,1,0.0283401,0.985617,6.49113
HierarchySmart,300,Easy,408,1,0.0116428,0.985617,6.49098
HierarchySmart,300,Easy,409,1,0.0272211,0.985617,6.49083
HierarchySmart,300,Easy,410,1,12.3537,0.986003,6.4803
HierarchySmart,300,Easy,411,1,0.015205,0.986003,6.4803
HierarchySmart,300,Easy,412,1,0.0210567,0.985989,6.48032
HierarchySmart,300,Easy,413,1,0.0172891,0.985975,6.48044
HierarchySmart,300,Easy,414,1,0.0170431,0.985975,6.48062
HierarchySmart,300,Easy,415,1,1.58299,0.986085,6.47761
HierarchySmart,300,Easy,416,1,0.0269695,0.986085,6.47763
HierarchySmart,300,Easy,417,1,0.0217383,0.986058,6.47855
HierarchySmart,300,Easy,418,1,1.12064,0.986195,6.47111
HierarchySmart,300,Easy,419,1,0.0179533,0.986195,6.47108
HierarchySmart,300,Easy,420,1,0.0142317,0.986195,6.47107
HierarchySmart,300,Easy,421,1,0.0145339,0.986195,6.47111
HierarchySmart,300,Easy,422,1,0.0133166,0.986195,6.47193
HierarchySmart,300,Easy,423,1,0.0174933,0.986154,6.47202
HierarchySmart,300,Easy,424,1,0.0187575,0.986154,6.47207
HierarchySmart,300,Easy,425,1,0.0195062,0.986127,6.47222
HierarchySmart,300,Easy,426,1,0.0240133,0.986127,6.47223
HierarchySmart,300,Easy,427,2,0.0319783,0.986113,6.47234
HierarchySmart,300,Easy,428,1,0.0181334,0.986058,6.4725
HierarchySmart,300,Easy,429,1,0.0376864,0.986058,6.47256
HierarchySmart,300,Easy,430,1,0.0219701,0.986058,6.47261
HierarchySmart,300,Easy,431,1,0.0173667,0.98592,6.47233
HierarchySmart,300,Easy,432,1,0.0356203,0.98592,6.47233
HierarchySmart,300,Easy,433,1,0.0195148,0.985893,6.47243
HierarchySmart,300,Easy,434,1,0.0225215,0.985893,6.47246
HierarchySmart,300,Easy,435,1,0.0270885,0.985865,6.47251
HierarchySmart,300,Easy,436,1,0.0233238,0.985865,6.47253
HierarchySmart,300,Easy,437,1,0.0210378,0.985755,6.47272
HierarchySmart,300,Easy,438,2,0.0907169,0.984723,6.46413
HierarchySmart,300,Easy,439,1,0.0126825,0.984723,6.46414
HierarchySmart,300,Easy,440,1,0.0172052,0.984723,6.46417
HierarchySmart,300,Easy,441,1,0.035563,0.984723,6.46417
HierarchySmart,300,Easy,442,1,0.0441665,0.984723,6.46421
HierarchySmart,300,Easy,443,1,0.0132771,0.984723,6.46423
HierarchySmart,300,Easy,444,1,0.0208242,0.984709,6.46425
HierarchySmart,300,Easy,445,1,0.0165751,0.984695,6.46418
HierarchySmart,300,Easy,446,1,0.0891931,0.984668,6.46404
HierarchySmart,300,Easy,447,1,0.0246359,0.984668,6.464
HierarchySmart,300,Easy,448,1,0.0245954,0.984668,6.46401
HierarchySmart,300,Easy,449,1,0.021264,0.984668,6.46408
HierarchySmart,300,Easy,450,1,0.0392804,0.98464,6.46392
HierarchySmart,300,Easy,451,2,0.0470484,0.98464,6.46387
HierarchySmart,300,Easy,452,1,0.0226804,0.98464,6.4639
HierarchySmart,300,Easy,453,2,0.0498295,0.98464,6.46386
HierarchySmart,300,Easy,454,1,0.0256003,0.98464,6.46386
HierarchySmart,300,Easy,455,1,0.027913,0.984613,6.46382
HierarchySmart,300,Easy,456,1,0.0264412,0.984613,6.46383
HierarchySmart,300,Easy,457,1,0.0298281,0.984599,6.46377
HierarchySmart,300,Easy,458,1,0.0452819,0.984585,6.46368
HierarchySmart,300,Easy,459,1,0.0125339,0.984585,6.46372
HierarchySmart,300,Easy,460,1,0.018266,0.984585,6.46372
HierarchySmart,300,Easy,461,1,0.0201378,0.984585,6.46509
HierarchySmart,300,Easy,462,1,0.0125058,0.984585,6.46506
HierarchySmart,300,Easy,463,1,1.6273,0.984599,6.46192
HierarchySmart,300,Easy,464,1,0.0229265,0.984599,6.46191
HierarchySmart,300,Easy,465,1,0.0332132,0.984599,6.46194
HierarchySmart,300,Easy,466,1,0.0206073,0.984585,6.46196
HierarchySmart,300,Easy,467,1,0.0362495,0.984599,6.46196
HierarchySmart,300,Easy,468,1,0.0603601,0.984585,6.46196
HierarchySmart,300,Easy,469,1,0.0194804,0.98453,6.46195
HierarchySmart,300,Easy,470,1,0.019336,0.98453,6.462
HierarchySmart,300,Easy,471,1,0.0228927,0.98453,6.462
HierarchySmart,300,Easy,472,1,0.014793,0.98453,6.46201
HierarchySmart,300,Easy,473,1,0.00895278,0.984516,6.46193
HierarchySmart,300,Easy,474,1,0.0136892,0.984503,6.46202
HierarchySmart,300,Easy,475,1,1.51226,0.984626,6.45751
HierarchySmart,300,Easy,476,1,0.0404591,0.984626,6.45749
HierarchySmart,300,Easy,477,1,0.0454818,0.984626,6.45749
HierarchySmart,300,Easy,478,2,0.0432143,0.984626,6.45751
HierarchySmart,300,Easy,479,1,0.0172065,0.984626,6.45745
HierarchySmart,300,Easy,480,1,0.0201546,0.984626,6.45728
HierarchySmart,300,Easy,481,1,0.0219799,0.984626,6.45728
HierarchySmart,300,Easy,482,1,0.0290774,0.984585,6.458
HierarchySmart,300,Easy,483,1,0.0198882,0.984516,6.4623
HierarchySmart,300,Easy,484,1,0.019702,0.984516,6.4623
HierarchySmart,300,Easy,485,2,0.0362462,0.98453,6.46244
HierarchySmart,300,Easy,486,1,0.013831,0.984516,6.46305
HierarchySmart,300,Easy,487,1,0.0273001,0.984516,6.46309
HierarchySmart,300,Easy,488,1,0.0174108,0.984516,6.46319
HierarchySmart,300,Easy,489,1,0.043134,0.984516,6.46329
HierarchySmart,300,Easy,490,1,0.0183309,0.984516,6.46351
HierarchySmart,300,Easy,491,1,0.0284418,0.984516,6.46355
HierarchySmart,300,Easy,492,1,0.0132737,0.984503,6.46353
HierarchySmart,300,Easy,493,1,0.014725,0.984489,6.46347
HierarchySmart,300,Easy,494,1,0.0136244,0.984406,6.46389
HierarchySmart,300,Easy,495,1,0.0158785,0.984406,6.4639
HierarchySmart,300,Easy,496,1,0.0192503,0.984406,6.46389
HierarchySmart,300,Easy,497,1,0.0496809,0.984392,6.46477
HierarchySmart,300,Easy,498,1,0.0265823,0.984392,6.46484
HierarchySmart,300,Easy,499,1,0.0278084,0.984392,6.46486
HierarchySmart,300,Easy,500,1,0.0136903,0.984241,6.46465
HierarchySmart,300,Easy,501,1,0.0399455,0.984241,6.46465
HierarchySmart,300,Easy,502,1,0.0151461,0.984227,6.46489
HierarchySmart,300,Easy,503,1,0.025374,0.984227,6.46502
HierarchySmart,300,Easy,504,1,0.0437845,0.984213,6.46498
HierarchySmart,300,Easy,505,1,10.8129,0.986127,6.39878
HierarchySmart,300,Easy,506,1,0.0230416,0.986127,6.39893
HierarchySmart,300,Easy,507,1,2.98859,0.98614,6.40109
HierarchySmart,300,Easy,508,2,0.0348664,0.986099,6.4009
HierarchySmart,300,Easy,509,1,0.0186842,0.986099,6.40085
HierarchySmart,300,Easy,510,1,0.0214017,0.986085,6.40086
HierarchySmart,300,Easy,511,3,0.0616818,0.986085,6.40122
HierarchySmart,300,Easy,512,1,0.0303284,0.986085,6.40133
HierarchySmart,300,Easy,513,1,0.0201945,0.986099,6.40137
HierarchySmart,300,Easy,514,1,0.0240633,0.986099,6.4014
HierarchySmart,300,Easy,515,1,0.017736,0.986085,6.40136
HierarchySmart,300,Easy,516,1,0.015836,0.986085,6.40145
HierarchySmart,300,Easy,517,1,1.19771,0.986113,6.39415
HierarchySmart,300,Easy,518,1,0.0255145,0.986113,6.39415
HierarchySmart,300,Easy,519,1,0.0290924,0.986113,6.39415
HierarchySmart,300,Easy,520,1,0.0189036,0.986113,6.39415
HierarchySmart,300,Easy,521,1,0.021596,0.986113,6.39418
HierarchySmart,300,Easy,522,1,0.0205689,0.986113,6.39446
HierarchySmart,300,Easy,523,1,0.0243816,0.986113,6.39441
HierarchySmart,300,Easy,524,2,0.026838,0.985961,6.39438
HierarchySmart,300,Easy,525,1,0.021294,0.985961,6.39449
HierarchySmart,300,Easy,526,1,0.0232281,0.985948,6.39444
HierarchySmart,300,Easy,527,1,0.0174037,0.985948,6.39454
HierarchySmart,300,Easy,528,1,0.00851496,0.985934,6.39458
HierarchySmart,300,Easy,529,2,0.0278708,0.98592,6.3947
HierarchySmart,300,Easy,530,1,0.0483363,0.98592,6.39474
HierarchySmart,300,Easy,531,1,0.0188596,0.98592,6.39498
HierarchySmart,300,Easy,532,1,0.0379659,0.98592,6.39499
HierarchySmart,300,Easy,533,1,0.0280515,0.98592,6.39502
HierarchySmart,300,Easy,534,3,0.0649048,0.985906,6.39499
HierarchySmart,300,Easy,535,1,0.0292568,0.985906,6.39522
HierarchySmart,300,Easy,536,1,0.013828,0.985906,6.39524
HierarchySmart,300,Easy,537,1,1.46317,0.98603,6.39205
HierarchySmart,300,Easy,538,1,0.0245124,0.986016,6.39211
HierarchySmart,300,Easy,539,1,0.0352948,0.986016,6.39209
HierarchySmart,300,Easy,540,1,0.0342309,0.986016,6.392
HierarchySmart,300,Easy,541,1,0.031144,0.986016,6.39201
HierarchySmart,300,Easy,542,1,0.0187192,0.986003,6.39202
HierarchySmart,300,Easy,543,1,0.0140951,0.986003,6.39202
HierarchySmart,300,Easy,544,2,0.0367019,0.986003,6.39227
HierarchySmart,300,Easy,545,2,0.0574798,0.985975,6.39257
HierarchySmart,300,Easy,546,3,0.0349066,0.985865,6.3926
HierarchySmart,300,Easy,547,1,0.0334084,0.985838,6.39272
HierarchySmart,300,Easy,548,1,0.0370974,0.985838,6.39272
HierarchySmart,300,Easy,549,1,0.0157697,0.985838,6.39271
HierarchySmart,300,Easy,550,1,0.0181893,0.985838,6.39274
HierarchySmart,300,Easy,551,1,0.0251964,0.985838,6.39274
HierarchySmart,300,Easy,552,1,0.0211184,0.985838,6.39274
HierarchySmart,300,Easy,553,1,0.0393956,0.985838,6.39279
HierarchySmart,300,Easy,554,1,0.0193349,0.985838,6.39257
HierarchySmart,300,Easy,555,1,0.0575153,0.985838,6.39257
HierarchySmart,300,Easy,556,2,0.0520316,0.985769,6.3929
HierarchySmart,300,Easy,557,1,0.0344799,0.985714,6.39277
HierarchySmart,300,Easy,558,1,0.0212271,0.985714,6.39301
HierarchySmart,300,Easy,559,1,0.0207156,0.985714,6.39301
HierarchySmart,300,Easy,560,1,0.0219737,0.985714,6.39301
HierarchySmart,300,Easy,561,1,0.0184724,0.98559,6.39346
HierarchySmart,300,Easy,562,1,0.0173049,0.98559,6.39349
HierarchySmart,300,Easy,563,1,1.6844,0.985604,6.39099
HierarchySmart,300,Easy,564,1,0.0247256,0.98559,6.39102
HierarchySmart,300,Easy,565,1,27.4348,0.991081,6.24911
HierarchySmart,300,Easy,566,2,0.0296292,0.991068,6.24883
HierarchySmart,300,Easy,567,1,0.0141383,0.991068,6.24881
HierarchySmart,300,Easy,568,1,0.0392738,0.991068,6.24886
HierarchySmart,300,Easy,569,1,0.00789401,0.991054,6.24891
HierarchySmart,300,Easy,570,1,0.0104692,0.990985,6.24856
HierarchySmart,300,Easy,571,1,0.0149019,0.990985,6.24858
HierarchySmart,300,Easy,572,1,0.0275722,0.990985,6.24863
HierarchySmart,300,Easy,573,1,0.0202047,0.990971,6.24868
HierarchySmart,300,Easy,574,1,0.0182301,0.990971,6.24866
HierarchySmart,300,Easy,575,1,0.0245316,0.990958,6.24865
HierarchySmart,300,Easy,576,1,0.0416779,0.990958,6.24871
HierarchySmart,300,Easy,577,1,0.0256164,0.990958,6.24899
HierarchySmart,300,Easy,578,1,0.0304678,0.990958,6.24896
HierarchySmart,300,Easy,579,1,1.40506,0.990985,6.24534
HierarchySmart,300,Easy,580,1,0.0418393,0.990985,6.24547
HierarchySmart,300,Easy,581,1,0.0410074,0.990985,6.24556
HierarchySmart,300,Easy,582,1,0.0119751,0.990971,6.24558
HierarchySmart,300,Easy,583,1,0.0141349,0.990971,6.24559
HierarchySmart,300,Easy,584,1,0.0092161,0.990971,6.24565
HierarchySmart,300,Easy,585,1,0.0279405,0.990971,6.24564
HierarchySmart,300,Easy,586,1,0.0172347,0.990971,6.24564
HierarchySmart,300,Easy,587,1,0.0212544,0.990971,6.24568
HierarchySmart,300,Easy,588,1,0.0200018,0.990971,6.24568
HierarchySmart,300,Easy,589,1,0.0169072,0.990971,6.24568
HierarchySmart,300,Easy,590,1,0.0228468,0.99093,6.24569
HierarchySmart,300,Easy,591,1,0.0113408,0.990916,6.24604
HierarchySmart,300,Easy,592,1,0.0179735,0.990916,6.24604
HierarchySmart,300,Easy,593,1,0.0128379,0.990902,6.24604
HierarchySmart,300,Easy,594,1,0.0289959,0.990889,6.246
HierarchySmart,300,Easy,595,8,0.14449,0.990806,6.24751
HierarchySmart,300,Easy,596,1,0.019195,0.990806,6.24757
HierarchySmart,300,Easy,597,1,0.0207384,0.990806,6.24754
HierarchySmart,300,Easy,598,1,0.0639647,0.990806,6.24755
HierarchySmart,300,Easy,599,1,0.0184261,0.990806,6.24758
HierarchySmart,300,Easy,600,1,0.0135105,0.990806,6.2477
A* Static,300,Medium,0,0,0,0.999844,4.65069
A* Static,300,Medium,1,1,0,0.999828,4.65067
A* Static,300,Medium,2,1,0,0.999812,4.65065
A* Static,300,Medium,3,1,0,0.999766,4.65062
A* Static,300,Medium,4,1,0,0.99975,4.65055
A* Static,300,Medium,5,1,0,0.999625,4.6505
A* Static,300,Medium,6,1,0,0.999609,4.65051
A* Static,300,Medium,7,1,0,0.999547,4.65046
A* Static,300,Medium,8,1,0,0.999515,4.65012
A* Static,300,Medium,9,3,0,0.999344,4.65011
A* Static,300,Medium,10,1,0,0.999328,4.65006
A* Static,300,Medium,11,1,0,0.999297,4.65009
A* Static,300,Medium,12,1,0,0.999281,4.65007
A* Static,300,Medium,13,1,0,0.999062,4.64937
A* Static,300,Medium,14,1,0,0.999031,4.64931
A* Static,300,Medium,15,1,0,0.999015,4.64926
A* Static,300,Medium,16,1,0,0.998968,4.64926
A* Static,300,Medium,17,1,0,0.998937,4.64923
A* Static,300,Medium,18,1,0,0.99889,4.64914
A* Static,300,Medium,19,1,0,0.998875,4.64901
A* Static,300,Medium,20,1,0,0.998828,4.64899
A* Static,300,Medium,21,1,0,0.998812,4.64903
A* Static,300,Medium,22,1,0,0.998718,4.64881
A* Static,300,Medium,23,1,0,0.998609,4.64887
A* Static,300,Medium,24,1,0,0.998546,4.64903
A* Static,300,Medium,25,2,0,0.998453,4.64883
A* Static,300,Medium,26,1,0,0.998421,4.64867
A* Static,300,Medium,27,1,0,0.998374,4.64856
A* Static,300,Medium,28,1,0,0.998046,4.64853
A* Static,300,Medium,29,1,0,0.998031,4.64851
A* Static,300,Medium,30,1,0,0.997765,4.64813
A* Static,300,Medium,31,1,0,0.997734,4.64818
A* Static,300,Medium,32,1,0,0.997687,4.64815
A* Static,300,Medium,33,1,0,0.997468,4.64773
A* Static,300,Medium,34,1,0,0.997327,4.64752
A* Static,300,Medium,35,1,0,0.997296,4.64751
A* Static,300,Medium,36,1,0,0.997249,4.64745
A* Static,300,Medium,37,1,0,0.997187,4.64741
A* Static,300,Medium,38,1,0,0.997155,4.64741
A* Static,300,Medium,39,1,0,0.99714,4.64739
A* Static,300,Medium,40,1,0,0.997124,4.6474
A* Static,300,Medium,41,1,0,0.996983,4.64759
A* Static,300,Medium,42,1,0,0.996968,4.64752
A* Static,300,Medium,43,1,0,0.996952,4.64744
A* Static,300,Medium,44,1,0,0.996936,4.6474
A* Static,300,Medium,45,3,0,0.996264,4.64671
A* Static,300,Medium,46,1,0,0.996249,4.6467
A* Static,300,Medium,47,1,0,0.996061,4.64676
A* Static,300,Medium,48,1,0,0.995921,4.6465
A* Static,300,Medium,49,1,0,0.995639,4.64648
A* Static,300,Medium,50,1,0,0.995592,4.6465
A* Static,300,Medium,51,1,0,0.99553,4.6464
A* Static,300,Medium,52,1,0,0.995499,4.6464
A* Static,300,Medium,53,1,0,0.995436,4.64619
A* Static,300,Medium,54,1,0,0.995389,4.64614
A* Static,300,Medium,55,1,0,0.995217,4.64597
A* Static,300,Medium,56,1,0,0.995092,4.64604
A* Static,300,Medium,57,1,0,0.994639,4.64564
A* Static,300,Medium,58,1,0,0.99442,4.64517
A* Static,300,Medium,59,1,0,0.994404,4.64518
A* Static,300,Medium,60,1,0,0.994201,4.64531
A* Static,300,Medium,61,2,0,0.993982,4.64547
A* Static,300,Medium,62,1,0,0.993967,4.64546
A* Static,300,Medium,63,1,0,0.993889,4.6454
A* Static,300,Medium,64,2,0,0.993873,4.64532
A* Static,300,Medium,65,1,0,0.993857,4.6453
A* Static,300,Medium,66,1,0,0.993826,4.64527
A* Static,300,Medium,67,1,0,0.99381,4.64528
A* Static,300,Medium,68,2,0,0.993607,4.64502
A* Static,300,Medium,69,1,0,0.993529,4.64484
A* Static,300,Medium,70,1,0,0.993513,4.64483
A* Static,300,Medium,71,1,0,0.993498,4.64478
A* Static,300,Medium,72,1,0,0.993404,4.64467
A* Static,300,Medium,73,1,0,0.993388,4.64471
A* Static,300,Medium,74,1,0,0.993232,4.64476
A* Static,300,Medium,75,1,0,0.992716,4.64455
A* Static,300,Medium,76,1,0,0.992701,4.64451
A* Static,300,Medium,77,2,0,0.992669,4.6445
A* Static,300,Medium,78,1,0,0.992654,4.64448
A* Static,300,Medium,79,1,0,0.992638,4.64445
A* Static,300,Medium,80,1,0,0.992576,4.64435
A* Static,300,Medium,81,1,0,0.992498,4.6444
A* Static,300,Medium,82,1,0,0.992451,4.64431
A* Static,300,Medium,83,9,0,0.992013,4.64436
A* Static,300,Medium,84,1,0,0.991997,4.64432
A* Static,300,Medium,85,1,0,0.991935,4.64425
A* Static,300,Medium,86,1,0,0.991732,4.6432
A* Static,300,Medium,87,1,0,0.991716,4.64321
A* Static,300,Medium,88,1,0,0.991575,4.64251
A* Static,300,Medium,89,1,0,0.991544,4.64249
A* Static,300,Medium,90,1,0,0.991513,4.64243
A* Static,300,Medium,91,4,0,0.991138,4.64201
A* Static,300,Medium,92,1,0,0.991091,4.64185
A* Static,300,Medium,93,1,0,0.990997,4.64193
A* Static,300,Medium,94,5,0,0.990653,4.6409
A* Static,300,Medium,95,1,0,0.990466,4.64118
A* Static,300,Medium,96,1,0,0.990434,4.6412
A* Static,300,Medium,97,1,0,0.990419,4.64115
A* Static,300,Medium,98,2,0,0.990372,4.64124
A* Static,300,Medium,99,1,0,0.990262,4.64134
A* Static,300,Medium,100,1,0,0.990169,4.64115
A* Static,300,Medium,101,1,0,0.990153,4.64116
A* Static,300,Medium,102,1,0,0.99009,4.64112
A* Static,300,Medium,103,1,0,0.990075,4.64109
A* Static,300,Medium,104,1,0,0.990044,4.64106
A* Static,300,Medium,105,1,0,0.989997,4.64114
A* Static,300,Medium,106,1,0,0.989981,4.64104
A* Static,300,Medium,107,1,0,0.989887,4.64102
A* Static,300,Medium,108,1,0,0.989872,4.64101
A* Static,300,Medium,109,1,0,0.989809,4.64067
A* Static,300,Medium,110,1,0,0.989794,4.64065
A* Static,300,Medium,111,1,0,0.989668,4.6405
A* Static,300,Medium,112,1,0,0.989528,4.64078
A* Static,300,Medium,113,1,0,0.989434,4.64062
A* Static,300,Medium,114,1,0,0.989403,4.64062
A* Static,300,Medium,115,2,0,0.98934,4.6406
A* Static,300,Medium,116,1,0,0.989168,4.64062
A* Static,300,Medium,117,1,0,0.989137,4.64062
A* Static,300,Medium,118,1,0,0.98909,4.64057
A* Static,300,Medium,119,1,0,0.989075,4.64053
A* Static,300,Medium,120,1,0,0.988824,4.64052
A* Static,300,Medium,121,1,0,0.988731,4.64014
A* Static,300,Medium,122,1,0,0.988715,4.64015
A* Static,300,Medium,123,1,0,0.988699,4.6401
A* Static,300,Medium,124,2,0,0.988653,4.64024
A* Static,300,Medium,125,1,0,0.98859,4.64026
A* Static,300,Medium,126,1,0,0.988434,4.64013
A* Static,300,Medium,127,1,0,0.988418,4.64015
A* Static,300,Medium,128,1,0,0.988402,4.64013
A* Static,300,Medium,129,1,0,0.988387,4.64017
A* Static,300,Medium,130,1,0,0.988309,4.6401
A* Static,300,Medium,131,1,0,0.988293,4.64
A* Static,300,Medium,132,1,0,0.988059,4.64004
A* Static,300,Medium,133,1,0,0.988012,4.63994
A* Static,300,Medium,134,1,0,0.987902,4.64008
A* Static,300,Medium,135,2,0,0.98784,4.6401
A* Static,300,Medium,136,1,0,0.987793,4.6398
A* Static,300,Medium,137,1,0,0.987777,4.63984
A* Static,300,Medium,138,1,0,0.987668,4.63964
A* Static,300,Medium,139,1,0,0.987652,4.63967
A* Static,300,Medium,140,1,0,0.987527,4.63959
A* Static,300,Medium,141,1,0,0.987496,4.63956
A* Static,300,Medium,142,1,0,0.987324,4.63958
A* Static,300,Medium,143,1,0,0.987308,4.6394
A* Static,300,Medium,144,1,0,0.987293,4.63943
A* Static,300,Medium,145,1,0,0.987277,4.63944
A* Static,300,Medium,146,1,0,0.987183,4.63943
A* Static,300,Medium,147,1,0,0.987058,4.63893
A* Static,300,Medium,148,1,0,0.987027,4.63896
A* Static,300,Medium,149,1,0,0.987027,4.63896
A* Static,300,Medium,150,1,0,0.986933,4.63912
A* Static,300,Medium,151,1,0,0.986918,4.63904
A* Static,300,Medium,152,1,0,0.986886,4.63901
A* Static,300,Medium,153,1,0,0.986777,4.63876
A* Static,300,Medium,154,1,0,0.986652,4.63875
A* Static,300,Medium,155,1,0,0.986011,4.63772
A* Static,300,Medium,156,1,0,0.985464,4.63685
A* Static,300,Medium,157,1,0,0.985386,4.63662
A* Static,300,Medium,158,2,0,0.98512,4.63676
A* Static,300,Medium,159,1,0,0.985104,4.63672
A* Static,300,Medium,160,1,0,0.985089,4.63667
A* Static,300,Medium,161,1,0,0.985073,4.63663
A* Static,300,Medium,162,1,0,0.985026,4.6362
A* Static,300,Medium,163,1,0,0.98487,4.63635
A* Static,300,Medium,164,1,0,0.984854,4.63625
A* Static,300,Medium,165,1,0,0.984839,4.63623
A* Static,300,Medium,166,1,0,0.984682,4.63607
A* Static,300,Medium,167,1,0,0.984667,4.63599
A* Static,300,Medium,168,1,0,0.984526,4.63619
A* Static,300,Medium,169,2,0,0.984479,4.63622
A* Static,300,Medium,170,1,0,0.984182,4.63557
A* Static,300,Medium,171,1,0,0.984167,4.63558
A* Static,300,Medium,172,1,0,0.984151,4.63556
A* Static,300,Medium,173,1,0,0.98412,4.63547
A* Static,300,Medium,174,1,0,0.984073,4.63536
A* Static,300,Medium,175,1,0,0.983995,4.63539
A* Static,300,Medium,176,1,0,0.983901,4.63516
A* Static,300,Medium,177,1,0,0.983807,4.63497
A* Static,300,Medium,178,1,0,0.98376,4.63481
A* Static,300,Medium,179,1,0,0.983745,4.63477
A* Static,300,Medium,180,1,0,0.983651,4.63458
A* Static,300,Medium,181,1,0,0.983573,4.63436
A* Static,300,Medium,182,1,0,0.983291,4.63292
A* Static,300,Medium,183,1,0,0.983135,4.63266
A* Static,300,Medium,184,1,0,0.983104,4.63247
A* Static,300,Medium,185,1,0,0.983041,4.63243
A* Static,300,Medium,186,1,0,0.983026,4.63241
A* Static,300,Medium,187,1,0,0.982916,4.63176
A* Static,300,Medium,188,1,0,0.982822,4.63198
A* Static,300,Medium,189,1,0,0.982807,4.63194
A* Static,300,Medium,190,1,0,0.982744,4.63187
A* Static,300,Medium,191,1,0,0.982729,4.63182
A* Static,300,Medium,192,1,0,0.982651,4.63182
A* Static,300,Medium,193,1,0,0.982572,4.63179
A* Static,300,Medium,194,1,0,0.982557,4.63175
A* Static,300,Medium,195,1,0,0.982526,4.63173
A* Static,300,Medium,196,2,0,0.982463,4.63172
A* Static,300,Medium,197,1,0,0.982416,4.63161
A* Static,300,Medium,198,1,0,0.982385,4.63164
A* Static,300,Medium,199,1,0,0.982354,4.63165
A* Static,300,Medium,200,1,0,0.981963,4.63104
A* Static,300,Medium,201,1,0,0.981885,4.63109
A* Static,300,Medium,202,1,0,0.981885,4.63109
A* Static,300,Medium,203,1,0,0.981791,4.6305
A* Static,300,Medium,204,1,0,0.981697,4.63043
A* Static,300,Medium,205,1,0,0.981681,4.63044
A* Static,300,Medium,206,1,0,0.981666,4.63048
A* Static,300,Medium,207,1,0,0.981666,4.63048
A* Static,300,Medium,208,1,0,0.981635,4.63033
A* Static,300,Medium,209,1,0,0.981619,4.63032
A* Static,300,Medium,210,1,0,0.981588,4.63015
A* Static,300,Medium,211,1,0,0.981463,4.63037
A* Static,300,Medium,212,1,0,0.981416,4.63007
A* Static,300,Medium,213,1,0,0.9814,4.63008
A* Static,300,Medium,214,1,0,0.981338,4.62996
A* Static,300,Medium,215,1,0,0.981306,4.62987
A* Static,300,Medium,216,1,0,0.981291,4.62986
A* Static,300,Medium,217,1,0,0.981134,4.62982
A* Static,300,Medium,218,1,0,0.980994,4.62964
A* Static,300,Medium,219,1,0,0.980978,4.62963
A* Static,300,Medium,220,1,0,0.980619,4.6299
A* Static,300,Medium,221,1,0,0.980572,4.62972
A* Static,300,Medium,222,1,0,0.98054,4.62966
A* Static,300,Medium,223,1,0,0.980525,4.62959
A* Static,300,Medium,224,1,0,0.980478,4.62954
A* Static,300,Medium,225,1,0,0.98029,4.62939
A* Static,300,Medium,226,1,0,0.980275,4.62941
A* Static,300,Medium,227,1,0,0.980244,4.62947
A* Static,300,Medium,228,1,0,0.979822,4.62947
A* Static,300,Medium,229,1,0,0.97979,4.62941
A* Static,300,Medium,230,1,0,0.979759,4.62919
A* Static,300,Medium,231,1,0,0.979696,4.62896
A* Static,300,Medium,232,1,0,0.979665,4.62874
A* Static,300,Medium,233,1,0,0.978899,4.62768
A* Static,300,Medium,234,2,0,0.978868,4.62773
A* Static,300,Medium,235,1,0,0.978852,4.62769
A* Static,300,Medium,236,1,0,0.978837,4.62762
A* Static,300,Medium,237,1,0,0.97879,4.62777
A* Static,300,Medium,238,1,0,0.97879,4.62777
A* Static,300,Medium,239,1,0,0.978759,4.62771
A* Static,300,Medium,240,2,0,0.978634,4.62734
A* Static,300,Medium,241,2,0,0.978602,4.6273
A* Static,300,Medium,242,1,0,0.978571,4.62728
A* Static,300,Medium,243,2,0,0.978509,4.62732
A* Static,300,Medium,244,1,0,0.978493,4.62729
A* Static,300,Medium,245,1,0,0.978274,4.62632
A* Static,300,Medium,246,1,0,0.978243,4.6263
A* Static,300,Medium,247,1,0,0.978227,4.62631
A* Static,300,Medium,248,1,0,0.978118,4.62575
A* Static,300,Medium,249,1,0,0.978087,4.62582
A* Static,300,Medium,250,1,0,0.978024,4.62537
A* Static,300,Medium,251,1,0,0.978024,4.62537
A* Static,300,Medium,252,1,0,0.977915,4.62529
A* Static,300,Medium,253,1,0,0.977821,4.62498
A* Static,300,Medium,254,1,0,0.97779,4.62496
A* Static,300,Medium,255,1,0,0.97754,4.62496
A* Static,300,Medium,256,1,0,0.977352,4.62424
A* Static,300,Medium,257,1,0,0.977352,4.62424
A* Static,300,Medium,258,1,0,0.977289,4.62424
A* Static,300,Medium,259,2,0,0.977211,4.62411
A* Static,300,Medium,260,1,0,0.977196,4.6241
A* Static,300,Medium,261,1,0,0.977086,4.62409
A* Static,300,Medium,262,1,0,0.977055,4.62394
A* Static,300,Medium,263,1,0,0.977039,4.62388
A* Static,300,Medium,264,1,0,0.976821,4.62396
A* Static,300,Medium,265,1,0,0.976805,4.62397
A* Static,300,Medium,266,1,0,0.976789,4.6239
A* Static,300,Medium,267,1,0,0.976742,4.62379
A* Static,300,Medium,268,1,0,0.976727,4.62384
A* Static,300,Medium,269,2,0,0.976602,4.62372
A* Static,300,Medium,270,2,0,0.976477,4.62357
A* Static,300,Medium,271,3,0,0.97632,4.62319
A* Static,300,Medium,272,1,0,0.976289,4.6231
A* Static,300,Medium,273,1,0,0.976289,4.6231
A* Static,300,Medium,274,1,0,0.976258,4.62301
A* Static,300,Medium,275,1,0,0.976211,4.62284
A* Static,300,Medium,276,1,0,0.975695,4.62266
A* Static,300,Medium,277,5,0,0.975383,4.62262
A* Static,300,Medium,278,1,0,0.975336,4.62257
A* Static,300,Medium,279,1,0,0.97532,4.62258
A* Static,300,Medium,280,1,0,0.975086,4.62267
A* Static,300,Medium,281,1,0,0.975054,4.6227
A* Static,300,Medium,282,4,0,0.974617,4.62178
A* Static,300,Medium,283,1,0,0.974601,4.62179
A* Static,300,Medium,284,1,0,0.974539,4.62181
A* Static,300,Medium,285,1,0,0.974492,4.62171
A* Static,300,Medium,286,1,0,0.974335,4.62186
A* Static,300,Medium,287,1,0,0.97432,4.6219
A* Static,300,Medium,288,5,0,0.974367,4.62189
A* Static,300,Medium,289,1,0,0.974304,4.62183
A* Static,300,Medium,290,1,0,0.974288,4.62181
A* Static,300,Medium,291,1,0,0.974054,4.62204
A* Static,300,Medium,292,1,0,0.974038,4.62204
A* Static,300,Medium,293,1,0,0.974023,4.62192
A* Static,300,Medium,294,1,0,0.973991,4.6217
A* Static,300,Medium,295,1,0,0.973866,4.62155
A* Static,300,Medium,296,1,0,0.973835,4.62165
A* Static,300,Medium,297,1,0,0.97382,4.62163
A* Static,300,Medium,298,1,0,0.973804,4.62154
A* Static,300,Medium,299,1,0,0.973741,4.62131
A* Static,300,Medium,300,1,0,0.973679,4.62108
A* Static,300,Medium,301,1,0,0.973429,4.6208
A* Static,300,Medium,302,1,0,0.973413,4.62081
A* Static,300,Medium,303,1,0,0.973398,4.62082
A* Static,300,Medium,304,1,0,0.973382,4.62085
A* Static,300,Medium,305,1,0,0.973319,4.62068
A* Static,300,Medium,306,1,0,0.973226,4.6205
A* Static,300,Medium,307,1,0,0.97321,4.62044
A* Static,300,Medium,308,1,0,0.973194,4.62039
A* Static,300,Medium,309,1,0,0.973132,4.62024
A* Static,300,Medium,310,1,0,0.973116,4.62015
A* Static,300,Medium,311,1,0,0.973069,4.62013
A* Static,300,Medium,312,1,0,0.973054,4.62008
A* Static,300,Medium,313,1,0,0.972866,4.6192
A* Static,300,Medium,314,3,0,0.972616,4.61925
A* Static,300,Medium,315,1,0,0.9726,4.61924
A* Static,300,Medium,316,2,0,0.972553,4.61927
A* Static,300,Medium,317,1,0,0.972538,4.61925
A* Static,300,Medium,318,1,0,0.972444,4.61889
A* Static,300,Medium,319,1,0,0.972428,4.61885
A* Static,300,Medium,320,1,0,0.972319,4.6186
A* Static,300,Medium,321,1,0,0.972288,4.61857
A* Static,300,Medium,322,1,0,0.972257,4.61834
A* Static,300,Medium,323,1,0,0.972257,4.61834
A* Static,300,Medium,324,1,0,0.972241,4.61831
A* Static,300,Medium,325,1,0,0.972225,4.61826
A* Static,300,Medium,326,1,0,0.972194,4.6183
A* Static,300,Medium,327,1,0,0.972178,4.61824
A* Static,300,Medium,328,1,0,0.971991,4.61823
A* Static,300,Medium,329,1,0,0.971975,4.61821
A* Static,300,Medium,330,1,0,0.971975,4.61821
A* Static,300,Medium,331,1,0,0.97196,4.61822
A* Static,300,Medium,332,1,0,0.971835,4.61819
A* Static,300,Medium,333,1,0,0.971819,4.61821
A* Static,300,Medium,334,1,0,0.971803,4.61821
A* Static,300,Medium,335,1,0,0.971709,4.61831
A* Static,300,Medium,336,1,0,0.971694,4.61829
A* Static,300,Medium,337,1,0,0.971475,4.61834
A* Static,300,Medium,338,1,0,0.971131,4.61822
A* Static,300,Medium,339,1,0,0.971022,4.61767
A* Static,300,Medium,340,1,0,0.970834,4.61757
A* Static,300,Medium,341,1,0,0.970803,4.61754
A* Static,300,Medium,342,1,0,0.970787,4.61753
A* Static,300,Medium,343,1,0,0.970772,4.61756
A* Static,300,Medium,344,1,0,0.970694,4.61743
A* Static,300,Medium,345,1,0,0.970678,4.61743
A* Static,300,Medium,346,1,0,0.970537,4.61631
A* Static,300,Medium,347,1,0,0.970037,4.6146
A* Static,300,Medium,348,4,0,0.969896,4.61428
A* Static,300,Medium,349,5,0,0.969474,4.61429
A* Static,300,Medium,350,4,0,0.969334,4.61386
A* Static,300,Medium,351,1,0,0.969037,4.61213
A* Static,300,Medium,352,1,0,0.969021,4.61211
A* Static,300,Medium,353,1,0,0.969021,4.61211
A* Static,300,Medium,354,2,0,0.968959,4.61205
A* Static,300,Medium,355,1,0,0.968865,4.61208
A* Static,300,Medium,356,1,0,0.968849,4.61204
A* Static,300,Medium,357,1,0,0.968802,4.61209
A* Static,300,Medium,358,2,0,0.968771,4.61214
A* Static,300,Medium,359,1,0,0.96874,4.61221
A* Static,300,Medium,360,1,0,0.968693,4.61201
A* Static,300,Medium,361,1,0,0.968615,4.61129
A* Static,300,Medium,362,1,0,0.968599,4.61122
A* Static,300,Medium,363,1,0,0.96863,4.61123
A* Static,300,Medium,364,1,0,0.968615,4.61117
A* Static,300,Medium,365,1,0,0.968365,4.61022
A* Static,300,Medium,366,1,0,0.968161,4.61036
A* Static,300,Medium,367,1,0,0.968083,4.61041
A* Static,300,Medium,368,1,0,0.968068,4.61039
A* Static,300,Medium,369,1,0,0.968036,4.61046
A* Static,300,Medium,370,1,0,0.968005,4.61027
A* Static,300,Medium,371,1,0,0.967989,4.61029
A* Static,300,Medium,372,1,0,0.967911,4.60991
A* Static,300,Medium,373,2,0,0.967583,4.60963
A* Static,300,Medium,374,1,0,0.967567,4.60956
A* Static,300,Medium,375,1,0,0.967396,4.60897
A* Static,300,Medium,376,1,0,0.967349,4.60874
A* Static,300,Medium,377,1,0,0.967317,4.60871
A* Static,300,Medium,378,1,0,0.967099,4.60901
A* Static,300,Medium,379,1,0,0.966974,4.60904
A* Static,300,Medium,380,1,0,0.966677,4.60883
A* Static,300,Medium,381,1,0,0.966598,4.60887
A* Static,300,Medium,382,1,0,0.966598,4.60889
A* Static,300,Medium,383,1,0,0.966552,4.60886
A* Static,300,Medium,384,1,0,0.966473,4.60897
A* Static,300,Medium,385,1,0,0.966395,4.60895
A* Static,300,Medium,386,1,0,0.96638,4.60898
A* Static,300,Medium,387,1,0,0.96627,4.6091
A* Static,300,Medium,388,1,0,0.966239,4.60913
A* Static,300,Medium,389,1,0,0.966192,4.60911
A* Static,300,Medium,390,1,0,0.966176,4.60908
A* Static,300,Medium,391,1,0,0.966067,4.60908
A* Static,300,Medium,392,1,0,0.965958,4.60878
A* Static,300,Medium,393,1,0,0.965958,4.60878
A* Static,300,Medium,394,1,0,0.965926,4.60878
A* Static,300,Medium,395,1,0,0.965926,4.60878
A* Static,300,Medium,396,1,0,0.965817,4.60869
A* Static,300,Medium,397,1,0,0.965817,4.60869
A* Static,300,Medium,398,1,0,0.965723,4.60868
A* Static,300,Medium,399,1,0,0.965707,4.60866
A* Static,300,Medium,400,1,0,0.965692,4.6086
A* Static,300,Medium,401,1,0,0.965676,4.60858
A* Static,300,Medium,402,1,0,0.965645,4.60855
A* Static,300,Medium,403,1,0,0.965629,4.60853
A* Static,300,Medium,404,1,0,0.965598,4.60837
A* Static,300,Medium,405,1,0,0.965489,4.60778
A* Static,300,Medium,406,1,0,0.965348,4.60787
A* Static,300,Medium,407,1,0,0.965332,4.60789
A* Static,300,Medium,408,1,0,0.965254,4.6078
A* Static,300,Medium,409,1,0,0.965239,4.60777
A* Static,300,Medium,410,1,0,0.965223,4.60772
A* Static,300,Medium,411,1,0,0.965176,4.60737
A* Static,300,Medium,412,1,0,0.964754,4.60647
A* Static,300,Medium,413,1,0,0.964629,4.60628
A* Static,300,Medium,414,1,0,0.964629,4.60628
A* Static,300,Medium,415,1,0,0.964613,4.6063
A* Static,300,Medium,416,1,0,0.964254,4.60629
A* Static,300,Medium,417,1,0,0.964285,4.60641
A* Static,300,Medium,418,1,0,0.964238,4.60634
A* Static,300,Medium,419,1,0,0.964176,4.60619
A* Static,300,Medium,420,1,0,0.964066,4.60613
A* Static,300,Medium,421,1,0,0.964004,4.60576
A* Static,300,Medium,422,1,0,0.963973,4.60583
A* Static,300,Medium,423,1,0,0.963941,4.6059
A* Static,300,Medium,424,1,0,0.963926,4.60591
A* Static,300,Medium,425,1,0,0.963879,4.60587
A* Static,300,Medium,426,1,0,0.963832,4.6059
A* Static,300,Medium,427,1,0,0.963769,4.60596
A* Static,300,Medium,428,1,0,0.963738,4.60596
A* Static,300,Medium,429,1,0,0.963691,4.60589
A* Static,300,Medium,430,1,0,0.963644,4.60563
A* Static,300,Medium,431,1,0,0.963457,4.60455
A* Static,300,Medium,432,1,0,0.963425,4.60449
A* Static,300,Medium,433,1,0,0.96341,4.6045
A* Static,300,Medium,434,1,0,0.963254,4.60414
A* Static,300,Medium,435,1,0,0.963207,4.6042
A* Static,300,Medium,436,3,0,0.962581,4.60247
A* Static,300,Medium,437,1,0,0.961941,4.60162
A* Static,300,Medium,438,1,0,0.961925,4.60155
A* Static,300,Medium,439,1,0,0.961691,4.60169
A* Static,300,Medium,440,1,0,0.961675,4.60175
A* Static,300,Medium,441,1,0,0.961612,4.60171
A* Static,300,Medium,442,1,0,0.961597,4.60167
A* Static,300,Medium,443,1,0,0.961581,4.60168
A* Static,300,Medium,444,1,0,0.961566,4.60169
A* Static,300,Medium,445,1,0,0.961534,4.60166
A* Static,300,Medium,446,1,0,0.961128,4.60092
A* Static,300,Medium,447,1,0,0.961081,4.60081
A* Static,300,Medium,448,1,0,0.961065,4.60067
A* Static,300,Medium,449,1,0,0.96105,4.60066
A* Static,300,Medium,450,1,0,0.961034,4.60067
A* Static,300,Medium,451,1,0,0.961003,4.60051
A* Static,300,Medium,452,1,0,0.960972,4.60048
A* Static,300,Medium,453,1,0,0.960956,4.60045
A* Static,300,Medium,454,3,0,0.960815,4.60061
A* Static,300,Medium,455,2,0,0.960753,4.60048
A* Static,300,Medium,456,1,0,0.96069,4.6002
A* Static,300,Medium,457,3,0,0.960425,4.59974
A* Static,300,Medium,458,1,0,0.960346,4.59951
A* Static,300,Medium,459,1,0,0.960221,4.59947
A* Static,300,Medium,460,1,0,0.960065,4.59952
A* Static,300,Medium,461,1,0,0.959987,4.59936
A* Static,300,Medium,462,1,0,0.959627,4.59926
A* Static,300,Medium,463,1,0,0.959518,4.59933
A* Static,300,Medium,464,1,0,0.959268,4.59955
A* Static,300,Medium,465,1,0,0.959237,4.59952
A* Static,300,Medium,466,1,0,0.959221,4.59953
A* Static,300,Medium,467,1,0,0.959205,4.59954
A* Static,300,Medium,468,1,0,0.959143,4.59948
A* Static,300,Medium,469,1,0,0.959127,4.59944
A* Static,300,Medium,470,1,0,0.959112,4.5995
A* Static,300,Medium,471,3,0,0.958908,4.59928
A* Static,300,Medium,472,1,0,0.958705,4.59874
A* Static,300,Medium,473,1,0,0.95869,4.59872
A* Static,300,Medium,474,1,0,0.958674,4.59871
A* Static,300,Medium,475,1,0,0.958643,4.59862
A* Static,300,Medium,476,1,0,0.958596,4.59865
A* Static,300,Medium,477,4,0,0.958393,4.59837
A* Static,300,Medium,478,2,0,0.958268,4.5982
A* Static,300,Medium,479,1,0,0.958189,4.59828
A* Static,300,Medium,480,1,0,0.958143,4.59836
A* Static,300,Medium,481,1,0,0.958002,4.59819
A* Static,300,Medium,482,1,0,0.957986,4.59805
A* Static,300,Medium,483,1,0,0.957877,4.59825
A* Static,300,Medium,484,1,0,0.957861,4.59818
A* Static,300,Medium,485,1,0,0.957424,4.59701
A* Static,300,Medium,486,1,0,0.95733,4.5966
A* Static,300,Medium,487,1,0,0.957298,4.59654
A* Static,300,Medium,488,6,0,0.956892,4.59627
A* Static,300,Medium,489,1,0,0.956876,4.59626
A* Static,300,Medium,490,1,0,0.956783,4.59629
A* Static,300,Medium,491,5,0,0.956626,4.59604
A* Static,300,Medium,492,9,0,0.955861,4.59464
A* Static,300,Medium,493,1,0,0.955767,4.59471
A* Static,300,Medium,494,1,0,0.955735,4.59455
A* Static,300,Medium,495,1,0,0.95561,4.59429
A* Static,300,Medium,496,1,0,0.955532,4.59425
A* Static,300,Medium,497,1,0,0.955485,4.59381
A* Static,300,Medium,498,1,0,0.95547,4.59377
A* Static,300,Medium,499,2,0,0.955407,4.59376
A* Static,300,Medium,500,1,0,0.955313,4.59364
A* Static,300,Medium,501,1,0,0.955235,4.59344
A* Static,300,Medium,502,1,0,0.95522,4.59343
A* Static,300,Medium,503,1,0,0.955204,4.59333
A* Static,300,Medium,504,1,0,0.955173,4.5934
A* Static,300,Medium,505,4,0,0.954923,4.59226
A* Static,300,Medium,506,1,0,0.954907,4.59222
A* Static,300,Medium,507,1,0,0.954891,4.59226
A* Static,300,Medium,508,1,0,0.954782,4.59233
A* Static,300,Medium,509,1,0,0.954766,4.59237
A* Static,300,Medium,510,1,0,0.954766,4.59237
A* Static,300,Medium,511,1,0,0.954751,4.59238
A* Static,300,Medium,512,1,0,0.954579,4.59226
A* Static,300,Medium,513,1,0,0.954423,4.59144
A* Static,300,Medium,514,1,0,0.954282,4.59161
A* Static,300,Medium,515,1,0,0.954251,4.59168
A* Static,300,Medium,516,1,0,0.954204,4.59144
A* Static,300,Medium,517,1,0,0.954016,4.59013
A* Static,300,Medium,518,1,0,0.954001,4.59013
A* Static,300,Medium,519,1,0,0.953985,4.5901
A* Static,300,Medium,520,3,0,0.953922,4.59
A* Static,300,Medium,521,1,0,0.953891,4.59003
A* Static,300,Medium,522,1,0,0.953782,4.59008
A* Static,300,Medium,523,1,0,0.953782,4.59008
A* Static,300,Medium,524,1,0,0.953735,4.59018
A* Static,300,Medium,525,1,0,0.953704,4.59018
A* Static,300,Medium,526,1,0,0.953704,4.59018
A* Static,300,Medium,527,1,0,0.953688,4.59012
A* Static,300,Medium,528,1,0,0.953594,4.58987
A* Static,300,Medium,529,1,0,0.9535,4.58931
A* Static,300,Medium,530,1,0,0.953453,4.58933
A* Static,300,Medium,531,1,0,0.953438,4.58933
A* Static,300,Medium,532,1,0,0.953422,4.58935
A* Static,300,Medium,533,1,0,0.95336,4.58939
A* Static,300,Medium,534,1,0,0.95325,4.58849
A* Static,300,Medium,535,1,0,0.95325,4.58849
A* Static,300,Medium,536,1,0,0.953235,4.58849
A* Static,300,Medium,537,1,0,0.953188,4.58852
A* Static,300,Medium,538,1,0,0.953157,4.58852
A* Static,300,Medium,539,1,0,0.953047,4.58862
A* Static,300,Medium,540,1,0,0.953031,4.58864
A* Static,300,Medium,541,1,0,0.953047,4.58862
A* Static,300,Medium,542,1,0,0.953,4.58842
A* Static,300,Medium,543,1,0,0.952985,4.58833
A* Static,300,Medium,544,1,0,0.952922,4.5882
A* Static,300,Medium,545,1,0,0.952906,4.58821
A* Static,300,Medium,546,1,0,0.952891,4.58817
A* Static,300,Medium,547,9,0,0.952547,4.5883
A* Static,300,Medium,548,1,0,0.952438,4.58796
A* Static,300,Medium,549,1,0,0.952312,4.58805
A* Static,300,Medium,550,1,0,0.952297,4.58806
A* Static,300,Medium,551,1,0,0.952,4.58736
A* Static,300,Medium,552,1,0,0.951828,4.58568
A* Static,300,Medium,553,2,0,0.951734,4.58564
A* Static,300,Medium,554,1,0,0.951719,4.58566
A* Static,300,Medium,555,1,0,0.951687,4.58567
A* Static,300,Medium,556,1,0,0.951656,4.58573
A* Static,300,Medium,557,2,0,0.951578,4.58558
A* Static,300,Medium,558,1,0,0.951562,4.58553
A* Static,300,Medium,559,1,0,0.951531,4.58553
A* Static,300,Medium,560,2,0,0.951203,4.58486
A* Static,300,Medium,561,3,0,0.950937,4.58471
A* Static,300,Medium,562,1,0,0.950796,4.58457
A* Static,300,Medium,563,1,0,0.950781,4.58456
A* Static,300,Medium,564,1,0,0.950749,4.58455
A* Static,300,Medium,565,1,0,0.950703,4.58435
A* Static,300,Medium,566,1,0,0.950687,4.58434
A* Static,300,Medium,567,1,0,0.950671,4.58435
A* Static,300,Medium,568,1,0,0.95064,4.58432
A* Static,300,Medium,569,1,0,0.950593,4.58405
A* Static,300,Medium,570,1,0,0.950578,4.58406
A* Static,300,Medium,571,1,0,0.950562,4.58406
A* Static,300,Medium,572,1,0,0.950452,4.58422
A* Static,300,Medium,573,1,0,0.950249,4.5843
A* Static,300,Medium,574,1,0,0.950234,4.58432
A* Static,300,Medium,575,1,0,0.949765,4.58361
A* Static,300,Medium,576,1,0,0.949734,4.58361
A* Static,300,Medium,577,1,0,0.949624,4.58343
A* Static,300,Medium,578,1,0,0.949421,4.5831
A* Static,300,Medium,579,1,0,0.949405,4.58307
A* Static,300,Medium,580,1,0,0.94939,4.58312
A* Static,300,Medium,581,1,0,0.949249,4.58281
A* Static,300,Medium,582,1,0,0.949233,4.58282
A* Static,300,Medium,583,1,0,0.949202,4.58282
A* Static,300,Medium,584,1,0,0.949171,4.58284
A* Static,300,Medium,585,1,0,0.949155,4.58283
A* Static,300,Medium,586,1,0,0.948983,4.58312
A* Static,300,Medium,587,1,0,0.948936,4.58287
A* Static,300,Medium,588,2,0,0.948843,4.58269
A* Static,300,Medium,589,1,0,0.948671,4.58254
A* Static,300,Medium,590,1,0,0.948608,4.58261
A* Static,300,Medium,591,1,0,0.948327,4.58266
A* Static,300,Medium,592,1,0,0.948311,4.58266
A* Static,300,Medium,593,1,0,0.948296,4.58262
A* Static,300,Medium,594,2,0,0.948249,4.58261
A* Static,300,Medium,595,1,0,0.948249,4.58261
A* Static,300,Medium,596,2,0,0.948108,4.58219
A* Static,300,Medium,597,1,0,0.948061,4.58209
A* Static,300,Medium,598,1,0,0.948045,4.58203
A* Static,300,Medium,599,1,0,0.94803,4.58202
A* Static,300,Medium,600,1,0,0.947936,4.58205
A* Oracle,300,Medium,0,0,0,0.999844,4.65069
A* Oracle,300,Medium,1,1,6.6844,0.999844,4.65069
A* Oracle,300,Medium,2,1,6.69583,0.999844,4.65067
A* Oracle,300,Medium,3,1,6.71186,0.999844,4.65067
A* Oracle,300,Medium,4,1,6.72951,0.999844,4.65067
A* Oracle,300,Medium,5,1,6.73194,0.999844,4.65074
A* Oracle,300,Medium,6,1,6.73817,0.999844,4.65069
A* Oracle,300,Medium,7,1,6.75949,0.999844,4.65069
A* Oracle,300,Medium,8,1,6.75857,0.999844,4.65071
A* Oracle,300,Medium,9,3,6.75899,0.999844,4.65052
A* Oracle,300,Medium,10,1,6.75909,0.999844,4.6505
A* Oracle,300,Medium,11,1,6.76386,0.999844,4.6505
A* Oracle,300,Medium,12,1,6.7741,0.999844,4.65047
A* Oracle,300,Medium,13,1,6.76816,0.999844,4.65049
A* Oracle,300,Medium,14,1,6.7766,0.999844,4.6505
A* Oracle,300,Medium,15,1,6.76416,0.999844,4.6505
A* Oracle,300,Medium,16,1,6.76947,0.999844,4.6505
A* Oracle,300,Medium,17,1,6.77021,0.999844,4.6505
A* Oracle,300,Medium,18,1,6.7651,0.999844,4.65049
A* Oracle,300,Medium,19,1,6.77334,0.999844,4.6505
A* Oracle,300,Medium,20,1,6.76971,0.999844,4.65052
A* Oracle,300,Medium,21,1,6.75992,0.999844,4.65052
A* Oracle,300,Medium,22,1,6.76548,0.999844,4.65049
A* Oracle,300,Medium,23,1,6.76608,0.999844,4.65047
A* Oracle,300,Medium,24,1,6.77411,0.999844,4.65053
A* Oracle,300,Medium,25,2,6.76989,0.999844,4.65055
A* Oracle,300,Medium,26,1,6.76414,0.999844,4.65053
A* Oracle,300,Medium,27,1,6.76395,0.999844,4.65057
A* Oracle,300,Medium,28,1,6.76582,0.999844,4.65083
A* Oracle,300,Medium,29,1,6.75647,0.999844,4.65083
A* Oracle,300,Medium,30,1,6.78057,0.999844,4.65078
A* Oracle,300,Medium,31,1,6.78157,0.999844,4.6508
A* Oracle,300,Medium,32,1,6.76683,0.999844,4.6508
A* Oracle,300,Medium,33,1,6.78563,0.999844,4.6508
A* Oracle,300,Medium,34,1,6.75824,0.999844,4.65083
A* Oracle,300,Medium,35,1,6.785,0.999844,4.65085
A* Oracle,300,Medium,36,1,6.76212,0.999844,4.65086
A* Oracle,300,Medium,37,1,6.75876,0.999844,4.65089
A* Oracle,300,Medium,38,1,6.75689,0.999844,4.65086
A* Oracle,300,Medium,39,1,6.77449,0.999844,4.65088
A* Oracle,300,Medium,40,1,6.77286,0.999844,4.65086
A* Oracle,300,Medium,41,1,6.78255,0.999844,4.65105
A* Oracle,300,Medium,42,1,6.76204,0.999844,4.65105
A* Oracle,300,Medium,43,1,6.77435,0.999844,4.65103
A* Oracle,300,Medium,44,1,6.77978,0.999844,4.65105
A* Oracle,300,Medium,45,3,6.77956,0.999844,4.65117
A* Oracle,300,Medium,46,1,6.77457,0.999844,4.65119
A* Oracle,300,Medium,47,1,6.76472,0.999844,4.65116
A* Oracle,300,Medium,48,1,6.75822,0.999844,4.65114
A* Oracle,300,Medium,49,1,6.77054,0.999844,4.65146
A* Oracle,300,Medium,50,1,6.75374,0.999844,4.65146
A* Oracle,300,Medium,51,1,6.7588,0.999844,4.65152
A* Oracle,300,Medium,52,1,6.76873,0.999844,4.65155
A* Oracle,300,Medium,53,1,6.76289,0.999844,4.65157
A* Oracle,300,Medium,54,1,6.77801,0.999844,4.65157
A* Oracle,300,Medium,55,1,6.75521,0.999844,4.65157
A* Oracle,300,Medium,56,1,6.77263,0.999844,4.65157
A* Oracle,300,Medium,57,1,6.76379,0.999844,4.65185
A* Oracle,300,Medium,58,1,6.76087,0.999844,4.65185
A* Oracle,300,Medium,59,1,6.75649,0.999844,4.65186
A* Oracle,300,Medium,60,1,6.76996,0.999844,4.652
A* Oracle,300,Medium,61,2,6.78416,0.999844,4.652
A* Oracle,300,Medium,62,1,6.7565,0.999844,4.652
A* Oracle,300,Medium,63,1,6.7578,0.999844,4.65205
A* Oracle,300,Medium,64,2,6.7656,0.999844,4.65203
A* Oracle,300,Medium,65,1,6.76394,0.999844,4.65202
A* Oracle,300,Medium,66,1,6.75536,0.999844,4.65202
A* Oracle,300,Medium,67,1,6.75586,0.999844,4.65202
A* Oracle,300,Medium,68,2,6.7776,0.999844,4.65205
A* Oracle,300,Medium,69,1,6.75577,0.999844,4.65208
A* Oracle,300,Medium,70,1,6.77274,0.999844,4.65208
A* Oracle,300,Medium,71,1,6.79043,0.999844,4.6521
A* Oracle,300,Medium,72,1,6.77143,0.999844,4.65211
A* Oracle,300,Medium,73,1,6.76757,0.999844,4.6521
A* Oracle,300,Medium,74,1,6.76834,0.999844,4.65199
A* Oracle,300,Medium,75,1,6.77057,0.999844,4.65218
A* Oracle,300,Medium,76,1,6.77036,0.999844,4.65216
A* Oracle,300,Medium,77,2,6.77017,0.999844,4.65218
A* Oracle,300,Medium,78,1,6.7654,0.999844,4.65211
A* Oracle,300,Medium,79,1,6.76961,0.999844,4.65213
A* Oracle,300,Medium,80,1,6.76797,0.999844,4.65213
A* Oracle,300,Medium,81,1,6.75844,0.999844,4.65214
A* Oracle,300,Medium,82,1,6.76798,0.999844,4.65218
A* Oracle,300,Medium,83,9,6.76856,0.999844,4.65203
A* Oracle,300,Medium,84,1,6.76749,0.999844,4.65203
A* Oracle,300,Medium,85,1,6.75714,0.999844,4.65203
A* Oracle,300,Medium,86,1,6.77527,0.999844,4.6521
A* Oracle,300,Medium,87,1,6.77321,0.999844,4.6521
A* Oracle,300,Medium,88,1,6.77303,0.999844,4.65208
A* Oracle,300,Medium,89,1,6.77283,0.999844,4.65208
A* Oracle,300,Medium,90,1,6.77571,0.999844,4.65207
A* Oracle,300,Medium,91,4,6.7667,0.999844,4.6521
A* Oracle,300,Medium,92,1,6.78482,0.999844,4.6521
A* Oracle,300,Medium,93,1,6.7653,0.999844,4.65213
A* Oracle,300,Medium,94,5,6.76092,0.999844,4.65196
A* Oracle,300,Medium,95,1,6.77558,0.999844,4.65205
A* Oracle,300,Medium,96,1,6.77104,0.999844,4.65207
A* Oracle,300,Medium,97,1,6.76584,0.999844,4.65205
A* Oracle,300,Medium,98,2,6.7682,0.999844,4.652
A* Oracle,300,Medium,99,1,6.77765,0.999844,4.65202
A* Oracle,300,Medium,100,1,6.76189,0.999844,4.65219
A* Oracle,300,Medium,101,1,6.77254,0.999844,4.65219
A* Oracle,300,Medium,102,1,6.77919,0.999844,4.65225
A* Oracle,300,Medium,103,1,6.76219,0.999844,4.65227
A* Oracle,300,Medium,104,1,6.76395,0.999844,4.6523
A* Oracle,300,Medium,105,1,6.77348,0.999844,4.65232
A* Oracle,300,Medium,106,1,6.7652,0.999844,4.6523
A* Oracle,300,Medium,107,1,6.77546,0.999844,4.65235
A* Oracle,300,Medium,108,1,6.77665,0.999844,4.65236
A* Oracle,300,Medium,109,1,6.76573,0.999844,4.65236
A* Oracle,300,Medium,110,1,6.77852,0.999844,4.65238
A* Oracle,300,Medium,111,1,6.77559,0.999844,4.65247
A* Oracle,300,Medium,112,1,6.78211,0.999844,4.65253
A* Oracle,300,Medium,113,1,6.7793,0.999844,4.65255
A* Oracle,300,Medium,114,1,6.76777,0.999844,4.65255
A* Oracle,300,Medium,115,2,6.77086,0.999844,4.6526
A* Oracle,300,Medium,116,1,6.76579,0.999844,4.65264
A* Oracle,300,Medium,117,1,6.77496,0.999844,4.65266
A* Oracle,300,Medium,118,1,6.76619,0.999844,4.65266
A* Oracle,300,Medium,119,1,6.7773,0.999844,4.65264
A* Oracle,300,Medium,120,1,6.78043,0.999844,4.65274
A* Oracle,300,Medium,121,1,6.77187,0.999844,4.65271
A* Oracle,300,Medium,122,1,6.77296,0.999844,4.65271
A* Oracle,300,Medium,123,1,6.77399,0.999844,4.65271
A* Oracle,300,Medium,124,2,6.78342,0.999844,4.65269
A* Oracle,300,Medium,125,1,6.77946,0.999844,4.65271
A* Oracle,300,Medium,126,1,6.77273,0.999844,4.65275
A* Oracle,300,Medium,127,1,6.78364,0.999844,4.65275
A* Oracle,300,Medium,128,1,6.7756,0.999844,4.65277
A* Oracle,300,Medium,129,1,6.76903,0.999844,4.65275
A* Oracle,300,Medium,130,1,6.78301,0.999844,4.65274
A* Oracle,300,Medium,131,1,6.76643,0.999844,4.65272
A* Oracle,300,Medium,132,1,6.77549,0.999844,4.65272
A* Oracle,300,Medium,133,1,6.79162,0.999844,4.65271
A* Oracle,300,Medium,134,1,6.76853,0.999844,4.65272
A* Oracle,300,Medium,135,2,6.77477,0.999844,4.65271
A* Oracle,300,Medium,136,1,6.76926,0.999844,4.65264
A* Oracle,300,Medium,137,1,6.77618,0.999844,4.65264
A* Oracle,300,Medium,138,1,6.78051,0.999844,4.65272
A* Oracle,300,Medium,139,1,6.79201,0.999844,4.65271
A* Oracle,300,Medium,140,1,6.78771,0.999844,4.65272
A* Oracle,300,Medium,141,1,6.76383,0.999844,4.65272
A* Oracle,300,Medium,142,1,6.7818,0.999844,4.65278
A* Oracle,300,Medium,143,1,6.77884,0.999844,4.65277
A* Oracle,300,Medium,144,1,6.7683,0.999844,4.65277
A* Oracle,300,Medium,145,1,6.77525,0.999844,4.65277
A* Oracle,300,Medium,146,1,6.77547,0.999844,4.6528
A* Oracle,300,Medium,147,1,6.78056,0.999844,4.65294
A* Oracle,300,Medium,148,1,6.76386,0.999844,4.65291
A* Oracle,300,Medium,149,1,6.76686,0.999844,4.65291
A* Oracle,300,Medium,150,1,6.76395,0.999844,4.65282
A* Oracle,300,Medium,151,1,6.76387,0.999844,4.65282
A* Oracle,300,Medium,152,1,6.76969,0.999844,4.65283
A* Oracle,300,Medium,153,1,6.77427,0.999844,4.65286
A* Oracle,300,Medium,154,1,6.7792,0.999844,4.6528
A* Oracle,300,Medium,155,1,6.76619,0.999844,4.65197
A* Oracle,300,Medium,156,1,6.77692,0.999844,4.65243
A* Oracle,300,Medium,157,1,6.78007,0.999844,4.65238
A* Oracle,300,Medium,158,2,6.7694,0.999844,4.65244
A* Oracle,300,Medium,159,1,6.77139,0.999844,4.65243
A* Oracle,300,Medium,160,1,6.77529,0.999844,4.65241
A* Oracle,300,Medium,161,1,6.77396,0.999844,4.65239
A* Oracle,300,Medium,162,1,6.77701,0.999844,4.65236
A* Oracle,300,Medium,163,1,6.78137,0.999844,4.65233
A* Oracle,300,Medium,164,1,6.777,0.999844,4.65227
A* Oracle,300,Medium,165,1,6.77827,0.999844,4.65225
A* Oracle,300,Medium,166,1,6.77492,0.999844,4.65227
A* Oracle,300,Medium,167,1,6.7838,0.999844,4.65227
A* Oracle,300,Medium,168,1,6.77961,0.999844,4.65225
A* Oracle,300,Medium,169,2,6.78325,0.999828,4.65226
A* Oracle,300,Medium,170,1,6.78041,0.999828,4.65244
A* Oracle,300,Medium,171,1,6.7679,0.999828,4.65242
A* Oracle,300,Medium,172,1,6.7608,0.999828,4.65244
A* Oracle,300,Medium,173,1,6.75807,0.999828,4.65242
A* Oracle,300,Medium,174,1,6.76486,0.999828,4.6524
A* Oracle,300,Medium,175,1,6.78233,0.999828,4.6524
A* Oracle,300,Medium,176,1,6.7613,0.999828,4.65242
A* Oracle,300,Medium,177,1,6.77107,0.999828,4.6524
A* Oracle,300,Medium,178,1,6.77422,0.999828,4.65242
A* Oracle,300,Medium,179,1,6.76615,0.999812,4.65238
A* Oracle,300,Medium,180,1,6.75496,0.999812,4.6524
A* Oracle,300,Medium,181,1,6.75663,0.999812,4.65245
A* Oracle,300,Medium,182,1,6.75571,0.999812,4.65243
A* Oracle,300,Medium,183,1,6.75571,0.999812,4.65251
A* Oracle,300,Medium,184,1,6.76509,0.999812,4.65251
A* Oracle,300,Medium,185,1,6.76089,0.999812,4.65251
A* Oracle,300,Medium,186,1,6.76609,0.999812,4.65251
A* Oracle,300,Medium,187,1,6.7655,0.999812,4.6524
A* Oracle,300,Medium,188,1,6.7627,0.999812,4.65243
A* Oracle,300,Medium,189,1,6.78413,0.999812,4.65245
A* Oracle,300,Medium,190,1,6.77037,0.999812,4.65245
A* Oracle,300,Medium,191,1,6.76043,0.999812,4.6524
A* Oracle,300,Medium,192,1,6.77418,0.999812,4.65246
A* Oracle,300,Medium,193,1,6.77766,0.999812,4.65246
A* Oracle,300,Medium,194,1,6.75435,0.999812,4.65245
A* Oracle,300,Medium,195,1,6.76473,0.999812,4.65245
A* Oracle,300,Medium,196,2,6.77128,0.999812,4.65213
A* Oracle,300,Medium,197,1,6.76696,0.999812,4.65213
A* Oracle,300,Medium,198,1,6.76825,0.999812,4.65215
A* Oracle,300,Medium,199,1,6.76156,0.999812,4.65215
A* Oracle,300,Medium,200,1,6.76603,0.999812,4.65223
A* Oracle,300,Medium,201,1,6.76682,0.999812,4.65224
A* Oracle,300,Medium,202,1,6.77693,0.999812,4.65224
A* Oracle,300,Medium,203,1,6.7563,0.999812,4.65226
A* Oracle,300,Medium,204,1,6.76478,0.999812,4.65226
A* Oracle,300,Medium,205,1,6.77172,0.999812,4.65226
A* Oracle,300,Medium,206,1,6.77634,0.999812,4.65227
A* Oracle,300,Medium,207,1,6.76379,0.999812,4.65227
A* Oracle,300,Medium,208,1,6.76477,0.999812,4.65226
A* Oracle,300,Medium,209,1,6.77722,0.999812,4.65227
A* Oracle,300,Medium,210,1,6.77133,0.999812,4.65229
A* Oracle,300,Medium,211,1,6.76215,0.999812,4.65232
A* Oracle,300,Medium,212,1,6.77168,0.999812,4.65232
A* Oracle,300,Medium,213,1,6.76465,0.999812,4.65232
A* Oracle,300,Medium,214,1,6.76951,0.999812,4.65231
A* Oracle,300,Medium,215,1,6.77474,0.999812,4.65232
A* Oracle,300,Medium,216,1,6.78394,0.999812,4.65221
A* Oracle,300,Medium,217,1,6.76604,0.999812,4.65227
A* Oracle,300,Medium,218,1,6.75915,0.999812,4.65226
A* Oracle,300,Medium,219,1,6.77802,0.999812,4.65226
A* Oracle,300,Medium,220,1,6.76519,0.999812,4.65234
A* Oracle,300,Medium,221,1,6.76856,0.999812,4.65235
A* Oracle,300,Medium,222,1,6.76922,0.999812,4.65223
A* Oracle,300,Medium,223,1,6.77204,0.999812,4.65212
A* Oracle,300,Medium,224,1,6.76377,0.999812,4.65212
A* Oracle,300,Medium,225,1,6.77964,0.999812,4.65224
A* Oracle,300,Medium,226,1,6.76391,0.999812,4.65224
A* Oracle,300,Medium,227,1,6.77831,0.999812,4.65223
A* Oracle,300,Medium,228,1,6.77159,0.999812,4.65191
A* Oracle,300,Medium,229,1,6.76326,0.999812,4.65191
A* Oracle,300,Medium,230,1,6.77213,0.999797,4.6518
A* Oracle,300,Medium,231,1,6.76757,0.999797,4.65182
A* Oracle,300,Medium,232,1,6.76549,0.999797,4.65183
A* Oracle,300,Medium,233,1,6.76391,0.999797,4.65244
A* Oracle,300,Medium,234,2,6.76079,0.999797,4.65244
A* Oracle,300,Medium,235,1,6.76896,0.999797,4.65244
A* Oracle,300,Medium,236,1,6.76679,0.999797,4.65242
A* Oracle,300,Medium,237,1,6.78606,0.999797,4.65242
A* Oracle,300,Medium,238,1,6.7613,0.999797,4.65242
A* Oracle,300,Medium,239,1,6.7628,0.999797,4.65244
A* Oracle,300,Medium,240,2,6.77029,0.999797,4.65252
A* Oracle,300,Medium,241,2,6.77421,0.999797,4.65253
A* Oracle,300,Medium,242,1,6.76803,0.999797,4.65257
A* Oracle,300,Medium,243,2,6.78195,0.999812,4.65249
A* Oracle,300,Medium,244,1,6.77148,0.999812,4.65248
A* Oracle,300,Medium,245,1,6.78026,0.999812,4.65243
A* Oracle,300,Medium,246,1,6.76407,0.999812,4.65241
A* Oracle,300,Medium,247,1,6.76554,0.999812,4.65243
A* Oracle,300,Medium,248,1,6.77038,0.999812,4.65245
A* Oracle,300,Medium,249,1,6.78144,0.999812,4.65245
A* Oracle,300,Medium,250,1,6.77529,0.999812,4.65246
A* Oracle,300,Medium,251,1,6.77404,0.999812,4.65248
A* Oracle,300,Medium,252,1,6.7909,0.999812,4.65246
A* Oracle,300,Medium,253,1,6.78382,0.999812,4.65246
A* Oracle,300,Medium,254,1,6.78274,0.999812,4.65249
A* Oracle,300,Medium,255,1,6.76638,0.999812,4.65257
A* Oracle,300,Medium,256,1,6.77378,0.999812,4.65256
A* Oracle,300,Medium,257,1,6.77763,0.999812,4.65259
A* Oracle,300,Medium,258,1,6.77792,0.999812,4.6526
A* Oracle,300,Medium,259,2,6.76988,0.999812,4.6526
A* Oracle,300,Medium,260,1,6.76811,0.999812,4.6526
A* Oracle,300,Medium,261,1,6.76821,0.999812,4.6526
A* Oracle,300,Medium,262,1,6.78031,0.999812,4.65263
A* Oracle,300,Medium,263,1,6.78403,0.999812,4.65262
A* Oracle,300,Medium,264,1,6.76091,0.999812,4.65265
A* Oracle,300,Medium,265,1,6.76664,0.999812,4.65265
A* Oracle,300,Medium,266,1,6.76843,0.999812,4.65265
A* Oracle,300,Medium,267,1,6.77625,0.999812,4.65265
A* Oracle,300,Medium,268,1,6.76588,0.999812,4.65268
A* Oracle,300,Medium,269,2,6.78764,0.999812,4.65266
A* Oracle,300,Medium,270,2,6.77662,0.999812,4.65263
A* Oracle,300,Medium,271,3,6.76501,0.999812,4.65263
A* Oracle,300,Medium,272,1,6.78318,0.999812,4.65262
A* Oracle,300,Medium,273,1,6.77734,0.999812,4.65262
A* Oracle,300,Medium,274,1,6.76791,0.999812,4.6526
A* Oracle,300,Medium,275,1,6.76813,0.999812,4.6526
A* Oracle,300,Medium,276,1,6.77715,0.999812,4.65232
A* Oracle,300,Medium,277,5,6.77534,0.999812,4.65231
A* Oracle,300,Medium,278,1,6.78682,0.999812,4.65229
A* Oracle,300,Medium,279,1,6.78843,0.999812,4.65227
A* Oracle,300,Medium,280,1,6.77659,0.999812,4.65246
A* Oracle,300,Medium,281,1,6.77264,0.999812,4.65246
A* Oracle,300,Medium,282,4,6.78325,0.999812,4.65312
A* Oracle,300,Medium,283,1,6.78072,0.999812,4.65296
A* Oracle,300,Medium,284,1,6.79018,0.999812,4.65295
A* Oracle,300,Medium,285,1,6.76992,0.999812,4.65295
A* Oracle,300,Medium,286,1,6.77277,0.999812,4.65299
A* Oracle,300,Medium,287,1,6.78717,0.999812,4.65282
A* Oracle,300,Medium,288,5,6.7874,0.999812,4.65276
A* Oracle,300,Medium,289,1,6.77968,0.999812,4.65274
A* Oracle,300,Medium,290,1,6.7723,0.999812,4.65273
A* Oracle,300,Medium,291,1,6.78608,0.999812,4.65277
A* Oracle,300,Medium,292,1,6.78853,0.999812,4.65279
A* Oracle,300,Medium,293,1,6.78675,0.999812,4.65279
A* Oracle,300,Medium,294,1,6.79173,0.999812,4.65277
A* Oracle,300,Medium,295,1,6.77904,0.999812,4.65277
A* Oracle,300,Medium,296,1,6.78405,0.999812,4.65279
A* Oracle,300,Medium,297,1,6.78797,0.999812,4.65281
A* Oracle,300,Medium,298,1,6.78076,0.999812,4.65282
A* Oracle,300,Medium,299,1,6.77562,0.999812,4.65279
A* Oracle,300,Medium,300,1,6.77695,0.999812,4.65277
A* Oracle,300,Medium,301,1,6.77656,0.999812,4.65298
A* Oracle,300,Medium,302,1,6.78518,0.999812,4.65298
A* Oracle,300,Medium,303,1,6.76634,0.999812,4.65298
A* Oracle,300,Medium,304,1,6.77894,0.999812,4.65296
A* Oracle,300,Medium,305,1,6.78423,0.999812,4.65299
A* Oracle,300,Medium,306,1,6.78513,0.999812,4.65296
A* Oracle,300,Medium,307,1,6.77661,0.999812,4.65295
A* Oracle,300,Medium,308,1,6.78407,0.999812,4.6529
A* Oracle,300,Medium,309,1,6.77524,0.999812,4.65284
A* Oracle,300,Medium,310,1,6.77777,0.999812,4.65282
A* Oracle,300,Medium,311,1,6.78525,0.999812,4.65279
A* Oracle,300,Medium,312,1,6.7658,0.999812,4.65277
A* Oracle,300,Medium,313,1,6.76739,0.999812,4.65299
A* Oracle,300,Medium,314,3,6.78513,0.999812,4.65306
A* Oracle,300,Medium,315,1,6.78446,0.999812,4.65307
A* Oracle,300,Medium,316,2,6.77533,0.999812,4.65306
A* Oracle,300,Medium,317,1,6.78555,0.999812,4.65307
A* Oracle,300,Medium,318,1,6.77454,0.999812,4.65307
A* Oracle,300,Medium,319,1,6.77709,0.999812,4.65307
A* Oracle,300,Medium,320,1,6.77227,0.999812,4.65252
A* Oracle,300,Medium,321,1,6.7679,0.999812,4.65251
A* Oracle,300,Medium,322,1,6.77547,0.999812,4.65249
A* Oracle,300,Medium,323,1,6.77797,0.999812,4.65251
A* Oracle,300,Medium,324,1,6.77449,0.999812,4.65249
A* Oracle,300,Medium,325,1,6.79265,0.999812,4.65246
A* Oracle,300,Medium,326,1,6.77726,0.999812,4.65245
A* Oracle,300,Medium,327,1,6.78293,0.999812,4.65243
A* Oracle,300,Medium,328,1,6.76533,0.999812,4.65248
A* Oracle,300,Medium,329,1,6.78154,0.999812,4.65249
A* Oracle,300,Medium,330,1,6.78702,0.999812,4.65251
A* Oracle,300,Medium,331,1,6.7759,0.999812,4.65248
A* Oracle,300,Medium,332,1,6.77268,0.999812,4.65248
A* Oracle,300,Medium,333,1,6.77241,0.999812,4.65248
A* Oracle,300,Medium,334,1,6.78445,0.999812,4.65251
A* Oracle,300,Medium,335,1,6.79592,0.999812,4.65252
A* Oracle,300,Medium,336,1,6.76643,0.999812,4.65252
A* Oracle,300,Medium,337,1,6.7809,0.999812,4.65252
A* Oracle,300,Medium,338,1,6.77271,0.999812,4.65252
A* Oracle,300,Medium,339,1,6.76978,0.999812,4.65251
A* Oracle,300,Medium,340,1,6.78657,0.999812,4.65245
A* Oracle,300,Medium,341,1,6.78805,0.999812,4.65245
A* Oracle,300,Medium,342,1,6.79443,0.999812,4.65246
A* Oracle,300,Medium,343,1,6.77165,0.999812,4.65245
A* Oracle,300,Medium,344,1,6.78231,0.999812,4.65249
A* Oracle,300,Medium,345,1,6.76636,0.999812,4.65251
A* Oracle,300,Medium,346,1,6.78644,0.999812,4.65254
A* Oracle,300,Medium,347,1,6.79192,0.999812,4.65334
A* Oracle,300,Medium,348,4,6.76989,0.999812,4.65332
A* Oracle,300,Medium,349,5,6.78148,0.999812,4.65374
A* Oracle,300,Medium,350,4,6.77041,0.999812,4.65377
A* Oracle,300,Medium,351,1,6.79535,0.999812,4.65373
A* Oracle,300,Medium,352,1,6.78506,0.999812,4.65374
A* Oracle,300,Medium,353,1,6.77351,0.999812,4.65373
A* Oracle,300,Medium,354,2,6.77421,0.999812,4.65376
A* Oracle,300,Medium,355,1,6.79245,0.999812,4.65379
A* Oracle,300,Medium,356,1,6.79432,0.999812,4.65376
A* Oracle,300,Medium,357,1,6.76869,0.999812,4.65373
A* Oracle,300,Medium,358,2,6.77518,0.999812,4.65376
A* Oracle,300,Medium,359,1,6.78014,0.999812,4.65371
A* Oracle,300,Medium,360,1,6.79186,0.999812,4.65371
A* Oracle,300,Medium,361,1,6.78008,0.999812,4.65373
A* Oracle,300,Medium,362,1,6.79335,0.999812,4.65371
A* Oracle,300,Medium,363,1,6.77522,0.999812,4.65371
A* Oracle,300,Medium,364,1,6.77823,0.999812,4.6537
A* Oracle,300,Medium,365,1,6.78605,0.999812,4.65352
A* Oracle,300,Medium,366,1,6.77072,0.999812,4.65377
A* Oracle,300,Medium,367,1,6.77981,0.999812,4.65381
A* Oracle,300,Medium,368,1,6.77963,0.999812,4.65382
A* Oracle,300,Medium,369,1,6.77233,0.999812,4.65381
A* Oracle,300,Medium,370,1,6.79166,0.999812,4.65382
A* Oracle,300,Medium,371,1,6.77884,0.999812,4.65381
A* Oracle,300,Medium,372,1,6.79406,0.999812,4.65385
A* Oracle,300,Medium,373,2,6.77092,0.999812,4.65388
A* Oracle,300,Medium,374,1,6.78214,0.999812,4.6539
A* Oracle,300,Medium,375,1,6.7897,0.999812,4.65387
A* Oracle,300,Medium,376,1,6.78855,0.999812,4.65385
A* Oracle,300,Medium,377,1,6.80687,0.999812,4.65367
A* Oracle,300,Medium,378,1,6.77596,0.999812,4.65367
A* Oracle,300,Medium,379,1,6.78669,0.999812,4.65367
A* Oracle,300,Medium,380,1,6.78659,0.999812,4.6536
A* Oracle,300,Medium,381,1,6.79585,0.999812,4.6536
A* Oracle,300,Medium,382,1,6.77044,0.999812,4.65362
A* Oracle,300,Medium,383,1,6.78474,0.999812,4.65359
A* Oracle,300,Medium,384,1,6.77077,0.999812,4.6536
A* Oracle,300,Medium,385,1,6.79019,0.999812,4.6536
A* Oracle,300,Medium,386,1,6.79175,0.999812,4.65362
A* Oracle,300,Medium,387,1,6.7697,0.999812,4.65362
A* Oracle,300,Medium,388,1,6.7787,0.999812,4.65359
A* Oracle,300,Medium,389,1,6.77257,0.999812,4.65359
A* Oracle,300,Medium,390,1,6.78361,0.999812,4.65357
A* Oracle,300,Medium,391,1,6.77673,0.999812,4.65359
A* Oracle,300,Medium,392,1,6.78378,0.999812,4.65359
A* Oracle,300,Medium,393,1,6.78712,0.999812,4.65357
A* Oracle,300,Medium,394,1,6.77861,0.999812,4.65354
A* Oracle,300,Medium,395,1,6.78986,0.999812,4.65356
A* Oracle,300,Medium,396,1,6.7715,0.999812,4.65371
A* Oracle,300,Medium,397,1,6.77411,0.999812,4.65371
A* Oracle,300,Medium,398,1,6.80214,0.999812,4.65368
A* Oracle,300,Medium,399,1,6.79274,0.999812,4.65359
A* Oracle,300,Medium,400,1,6.77609,0.999812,4.65356
A* Oracle,300,Medium,401,1,6.77141,0.999812,4.65354
A* Oracle,300,Medium,402,1,6.79142,0.999812,4.65351
A* Oracle,300,Medium,403,1,6.77409,0.999812,4.65349
A* Oracle,300,Medium,404,1,6.78013,0.999812,4.65326
A* Oracle,300,Medium,405,1,6.77672,0.999812,4.65326
A* Oracle,300,Medium,406,1,6.78655,0.999812,4.65326
A* Oracle,300,Medium,407,1,6.77017,0.999812,4.65324
A* Oracle,300,Medium,408,1,6.76821,0.999812,4.65331
A* Oracle,300,Medium,409,1,6.78221,0.999812,4.65331
A* Oracle,300,Medium,410,1,6.78372,0.999812,4.65329
A* Oracle,300,Medium,411,1,6.78566,0.999812,4.65323
A* Oracle,300,Medium,412,1,6.78795,0.999812,4.65346
A* Oracle,300,Medium,413,1,6.78194,0.999812,4.65349
A* Oracle,300,Medium,414,1,6.77079,0.999812,4.65352
A* Oracle,300,Medium,415,1,6.78126,0.999812,4.65356
A* Oracle,300,Medium,416,1,6.78368,0.999812,4.65371
A* Oracle,300,Medium,417,1,6.78605,0.999812,4.65365
A* Oracle,300,Medium,418,1,6.78694,0.999812,4.65363
A* Oracle,300,Medium,419,1,6.81039,0.999812,4.65368
A* Oracle,300,Medium,420,1,6.78688,0.999812,4.65359
A* Oracle,300,Medium,421,1,6.78945,0.999812,4.65359
A* Oracle,300,Medium,422,1,6.78135,0.999812,4.6536
A* Oracle,300,Medium,423,1,6.7715,0.999812,4.65359
A* Oracle,300,Medium,424,1,6.7783,0.999812,4.6536
A* Oracle,300,Medium,425,1,6.78445,0.999812,4.65362
A* Oracle,300,Medium,426,1,6.77246,0.999812,4.65357
A* Oracle,300,Medium,427,1,6.79072,0.999812,4.65357
A* Oracle,300,Medium,428,1,6.77649,0.999812,4.65357
A* Oracle,300,Medium,429,1,6.78813,0.999812,4.65359
A* Oracle,300,Medium,430,1,6.78679,0.999812,4.65356
A* Oracle,300,Medium,431,1,6.76795,0.999812,4.65349
A* Oracle,300,Medium,432,1,6.78323,0.999812,4.65352
A* Oracle,300,Medium,433,1,6.76478,0.999812,4.65351
A* Oracle,300,Medium,434,1,6.79107,0.999812,4.65351
A* Oracle,300,Medium,435,1,6.76541,0.999812,4.65346
A* Oracle,300,Medium,436,3,6.77477,0.999812,4.65335
A* Oracle,300,Medium,437,1,6.77494,0.999812,4.6537
A* Oracle,300,Medium,438,1,6.7853,0.999812,4.65373
A* Oracle,300,Medium,439,1,6.77205,0.999812,4.65376
A* Oracle,300,Medium,440,1,6.7767,0.999812,4.65377
A* Oracle,300,Medium,441,1,6.7668,0.999812,4.65385
A* Oracle,300,Medium,442,1,6.77903,0.999812,4.65385
A* Oracle,300,Medium,443,1,6.78722,0.999812,4.65385
A* Oracle,300,Medium,444,1,6.77937,0.999812,4.65385
A* Oracle,300,Medium,445,1,6.76245,0.999812,4.65385
A* Oracle,300,Medium,446,1,6.76495,0.999812,4.6539
A* Oracle,300,Medium,447,1,6.77489,0.999812,4.65393
A* Oracle,300,Medium,448,1,6.76901,0.999812,4.65392
A* Oracle,300,Medium,449,1,6.78609,0.999812,4.6539
A* Oracle,300,Medium,450,1,6.77795,0.999812,4.6539
A* Oracle,300,Medium,451,1,6.77787,0.999812,4.65388
A* Oracle,300,Medium,452,1,6.766,0.999812,4.65388
A* Oracle,300,Medium,453,1,6.78045,0.999812,4.65388
A* Oracle,300,Medium,454,3,6.7718,0.999812,4.65395
A* Oracle,300,Medium,455,2,6.77484,0.999812,4.6539
A* Oracle,300,Medium,456,1,6.78589,0.999812,4.65392
A* Oracle,300,Medium,457,3,6.77074,0.999812,4.65396
A* Oracle,300,Medium,458,1,6.786,0.999812,4.65395
A* Oracle,300,Medium,459,1,6.77262,0.999812,4.65398
A* Oracle,300,Medium,460,1,6.76428,0.999812,4.65401
A* Oracle,300,Medium,461,1,6.77291,0.999812,4.65401
A* Oracle,300,Medium,462,1,6.77678,0.999812,4.65409
A* Oracle,300,Medium,463,1,6.77731,0.999812,4.65415
A* Oracle,300,Medium,464,1,6.77545,0.999812,4.65393
A* Oracle,300,Medium,465,1,6.76664,0.999812,4.65392
A* Oracle,300,Medium,466,1,6.7742,0.999812,4.65392
A* Oracle,300,Medium,467,1,6.77294,0.999812,4.65392
A* Oracle,300,Medium,468,1,6.76072,0.999812,4.65393
A* Oracle,300,Medium,469,1,6.76186,0.999812,4.65393
A* Oracle,300,Medium,470,1,6.75826,0.999812,4.65379
A* Oracle,300,Medium,471,3,6.75868,0.999812,4.65376
A* Oracle,300,Medium,472,1,6.75903,0.999812,4.65374
A* Oracle,300,Medium,473,1,6.77703,0.999812,4.65373
A* Oracle,300,Medium,474,1,6.77292,0.999812,4.65371
A* Oracle,300,Medium,475,1,6.77814,0.999812,4.65371
A* Oracle,300,Medium,476,1,6.77036,0.999812,4.65368
A* Oracle,300,Medium,477,4,6.77657,0.999812,4.65346
A* Oracle,300,Medium,478,2,6.75658,0.999812,4.65346
A* Oracle,300,Medium,479,1,6.7712,0.999812,4.65342
A* Oracle,300,Medium,480,1,6.76866,0.999812,4.65342
A* Oracle,300,Medium,481,1,6.76907,0.999812,4.6534
A* Oracle,300,Medium,482,1,6.75785,0.999812,4.65338
A* Oracle,300,Medium,483,1,6.78185,0.999812,4.65338
A* Oracle,300,Medium,484,1,6.76432,0.999812,4.65337
A* Oracle,300,Medium,485,1,6.76348,0.999812,4.65373
A* Oracle,300,Medium,486,1,6.75676,0.999812,4.65371
A* Oracle,300,Medium,487,1,6.75723,0.999812,4.6537
A* Oracle,300,Medium,488,6,6.75356,0.999812,4.65373
A* Oracle,300,Medium,489,1,6.7675,0.999812,4.65365
A* Oracle,300,Medium,490,1,6.75946,0.999812,4.6536
A* Oracle,300,Medium,491,5,6.76131,0.999812,4.6536
A* Oracle,300,Medium,492,9,6.76377,0.999812,4.65373
A* Oracle,300,Medium,493,1,6.77463,0.999812,4.65377
A* Oracle,300,Medium,494,1,6.78157,0.999812,4.6537
A* Oracle,300,Medium,495,1,6.7583,0.999812,4.65371
A* Oracle,300,Medium,496,1,6.77524,0.999812,4.6537
A* Oracle,300,Medium,497,1,6.7715,0.999812,4.65368
A* Oracle,300,Medium,498,1,6.76267,0.999812,4.65365
A* Oracle,300,Medium,499,2,6.76082,0.999812,4.65356
A* Oracle,300,Medium,500,1,6.78083,0.999812,4.65356
A* Oracle,300,Medium,501,1,6.77003,0.999812,4.6536
A* Oracle,300,Medium,502,1,6.76103,0.999812,4.65362
A* Oracle,300,Medium,503,1,6.77015,0.999812,4.65363
A* Oracle,300,Medium,504,1,6.76898,0.999812,4.65365
A* Oracle,300,Medium,505,4,6.75401,0.999812,4.6536
A* Oracle,300,Medium,506,1,6.7643,0.999812,4.65362
A* Oracle,300,Medium,507,1,6.75481,0.999812,4.65363
A* Oracle,300,Medium,508,1,6.7637,0.999812,4.65363
A* Oracle,300,Medium,509,1,6.7549,0.999812,4.65363
A* Oracle,300,Medium,510,1,6.74939,0.999812,4.65337
A* Oracle,300,Medium,511,1,6.75788,0.999812,4.65337
A* Oracle,300,Medium,512,1,6.75841,0.999812,4.65338
A* Oracle,300,Medium,513,1,6.75107,0.999812,4.65365
A* Oracle,300,Medium,514,1,6.75543,0.999812,4.65363
A* Oracle,300,Medium,515,1,6.76234,0.999812,4.65365
A* Oracle,300,Medium,516,1,6.75306,0.999812,4.65363
A* Oracle,300,Medium,517,1,6.76888,0.999812,4.65362
A* Oracle,300,Medium,518,1,6.76135,0.999812,4.6536
A* Oracle,300,Medium,519,1,6.75066,0.999812,4.6536
A* Oracle,300,Medium,520,3,6.77516,0.999812,4.65368
A* Oracle,300,Medium,521,1,6.76986,0.999812,4.65368
A* Oracle,300,Medium,522,1,6.75739,0.999812,4.65387
A* Oracle,300,Medium,523,1,6.77204,0.999812,4.65387
A* Oracle,300,Medium,524,1,6.7659,0.999812,4.65379
A* Oracle,300,Medium,525,1,6.77003,0.999812,4.65379
A* Oracle,300,Medium,526,1,6.76249,0.999812,4.65379
A* Oracle,300,Medium,527,1,6.76411,0.999812,4.65377
A* Oracle,300,Medium,528,1,6.76544,0.999812,4.65379
A* Oracle,300,Medium,529,1,6.76443,0.999812,4.65379
A* Oracle,300,Medium,530,1,6.75677,0.999812,4.65379
A* Oracle,300,Medium,531,1,6.75271,0.999812,4.65379
A* Oracle,300,Medium,532,1,6.76222,0.999812,4.65379
A* Oracle,300,Medium,533,1,6.74989,0.999812,4.65377
A* Oracle,300,Medium,534,1,6.75522,0.999812,4.65379
A* Oracle,300,Medium,535,1,6.75727,0.999812,4.65374
A* Oracle,300,Medium,536,1,6.77067,0.999812,4.65376
A* Oracle,300,Medium,537,1,6.75985,0.999812,4.65365
A* Oracle,300,Medium,538,1,6.75815,0.999812,4.65367
A* Oracle,300,Medium,539,1,6.75938,0.999812,4.65357
A* Oracle,300,Medium,540,1,6.76645,0.999812,4.65357
A* Oracle,300,Medium,541,1,6.75367,0.999812,4.65357
A* Oracle,300,Medium,542,1,6.76444,0.999812,4.65357
A* Oracle,300,Medium,543,1,6.75895,0.999812,4.65349
A* Oracle,300,Medium,544,1,6.77746,0.999812,4.65348
A* Oracle,300,Medium,545,1,6.76842,0.999812,4.65346
A* Oracle,300,Medium,546,1,6.76778,0.999812,4.65348
A* Oracle,300,Medium,547,9,6.75212,0.999812,4.65352
A* Oracle,300,Medium,548,1,6.75743,0.999812,4.65352
A* Oracle,300,Medium,549,1,6.76068,0.999812,4.65354
A* Oracle,300,Medium,550,1,6.75423,0.999812,4.65354
A* Oracle,300,Medium,551,1,6.75529,0.999828,4.6537
A* Oracle,300,Medium,552,1,6.77341,0.999828,4.6538
A* Oracle,300,Medium,553,2,6.75565,0.999828,4.65378
A* Oracle,300,Medium,554,1,6.77002,0.999828,4.6538
A* Oracle,300,Medium,555,1,6.75088,0.999828,4.65376
A* Oracle,300,Medium,556,1,6.74762,0.999828,4.65375
A* Oracle,300,Medium,557,2,6.89746,0.999828,4.65376
A* Oracle,300,Medium,558,1,7.15575,0.999828,4.65376
A* Oracle,300,Medium,559,1,6.84175,0.999828,4.65375
A* Oracle,300,Medium,560,2,6.88509,0.999828,4.6538
A* Oracle,300,Medium,561,3,6.89961,0.999828,4.65417
A* Oracle,300,Medium,562,1,6.88253,0.999828,4.65417
A* Oracle,300,Medium,563,1,6.84261,0.999828,4.65416
A* Oracle,300,Medium,564,1,6.81565,0.999828,4.65416
A* Oracle,300,Medium,565,1,6.76457,0.999828,4.65417
A* Oracle,300,Medium,566,1,6.77525,0.999828,4.65414
A* Oracle,300,Medium,567,1,6.75706,0.999828,4.65414
A* Oracle,300,Medium,568,1,6.75487,0.999828,4.65412
A* Oracle,300,Medium,569,1,6.75609,0.999828,4.65412
A* Oracle,300,Medium,570,1,6.76394,0.999828,4.65412
A* Oracle,300,Medium,571,1,6.75608,0.999828,4.65406
A* Oracle,300,Medium,572,1,6.76571,0.999828,4.65408
A* Oracle,300,Medium,573,1,6.7547,0.999828,4.65406
A* Oracle,300,Medium,574,1,6.77071,0.999828,4.65406
A* Oracle,300,Medium,575,1,6.76739,0.999828,4.65409
A* Oracle,300,Medium,576,1,6.7509,0.999828,4.65406
A* Oracle,300,Medium,577,1,6.75395,0.999828,4.65401
A* Oracle,300,Medium,578,1,6.78023,0.999828,4.654
A* Oracle,300,Medium,579,1,6.76999,0.999828,4.654
A* Oracle,300,Medium,580,1,6.77588,0.999828,4.65401
A* Oracle,300,Medium,581,1,6.76581,0.999828,4.6542
A* Oracle,300,Medium,582,1,6.75821,0.999828,4.65419
A* Oracle,300,Medium,583,1,6.75334,0.999828,4.65419
A* Oracle,300,Medium,584,1,6.7513,0.999828,4.65417
A* Oracle,300,Medium,585,1,6.75625,0.999828,4.65416
A* Oracle,300,Medium,586,1,6.76196,0.999828,4.65412
A* Oracle,300,Medium,587,1,6.7569,0.999828,4.65411
A* Oracle,300,Medium,588,2,6.75474,0.999828,4.65412
A* Oracle,300,Medium,589,1,6.75953,0.999828,4.6542
A* Oracle,300,Medium,590,1,6.75659,0.999828,4.6542
A* Oracle,300,Medium,591,1,6.75296,0.999828,4.65422
A* Oracle,300,Medium,592,1,6.75845,0.999828,4.65411
A* Oracle,300,Medium,593,1,6.76369,0.999828,4.65411
A* Oracle,300,Medium,594,2,6.75799,0.999828,4.65412
A* Oracle,300,Medium,595,1,6.76754,0.999828,4.65408
A* Oracle,300,Medium,596,2,6.769,0.999828,4.65406
A* Oracle,300,Medium,597,1,6.75476,0.999828,4.65406
A* Oracle,300,Medium,598,1,6.75246,0.999828,4.65405
A* Oracle,300,Medium,599,1,6.76099,0.999828,4.65405
A* Oracle,300,Medium,600,1,6.75739,0.999828,4.65411
HierarchySmart,300,Medium,0,0,0,0.980963,6.77236
HierarchySmart,300,Medium,1,1,0.0112091,0.980947,6.77234
HierarchySmart,300,Medium,2,1,0.00884675,0.980963,6.77234
HierarchySmart,300,Medium,3,1,0.0124869,0.980947,6.7725
HierarchySmart,300,Medium,4,1,0.0110471,0.980931,6.77246
HierarchySmart,300,Medium,5,1,0.0101448,0.980931,6.77253
HierarchySmart,300,Medium,6,1,0.0127696,0.980931,6.77253
HierarchySmart,300,Medium,7,1,0.0225115,0.980931,6.77251
HierarchySmart,300,Medium,8,1,9.50526,0.981619,6.76168
HierarchySmart,300,Medium,9,3,0.0299581,0.981541,6.76154
HierarchySmart,300,Medium,10,1,0.0110607,0.981541,6.76158
HierarchySmart,300,Medium,11,1,3.20158,0.981838,6.73802
HierarchySmart,300,Medium,12,1,0.0103222,0.98176,6.73776
HierarchySmart,300,Medium,13,1,1.68738,0.981807,6.73221
HierarchySmart,300,Medium,14,1,0.0160935,0.981807,6.73223
HierarchySmart,300,Medium,15,1,0.0147725,0.981807,6.73223
HierarchySmart,300,Medium,16,1,0.012036,0.981822,6.73228
HierarchySmart,300,Medium,17,1,0.00947798,0.981822,6.73233
HierarchySmart,300,Medium,18,1,0.0153352,0.981822,6.73244
HierarchySmart,300,Medium,19,1,0.0296617,0.981807,6.73245
HierarchySmart,300,Medium,20,1,0.0148361,0.981807,6.7325
HierarchySmart,300,Medium,21,1,0.0135514,0.981807,6.7325
HierarchySmart,300,Medium,22,1,0.0141961,0.981791,6.7324
HierarchySmart,300,Medium,23,1,0.0162231,0.9814,6.73256
HierarchySmart,300,Medium,24,1,0.740311,0.981478,6.72622
HierarchySmart,300,Medium,25,2,0.0324402,0.981494,6.72633
HierarchySmart,300,Medium,26,1,0.0398757,0.981463,6.72615
HierarchySmart,300,Medium,27,1,0.0213396,0.981463,6.72658
HierarchySmart,300,Medium,28,1,1.54908,0.98151,6.72543
HierarchySmart,300,Medium,29,1,0.00882486,0.98151,6.72541
HierarchySmart,300,Medium,30,1,0.00827382,0.98151,6.7254
HierarchySmart,300,Medium,31,1,0.978546,0.981619,6.71925
HierarchySmart,300,Medium,32,1,0.0287139,0.981619,6.71928
HierarchySmart,300,Medium,33,1,0.0274959,0.981619,6.71864
HierarchySmart,300,Medium,34,1,0.020668,0.981619,6.71869
HierarchySmart,300,Medium,35,1,0.0104309,0.98151,6.71981
HierarchySmart,300,Medium,36,1,0.0372099,0.98151,6.71981
HierarchySmart,300,Medium,37,1,0.0106846,0.98151,6.71984
HierarchySmart,300,Medium,38,1,0.0193866,0.981494,6.7198
HierarchySmart,300,Medium,39,1,0.0212938,0.98151,6.71985
HierarchySmart,300,Medium,40,1,0.0274796,0.981494,6.71988
HierarchySmart,300,Medium,41,1,0.0152829,0.981478,6.72107
HierarchySmart,300,Medium,42,1,0.0159418,0.981478,6.72149
HierarchySmart,300,Medium,43,1,0.0199471,0.981478,6.72149
HierarchySmart,300,Medium,44,1,0.0412595,0.981478,6.72155
HierarchySmart,300,Medium,45,3,1.49058,0.981463,6.71389
HierarchySmart,300,Medium,46,1,1.41216,0.981541,6.71168
HierarchySmart,300,Medium,47,1,0.0220151,0.981541,6.71168
HierarchySmart,300,Medium,48,1,0.0135956,0.981119,6.71194
HierarchySmart,300,Medium,49,1,1.87653,0.981166,6.7145
HierarchySmart,300,Medium,50,1,0.0116422,0.981166,6.71455
HierarchySmart,300,Medium,51,1,0.020619,0.98115,6.71459
HierarchySmart,300,Medium,52,1,0.011489,0.981134,6.71457
HierarchySmart,300,Medium,53,1,2.25525,0.981134,6.70987
HierarchySmart,300,Medium,54,1,0.0232998,0.981134,6.71003
HierarchySmart,300,Medium,55,1,0.0159568,0.981134,6.71036
HierarchySmart,300,Medium,56,1,0.0163358,0.981134,6.71028
HierarchySmart,300,Medium,57,1,0.0144341,0.980869,6.71449
HierarchySmart,300,Medium,58,1,1.36941,0.980884,6.70714
HierarchySmart,300,Medium,59,1,0.0198792,0.980884,6.70726
HierarchySmart,300,Medium,60,1,0.0136537,0.980837,6.70746
HierarchySmart,300,Medium,61,2,0.0490059,0.980837,6.70744
HierarchySmart,300,Medium,62,1,0.0163943,0.980837,6.7075
HierarchySmart,300,Medium,63,1,0.0303163,0.980822,6.70756
HierarchySmart,300,Medium,64,2,3.4825,0.980822,6.71832
HierarchySmart,300,Medium,65,1,0.0139399,0.980822,6.71827
HierarchySmart,300,Medium,66,1,1.23615,0.980869,6.71003
HierarchySmart,300,Medium,67,1,0.0164074,0.980869,6.71006
HierarchySmart,300,Medium,68,2,0.0310623,0.980869,6.71005
HierarchySmart,300,Medium,69,1,0.011724,0.980869,6.71002
HierarchySmart,300,Medium,70,1,0.0215289,0.980869,6.71003
HierarchySmart,300,Medium,71,1,0.0323946,0.980869,6.71006
HierarchySmart,300,Medium,72,1,0.0230354,0.980869,6.71017
HierarchySmart,300,Medium,73,1,0.0144419,0.980603,6.71035
HierarchySmart,300,Medium,74,1,0.0366755,0.980603,6.71013
HierarchySmart,300,Medium,75,1,4.59177,0.980853,6.68714
HierarchySmart,300,Medium,76,1,0.0102293,0.980853,6.68714
HierarchySmart,300,Medium,77,2,0.0224181,0.980806,6.6873
HierarchySmart,300,Medium,78,1,0.0134365,0.980806,6.6873
HierarchySmart,300,Medium,79,1,0.0185553,0.980806,6.68722
HierarchySmart,300,Medium,80,1,0.0116714,0.980806,6.68726
HierarchySmart,300,Medium,81,1,0.010389,0.980791,6.68738
HierarchySmart,300,Medium,82,1,0.0118923,0.980791,6.68739
HierarchySmart,300,Medium,83,9,4.63655,0.980994,6.66487
HierarchySmart,300,Medium,84,1,0.00853737,0.980947,6.66485
HierarchySmart,300,Medium,85,1,1.77506,0.981009,6.65829
HierarchySmart,300,Medium,86,1,0.0126524,0.981009,6.65843
HierarchySmart,300,Medium,87,1,2.2637,0.981009,6.6574
HierarchySmart,300,Medium,88,1,12.8161,0.981385,6.66474
HierarchySmart,300,Medium,89,1,0.0127155,0.981416,6.66474
HierarchySmart,300,Medium,90,1,0.0213751,0.981416,6.66468
HierarchySmart,300,Medium,91,4,1.53702,0.981385,6.66586
HierarchySmart,300,Medium,92,1,0.00960219,0.981385,6.66594
HierarchySmart,300,Medium,93,1,0.0138934,0.981385,6.66576
HierarchySmart,300,Medium,94,5,10.5945,0.981416,6.66331
HierarchySmart,300,Medium,95,1,0.0102635,0.981416,6.66343
HierarchySmart,300,Medium,96,1,0.0124779,0.981416,6.66348
HierarchySmart,300,Medium,97,1,0.0119714,0.981416,6.66407
HierarchySmart,300,Medium,98,2,0.0241973,0.981369,6.66398
HierarchySmart,300,Medium,99,1,0.0114155,0.981369,6.66409
HierarchySmart,300,Medium,100,1,1.53059,0.98151,6.66203
HierarchySmart,300,Medium,101,1,0.0102182,0.981494,6.66201
HierarchySmart,300,Medium,102,1,0.0143046,0.981494,6.66211
HierarchySmart,300,Medium,103,1,0.0267739,0.981478,6.66207
HierarchySmart,300,Medium,104,1,0.0260372,0.981478,6.66212
HierarchySmart,300,Medium,105,1,0.0105732,0.981447,6.66281
HierarchySmart,300,Medium,106,1,0.0145829,0.981447,6.66301
HierarchySmart,300,Medium,107,1,3.83749,0.981603,6.64515
HierarchySmart,300,Medium,108,1,0.00688805,0.981603,6.64522
HierarchySmart,300,Medium,109,1,0.0134343,0.981603,6.64541
HierarchySmart,300,Medium,110,1,0.0145485,0.981588,6.64534
HierarchySmart,300,Medium,111,1,0.0197268,0.98151,6.64542
HierarchySmart,300,Medium,112,1,0.0166935,0.98151,6.64649
HierarchySmart,300,Medium,113,1,0.028566,0.98151,6.64657
HierarchySmart,300,Medium,114,1,0.0179679,0.98151,6.64657
HierarchySmart,300,Medium,115,2,0.0317934,0.98151,6.64651
HierarchySmart,300,Medium,116,1,0.0116651,0.98151,6.64649
HierarchySmart,300,Medium,117,1,0.0169401,0.98151,6.64649
HierarchySmart,300,Medium,118,1,0.016998,0.981338,6.64638
HierarchySmart,300,Medium,119,1,0.0212778,0.981322,6.64634
HierarchySmart,300,Medium,120,1,0.011819,0.981322,6.64657
HierarchySmart,300,Medium,121,1,0.0178214,0.981259,6.64661
HierarchySmart,300,Medium,122,1,0.0128026,0.981244,6.64654
HierarchySmart,300,Medium,123,1,0.0187499,0.981181,6.64631
HierarchySmart,300,Medium,124,2,0.0371542,0.981181,6.64639
HierarchySmart,300,Medium,125,1,0.018421,0.981181,6.64644
HierarchySmart,300,Medium,126,1,0.0159958,0.981166,6.64646
HierarchySmart,300,Medium,127,1,0.011311,0.98115,6.64646
HierarchySmart,300,Medium,128,1,0.0136727,0.98115,6.64634
HierarchySmart,300,Medium,129,1,0.0105473,0.98115,6.64807
HierarchySmart,300,Medium,130,1,0.0136531,0.98115,6.64824
HierarchySmart,300,Medium,131,1,0.0430404,0.98115,6.64824
HierarchySmart,300,Medium,132,1,0.0123611,0.981103,6.64851
HierarchySmart,300,Medium,133,1,0.0156577,0.981103,6.64849
HierarchySmart,300,Medium,134,1,0.0211692,0.981041,6.64846
HierarchySmart,300,Medium,135,2,0.0287839,0.981025,6.64837
HierarchySmart,300,Medium,136,1,0.0151902,0.980978,6.64813
HierarchySmart,300,Medium,137,1,0.0108957,0.980978,6.64813
HierarchySmart,300,Medium,138,1,0.0193035,0.980978,6.64804
HierarchySmart,300,Medium,139,1,0.0113735,0.980947,6.6481
HierarchySmart,300,Medium,140,1,0.0125009,0.980947,6.64815
HierarchySmart,300,Medium,141,1,0.0136718,0.980947,6.64812
HierarchySmart,300,Medium,142,1,0.0132113,0.980931,6.64819
HierarchySmart,300,Medium,143,1,0.0540267,0.980931,6.64819
HierarchySmart,300,Medium,144,1,0.0131045,0.980916,6.64841
HierarchySmart,300,Medium,145,1,0.0164874,0.9809,6.64841
HierarchySmart,300,Medium,146,1,0.025891,0.9809,6.64849
HierarchySmart,300,Medium,147,1,0.0194602,0.980525,6.64602
HierarchySmart,300,Medium,148,1,0.0163251,0.980415,6.64608
HierarchySmart,300,Medium,149,1,0.0249931,0.980415,6.64608
HierarchySmart,300,Medium,150,1,0.0177833,0.980415,6.64616
HierarchySmart,300,Medium,151,1,0.0254111,0.980415,6.64624
HierarchySmart,300,Medium,152,1,0.0182098,0.980415,6.64635
HierarchySmart,300,Medium,153,1,0.0294263,0.980415,6.64653
HierarchySmart,300,Medium,154,1,0.0196399,0.980415,6.64673
HierarchySmart,300,Medium,155,1,0.0157326,0.980415,6.64673
HierarchySmart,300,Medium,156,1,0.0299555,0.980181,6.64906
HierarchySmart,300,Medium,157,1,0.0143908,0.980181,6.64901
HierarchySmart,300,Medium,158,2,2.2674,0.980197,6.65216
HierarchySmart,300,Medium,159,1,0.0141058,0.980259,6.65211
HierarchySmart,300,Medium,160,1,0.0182324,0.980197,6.65147
HierarchySmart,300,Medium,161,1,0.0153977,0.980197,6.65145
HierarchySmart,300,Medium,162,1,0.0461841,0.980197,6.65134
HierarchySmart,300,Medium,163,1,0.0130367,0.980181,6.65134
HierarchySmart,300,Medium,164,1,0.0148085,0.980181,6.65134
HierarchySmart,300,Medium,165,1,0.0227772,0.980165,6.65128
HierarchySmart,300,Medium,166,1,0.011141,0.980165,6.65135
HierarchySmart,300,Medium,167,1,0.0199033,0.98015,6.65123
HierarchySmart,300,Medium,168,1,0.011627,0.979759,6.65154
HierarchySmart,300,Medium,169,2,0.0350406,0.979728,6.65153
HierarchySmart,300,Medium,170,1,3.04884,0.979728,6.65213
HierarchySmart,300,Medium,171,1,0.0100015,0.979728,6.65207
HierarchySmart,300,Medium,172,1,0.0260663,0.979728,6.65207
HierarchySmart,300,Medium,173,1,1.27854,0.979759,6.64627
HierarchySmart,300,Medium,174,1,0.010732,0.979759,6.64621
HierarchySmart,300,Medium,175,1,0.0129558,0.979759,6.64631
HierarchySmart,300,Medium,176,1,0.0229042,0.979759,6.64634
HierarchySmart,300,Medium,177,1,0.0116448,0.979759,6.64621
HierarchySmart,300,Medium,178,1,0.0228139,0.979743,6.64608
HierarchySmart,300,Medium,179,1,2.57047,0.979759,6.64667
HierarchySmart,300,Medium,180,1,0.00653158,0.979775,6.64676
HierarchySmart,300,Medium,181,1,0.0313714,0.979712,6.64659
HierarchySmart,300,Medium,182,1,12.3455,0.979931,6.64026
HierarchySmart,300,Medium,183,1,1.48218,0.979993,6.63312
HierarchySmart,300,Medium,184,1,0.0148528,0.979993,6.63315
HierarchySmart,300,Medium,185,1,0.0103825,0.979993,6.63318
HierarchySmart,300,Medium,186,1,0.0216239,0.979993,6.63318
HierarchySmart,300,Medium,187,1,0.0298248,0.979993,6.63314
HierarchySmart,300,Medium,188,1,0.0120406,0.979962,6.63383
HierarchySmart,300,Medium,189,1,0.0143325,0.979978,6.63388
HierarchySmart,300,Medium,190,1,0.0106759,0.979978,6.63383
HierarchySmart,300,Medium,191,1,0.0153254,0.979978,6.63378
HierarchySmart,300,Medium,192,1,0.0124266,0.979978,6.63396
HierarchySmart,300,Medium,193,1,0.0177483,0.979978,6.63401
HierarchySmart,300,Medium,194,1,0.0114605,0.979978,6.63409
HierarchySmart,300,Medium,195,1,0.0444342,0.979978,6.63587
HierarchySmart,300,Medium,196,2,1.34921,0.980056,6.62732
HierarchySmart,300,Medium,197,1,0.00976149,0.980056,6.62737
HierarchySmart,300,Medium,198,1,0.016333,0.979962,6.62735
HierarchySmart,300,Medium,199,1,0.0182557,0.979962,6.62743
HierarchySmart,300,Medium,200,1,1.42903,0.979962,6.62625
HierarchySmart,300,Medium,201,1,0.0170967,0.979962,6.62625
HierarchySmart,300,Medium,202,1,0.0192472,0.979962,6.62625
HierarchySmart,300,Medium,203,1,0.0381126,0.979962,6.6263
HierarchySmart,300,Medium,204,1,1.12564,0.980103,6.61748
HierarchySmart,300,Medium,205,1,0.030246,0.980134,6.61742
HierarchySmart,300,Medium,206,1,0.0102145,0.980134,6.6174
HierarchySmart,300,Medium,207,1,0.0313025,0.980118,6.61735
HierarchySmart,300,Medium,208,1,0.0400566,0.980118,6.61738
HierarchySmart,300,Medium,209,1,0.0139385,0.980118,6.6174
HierarchySmart,300,Medium,210,1,0.0232992,0.980118,6.6174
HierarchySmart,300,Medium,211,1,0.0215571,0.980103,6.61768
HierarchySmart,300,Medium,212,1,0.043647,0.980103,6.6179
HierarchySmart,300,Medium,213,1,0.0224131,0.98004,6.61795
HierarchySmart,300,Medium,214,1,0.0158045,0.98004,6.61784
HierarchySmart,300,Medium,215,1,0.0184487,0.980056,6.61793
HierarchySmart,300,Medium,216,1,0.0157788,0.980056,6.61774
HierarchySmart,300,Medium,217,1,0.0204647,0.98004,6.61778
HierarchySmart,300,Medium,218,1,0.018967,0.98004,6.61776
HierarchySmart,300,Medium,219,1,0.0183506,0.98004,6.61783
HierarchySmart,300,Medium,220,1,1.15075,0.980056,6.60683
HierarchySmart,300,Medium,221,1,0.0255349,0.980056,6.60684
HierarchySmart,300,Medium,222,1,0.0263281,0.980072,6.60696
HierarchySmart,300,Medium,223,1,0.0112131,0.980072,6.60693
HierarchySmart,300,Medium,224,1,0.0318593,0.980072,6.60714
HierarchySmart,300,Medium,225,1,0.0189918,0.980072,6.60723
HierarchySmart,300,Medium,226,1,0.0115052,0.980072,6.60725
HierarchySmart,300,Medium,227,1,0.0148365,0.980025,6.60729
HierarchySmart,300,Medium,228,1,1.73351,0.980118,6.59598
HierarchySmart,300,Medium,229,1,0.016334,0.980118,6.59598
HierarchySmart,300,Medium,230,1,0.0199478,0.980087,6.59582
HierarchySmart,300,Medium,231,1,0.0105101,0.980087,6.59584
HierarchySmart,300,Medium,232,1,0.0368241,0.980087,6.59592
HierarchySmart,300,Medium,233,1,2.06372,0.980118,6.59464
HierarchySmart,300,Medium,234,2,0.0200671,0.980118,6.59462
HierarchySmart,300,Medium,235,1,0.0309354,0.980118,6.59464
HierarchySmart,300,Medium,236,1,0.0228354,0.980118,6.59465
HierarchySmart,300,Medium,237,1,0.0180716,0.979665,6.59412
HierarchySmart,300,Medium,238,1,0.0141333,0.979665,6.59418
HierarchySmart,300,Medium,239,1,0.0203452,0.97965,6.59413
HierarchySmart,300,Medium,240,2,1.93199,0.97965,6.5969
HierarchySmart,300,Medium,241,2,1.55403,0.979712,6.59254
HierarchySmart,300,Medium,242,1,0.0203535,0.979712,6.59268
HierarchySmart,300,Medium,243,2,0.0247749,0.979712,6.59264
HierarchySmart,300,Medium,244,1,0.0176551,0.979712,6.5926
HierarchySmart,300,Medium,245,1,0.017984,0.979681,6.59262
HierarchySmart,300,Medium,246,1,0.0175629,0.979681,6.59229
HierarchySmart,300,Medium,247,1,0.0113666,0.979681,6.59229
HierarchySmart,300,Medium,248,1,0.0317766,0.979681,6.59234
HierarchySmart,300,Medium,249,1,0.0180196,0.979681,6.5923
HierarchySmart,300,Medium,250,1,0.0651466,0.979603,6.59253
HierarchySmart,300,Medium,251,1,0.020872,0.979603,6.59264
HierarchySmart,300,Medium,252,1,0.0124712,0.979603,6.59267
HierarchySmart,300,Medium,253,1,0.012392,0.979603,6.59315
HierarchySmart,300,Medium,254,1,0.0103764,0.979634,6.59343
HierarchySmart,300,Medium,255,1,0.010805,0.979618,6.5933
HierarchySmart,300,Medium,256,1,0.0113968,0.979618,6.59317
HierarchySmart,300,Medium,257,1,3.09783,0.979618,6.59292
HierarchySmart,300,Medium,258,1,0.0122764,0.979618,6.59296
HierarchySmart,300,Medium,259,2,0.0230289,0.979618,6.59303
HierarchySmart,300,Medium,260,1,0.0130283,0.979618,6.59311
HierarchySmart,300,Medium,261,1,0.00961947,0.979587,6.59333
HierarchySmart,300,Medium,262,1,0.0142451,0.979603,6.59345
HierarchySmart,300,Medium,263,1,0.0146604,0.979603,6.59345
HierarchySmart,300,Medium,264,1,1.07361,0.979712,6.58632
HierarchySmart,300,Medium,265,1,1.37945,0.979868,6.57627
HierarchySmart,300,Medium,266,1,0.0248022,0.979868,6.57629
HierarchySmart,300,Medium,267,1,0.0194384,0.979868,6.57627
HierarchySmart,300,Medium,268,1,1.4875,0.9799,6.57601
HierarchySmart,300,Medium,269,2,0.0171077,0.9799,6.57616
HierarchySmart,300,Medium,270,2,0.0203316,0.9799,6.57619
HierarchySmart,300,Medium,271,3,0.0395532,0.979884,6.57642
HierarchySmart,300,Medium,272,1,0.0123914,0.979884,6.57649
HierarchySmart,300,Medium,273,1,0.0139617,0.979884,6.57642
HierarchySmart,300,Medium,274,1,1.30368,0.979978,6.5674
HierarchySmart,300,Medium,275,1,0.0123725,0.979806,6.56678
HierarchySmart,300,Medium,276,1,3.82544,0.979962,6.53822
HierarchySmart,300,Medium,277,5,1.71626,0.979743,6.53828
HierarchySmart,300,Medium,278,1,0.0103402,0.979743,6.53849
HierarchySmart,300,Medium,279,1,0.0106505,0.979743,6.5385
HierarchySmart,300,Medium,280,1,1.29988,0.979853,6.53249
HierarchySmart,300,Medium,281,1,0.00829532,0.979822,6.53275
HierarchySmart,300,Medium,282,4,4.1208,0.980212,6.50293
HierarchySmart,300,Medium,283,1,0.0217946,0.980212,6.50293
HierarchySmart,300,Medium,284,1,0.011737,0.980212,6.50289
HierarchySmart,300,Medium,285,1,0.0115004,0.980212,6.50262
HierarchySmart,300,Medium,286,1,0.0188251,0.980212,6.50379
HierarchySmart,300,Medium,287,1,0.00984341,0.980212,6.50261
HierarchySmart,300,Medium,288,5,1.38656,0.980478,6.48865
HierarchySmart,300,Medium,289,1,0.0206966,0.980025,6.48738
HierarchySmart,300,Medium,290,1,0.0142579,0.979603,6.48596
HierarchySmart,300,Medium,291,1,0.0067029,0.979478,6.48647
HierarchySmart,300,Medium,292,1,0.0192535,0.979478,6.48652
HierarchySmart,300,Medium,293,1,0.0267397,0.979462,6.48638
HierarchySmart,300,Medium,294,1,0.0167452,0.979462,6.48635
HierarchySmart,300,Medium,295,1,0.0101827,0.979274,6.48692
HierarchySmart,300,Medium,296,1,0.010917,0.979274,6.487
HierarchySmart,300,Medium,297,1,3.30674,0.97954,6.46415
HierarchySmart,300,Medium,298,1,2.05332,0.979743,6.46091
HierarchySmart,300,Medium,299,1,0.0167237,0.979743,6.46092
HierarchySmart,300,Medium,300,1,0.0413103,0.979759,6.46104
HierarchySmart,300,Medium,301,1,0.0163895,0.979759,6.46122
HierarchySmart,300,Medium,302,1,0.0082696,0.979759,6.46122
HierarchySmart,300,Medium,303,1,0.0142622,0.979743,6.46105
HierarchySmart,300,Medium,304,1,0.0131487,0.979728,6.46093
HierarchySmart,300,Medium,305,1,0.013483,0.979728,6.46098
HierarchySmart,300,Medium,306,1,1.10516,0.979728,6.46074
HierarchySmart,300,Medium,307,1,0.0198881,0.979728,6.46071
HierarchySmart,300,Medium,308,1,2.45402,0.979743,6.46261
HierarchySmart,300,Medium,309,1,0.018172,0.979728,6.46304
HierarchySmart,300,Medium,310,1,0.0183164,0.979712,6.46295
HierarchySmart,300,Medium,311,1,1.34509,0.98004,6.45479
HierarchySmart,300,Medium,312,1,0.00929255,0.98004,6.45475
HierarchySmart,300,Medium,313,1,0.0155812,0.98004,6.45504
HierarchySmart,300,Medium,314,3,1.59272,0.980009,6.45715
HierarchySmart,300,Medium,315,1,0.00797518,0.979962,6.45715
HierarchySmart,300,Medium,316,2,1.41404,0.980306,6.45232
HierarchySmart,300,Medium,317,1,0.0102921,0.980306,6.45232
HierarchySmart,300,Medium,318,1,1.76426,0.9804,6.44432
HierarchySmart,300,Medium,319,1,1.59633,0.980525,6.44387
HierarchySmart,300,Medium,320,1,0.0157024,0.980525,6.44398
HierarchySmart,300,Medium,321,1,0.0135005,0.980353,6.44366
HierarchySmart,300,Medium,322,1,0.0295761,0.980353,6.44367
HierarchySmart,300,Medium,323,1,0.0122462,0.980353,6.44369
HierarchySmart,300,Medium,324,1,0.0101605,0.980353,6.44367
HierarchySmart,300,Medium,325,1,5.56909,0.980837,6.42951
HierarchySmart,300,Medium,326,1,0.0128243,0.980572,6.42948
HierarchySmart,300,Medium,327,1,0.0168745,0.980572,6.42948
HierarchySmart,300,Medium,328,1,0.0304433,0.98054,6.43018
HierarchySmart,300,Medium,329,1,0.0185704,0.98054,6.43021
HierarchySmart,300,Medium,330,1,0.0391869,0.980525,6.4302
HierarchySmart,300,Medium,331,1,0.0151526,0.980525,6.43024
HierarchySmart,300,Medium,332,1,0.012737,0.980525,6.43027
HierarchySmart,300,Medium,333,1,1.03576,0.980556,6.42149
HierarchySmart,300,Medium,334,1,0.0129106,0.980556,6.42149
HierarchySmart,300,Medium,335,1,0.0111559,0.980556,6.42146
HierarchySmart,300,Medium,336,1,0.0154659,0.980556,6.42144
HierarchySmart,300,Medium,337,1,0.0120202,0.98054,6.42172
HierarchySmart,300,Medium,338,1,0.0102423,0.98054,6.42197
HierarchySmart,300,Medium,339,1,0.0196099,0.98054,6.42199
HierarchySmart,300,Medium,340,1,1.46431,0.980994,6.41813
HierarchySmart,300,Medium,341,1,0.00964515,0.980994,6.41826
HierarchySmart,300,Medium,342,1,0.0189141,0.980994,6.41829
HierarchySmart,300,Medium,343,1,0.0273054,0.980994,6.4183
HierarchySmart,300,Medium,344,1,0.0176414,0.980994,6.41829
HierarchySmart,300,Medium,345,1,1.18219,0.981009,6.41247
HierarchySmart,300,Medium,346,1,0.0987834,0.981009,6.4125
HierarchySmart,300,Medium,347,1,2.38832,0.981025,6.40956
HierarchySmart,300,Medium,348,4,1.71511,0.981259,6.40288
HierarchySmart,300,Medium,349,5,0.0888767,0.981291,6.40456
HierarchySmart,300,Medium,350,4,1.45516,0.981525,6.39679
HierarchySmart,300,Medium,351,1,0.027779,0.981494,6.39721
HierarchySmart,300,Medium,352,1,0.0107677,0.981494,6.39729
HierarchySmart,300,Medium,353,1,0.0115778,0.981494,6.39734
HierarchySmart,300,Medium,354,2,0.0247717,0.981431,6.39716
HierarchySmart,300,Medium,355,1,0.0153428,0.981416,6.39744
HierarchySmart,300,Medium,356,1,0.0341303,0.981416,6.39744
HierarchySmart,300,Medium,357,1,1.51418,0.981416,6.39724
HierarchySmart,300,Medium,358,2,0.026005,0.98115,6.39699
HierarchySmart,300,Medium,359,1,0.016503,0.98115,6.39734
HierarchySmart,300,Medium,360,1,1.53468,0.981213,6.39295
HierarchySmart,300,Medium,361,1,0.0252992,0.981197,6.39286
HierarchySmart,300,Medium,362,1,0.0218589,0.981197,6.39283
HierarchySmart,300,Medium,363,1,0.0340434,0.981197,6.39283
HierarchySmart,300,Medium,364,1,0.0408366,0.981197,6.39283
HierarchySmart,300,Medium,365,1,0.0341996,0.981197,6.39273
HierarchySmart,300,Medium,366,1,1.0775,0.981385,6.38544
HierarchySmart,300,Medium,367,1,0.0133767,0.980697,6.387
HierarchySmart,300,Medium,368,1,0.0197229,0.980697,6.38719
HierarchySmart,300,Medium,369,1,3.75199,0.981603,6.36047
HierarchySmart,300,Medium,370,1,0.0465632,0.981603,6.36048
HierarchySmart,300,Medium,371,1,1.69142,0.981744,6.35718
HierarchySmart,300,Medium,372,1,0.041365,0.981744,6.35725
HierarchySmart,300,Medium,373,2,0.022998,0.981728,6.35732
HierarchySmart,300,Medium,374,1,0.0122503,0.981728,6.35733
HierarchySmart,300,Medium,375,1,0.0175245,0.981728,6.35732
HierarchySmart,300,Medium,376,1,0.0280695,0.981728,6.3573
HierarchySmart,300,Medium,377,1,0.00903386,0.981728,6.35733
HierarchySmart,300,Medium,378,1,0.0128257,0.981713,6.35742
HierarchySmart,300,Medium,379,1,1.13769,0.981713,6.35957
HierarchySmart,300,Medium,380,1,0.0114447,0.981572,6.36006
HierarchySmart,300,Medium,381,1,0.0123981,0.981588,6.35999
HierarchySmart,300,Medium,382,1,0.0118258,0.981572,6.35994
HierarchySmart,300,Medium,383,1,0.0191179,0.981572,6.3599
HierarchySmart,300,Medium,384,1,0.0188651,0.981556,6.35994
HierarchySmart,300,Medium,385,1,0.0128933,0.981525,6.36005
HierarchySmart,300,Medium,386,1,0.0117005,0.981525,6.36
HierarchySmart,300,Medium,387,1,0.0147469,0.981525,6.36003
HierarchySmart,300,Medium,388,1,0.0333,0.981525,6.36
HierarchySmart,300,Medium,389,1,4.66266,0.981838,6.34636
HierarchySmart,300,Medium,390,1,0.00878089,0.981838,6.34637
HierarchySmart,300,Medium,391,1,0.0165017,0.981838,6.34637
HierarchySmart,300,Medium,392,1,0.0218458,0.981697,6.34561
HierarchySmart,300,Medium,393,1,0.0174864,0.981697,6.34562
HierarchySmart,300,Medium,394,1,0.0154867,0.981697,6.34566
HierarchySmart,300,Medium,395,1,0.0106301,0.981697,6.34566
HierarchySmart,300,Medium,396,1,0.0302097,0.981681,6.34579
HierarchySmart,300,Medium,397,1,1.95645,0.981681,6.34253
HierarchySmart,300,Medium,398,1,0.0116457,0.981697,6.34249
HierarchySmart,300,Medium,399,1,1.65329,0.981791,6.34161
HierarchySmart,300,Medium,400,1,0.0124298,0.981791,6.34166
HierarchySmart,300,Medium,401,1,0.0113487,0.981775,6.34163
HierarchySmart,300,Medium,402,1,0.0105071,0.981775,6.34157
HierarchySmart,300,Medium,403,1,0.0104349,0.981775,6.3416
HierarchySmart,300,Medium,404,1,0.027738,0.981775,6.34163
HierarchySmart,300,Medium,405,1,0.0209901,0.981775,6.34165
HierarchySmart,300,Medium,406,1,1.10788,0.981869,6.33396
HierarchySmart,300,Medium,407,1,0.00954119,0.981853,6.33401
HierarchySmart,300,Medium,408,1,0.00878207,0.981853,6.33401
HierarchySmart,300,Medium,409,1,4.52584,0.982119,6.32345
HierarchySmart,300,Medium,410,1,0.0107336,0.982119,6.32347
HierarchySmart,300,Medium,411,1,0.0160045,0.981994,6.3227
HierarchySmart,300,Medium,412,1,0.0203037,0.981978,6.32273
HierarchySmart,300,Medium,413,1,0.0125652,0.981978,6.32284
HierarchySmart,300,Medium,414,1,0.0208755,0.981978,6.32284
HierarchySmart,300,Medium,415,1,0.00975073,0.981978,6.32284
HierarchySmart,300,Medium,416,1,1.91427,0.981978,6.32405
HierarchySmart,300,Medium,417,1,0.0345921,0.981978,6.32399
HierarchySmart,300,Medium,418,1,0.0120358,0.981963,6.32395
HierarchySmart,300,Medium,419,1,1.55244,0.981994,6.32096
HierarchySmart,300,Medium,420,1,0.0116708,0.981994,6.32102
HierarchySmart,300,Medium,421,1,0.013515,0.981994,6.32094
HierarchySmart,300,Medium,422,1,0.0125182,0.981994,6.32094
HierarchySmart,300,Medium,423,1,0.00951687,0.981994,6.32102
HierarchySmart,300,Medium,424,1,0.0134149,0.98201,6.32096
HierarchySmart,300,Medium,425,1,0.0196839,0.98201,6.32142
HierarchySmart,300,Medium,426,1,1.94514,0.98201,6.32094
HierarchySmart,300,Medium,427,1,0.0215107,0.981994,6.32268
HierarchySmart,300,Medium,428,1,0.0174298,0.981994,6.32274
HierarchySmart,300,Medium,429,1,0.00923754,0.981994,6.32274
HierarchySmart,300,Medium,430,1,0.0232327,0.981994,6.32274
HierarchySmart,300,Medium,431,1,0.01876,0.981994,6.32274
HierarchySmart,300,Medium,432,1,0.018761,0.981978,6.32273
HierarchySmart,300,Medium,433,1,0.0123031,0.981994,6.32271
HierarchySmart,300,Medium,434,1,0.0166422,0.981994,6.32273
HierarchySmart,300,Medium,435,1,0.0179662,0.981994,6.32273
HierarchySmart,300,Medium,436,3,0.0450077,0.981244,6.33186
HierarchySmart,300,Medium,437,1,2.50112,0.981588,6.33751
HierarchySmart,300,Medium,438,1,9.96663,0.981588,6.33681
HierarchySmart,300,Medium,439,1,0.00736238,0.981588,6.33684
HierarchySmart,300,Medium,440,1,0.00885841,0.981588,6.33686
HierarchySmart,300,Medium,441,1,0.020949,0.981588,6.33686
HierarchySmart,300,Medium,442,1,0.0200998,0.981588,6.33673
HierarchySmart,300,Medium,443,1,0.0195416,0.981588,6.33673
HierarchySmart,300,Medium,444,1,0.0260428,0.981588,6.33675
HierarchySmart,300,Medium,445,1,0.0124137,0.981603,6.33672
HierarchySmart,300,Medium,446,1,0.0304349,0.981588,6.33713
HierarchySmart,300,Medium,447,1,1.28267,0.981681,6.33149
HierarchySmart,300,Medium,448,1,0.0244722,0.981681,6.33151
HierarchySmart,300,Medium,449,1,0.0140977,0.981666,6.33153
HierarchySmart,300,Medium,450,1,0.0227433,0.981666,6.33154
HierarchySmart,300,Medium,451,1,0.040725,0.981666,6.33158
HierarchySmart,300,Medium,452,1,0.017643,0.981666,6.33154
HierarchySmart,300,Medium,453,1,1.7339,0.981822,6.32508
HierarchySmart,300,Medium,454,3,0.0217776,0.98176,6.32534
HierarchySmart,300,Medium,455,2,1.40807,0.981791,6.31982
HierarchySmart,300,Medium,456,1,1.71714,0.981885,6.31202
HierarchySmart,300,Medium,457,3,0.0597429,0.981869,6.31225
HierarchySmart,300,Medium,458,1,0.0315116,0.981853,6.31227
HierarchySmart,300,Medium,459,1,0.0133895,0.981853,6.31238
HierarchySmart,300,Medium,460,1,0.0108513,0.981853,6.31236
HierarchySmart,300,Medium,461,1,0.0118208,0.981853,6.31243
HierarchySmart,300,Medium,462,1,0.0333068,0.981853,6.31247
HierarchySmart,300,Medium,463,1,1.35775,0.981994,6.30511
HierarchySmart,300,Medium,464,1,0.0142419,0.981994,6.30517
HierarchySmart,300,Medium,465,1,0.015939,0.981994,6.30517
HierarchySmart,300,Medium,466,1,0.028851,0.981994,6.30519
HierarchySmart,300,Medium,467,1,1.12347,0.981994,6.30576
HierarchySmart,300,Medium,468,1,0.0281611,0.981994,6.3057
HierarchySmart,300,Medium,469,1,0.017511,0.981978,6.30564
HierarchySmart,300,Medium,470,1,0.0213762,0.981978,6.30567
HierarchySmart,300,Medium,471,3,0.924503,0.982119,6.30039
HierarchySmart,300,Medium,472,1,0.0213725,0.982104,6.30044
HierarchySmart,300,Medium,473,1,1.29095,0.982291,6.298
HierarchySmart,300,Medium,474,1,0.0172473,0.982291,6.29805
HierarchySmart,300,Medium,475,1,0.0133343,0.982291,6.29805
HierarchySmart,300,Medium,476,1,0.0178166,0.982291,6.29803
HierarchySmart,300,Medium,477,4,1.52486,0.982479,6.29282
HierarchySmart,300,Medium,478,2,1.23117,0.982463,6.27989
HierarchySmart,300,Medium,479,1,0.0193025,0.982463,6.27989
HierarchySmart,300,Medium,480,1,0.0104502,0.982463,6.27962
HierarchySmart,300,Medium,481,1,0.0210799,0.982463,6.27963
HierarchySmart,300,Medium,482,1,0.0267891,0.982463,6.27963
HierarchySmart,300,Medium,483,1,0.0225083,0.982463,6.27965
HierarchySmart,300,Medium,484,1,1.62513,0.982666,6.27463
HierarchySmart,300,Medium,485,1,1.7698,0.982682,6.27375
HierarchySmart,300,Medium,486,1,0.0168721,0.982682,6.27377
HierarchySmart,300,Medium,487,1,0.0203412,0.982682,6.27375
HierarchySmart,300,Medium,488,6,2.34599,0.982432,6.27584
HierarchySmart,300,Medium,489,1,2.39148,0.982494,6.27781
HierarchySmart,300,Medium,490,1,1.1647,0.982494,6.27802
HierarchySmart,300,Medium,491,5,1.78251,0.982541,6.27885
HierarchySmart,300,Medium,492,9,4.50233,0.983745,6.24692
HierarchySmart,300,Medium,493,1,0.0074258,0.983713,6.24695
HierarchySmart,300,Medium,494,1,1.11961,0.983745,6.24281
HierarchySmart,300,Medium,495,1,0.0417742,0.983729,6.24287
HierarchySmart,300,Medium,496,1,0.0137316,0.983729,6.24289
HierarchySmart,300,Medium,497,1,0.0436815,0.983729,6.24291
HierarchySmart,300,Medium,498,1,0.014583,0.983729,6.24286
HierarchySmart,300,Medium,499,2,0.0345732,0.983713,6.24285
HierarchySmart,300,Medium,500,1,0.0127108,0.983713,6.24281
HierarchySmart,300,Medium,501,1,1.51209,0.983713,6.24177
HierarchySmart,300,Medium,502,1,0.0155318,0.983698,6.24179
HierarchySmart,300,Medium,503,1,0.106465,0.983698,6.2418
HierarchySmart,300,Medium,504,1,0.0187106,0.983698,6.2418
HierarchySmart,300,Medium,505,4,1.01405,0.983745,6.2357
HierarchySmart,300,Medium,506,1,0.0175225,0.983745,6.2357
HierarchySmart,300,Medium,507,1,0.0125121,0.983745,6.23577
HierarchySmart,300,Medium,508,1,0.0145992,0.983557,6.23689
HierarchySmart,300,Medium,509,1,0.0123223,0.983557,6.23705
HierarchySmart,300,Medium,510,1,0.0413583,0.983541,6.23653
HierarchySmart,300,Medium,511,1,0.017361,0.983307,6.23702
HierarchySmart,300,Medium,512,1,0.0353528,0.983307,6.23703
HierarchySmart,300,Medium,513,1,0.0378801,0.983307,6.23718
HierarchySmart,300,Medium,514,1,0.00922194,0.983307,6.23724
HierarchySmart,300,Medium,515,1,0.00850631,0.983307,6.23727
HierarchySmart,300,Medium,516,1,0.0270492,0.983307,6.23727
HierarchySmart,300,Medium,517,1,0.0243862,0.983323,6.23752
HierarchySmart,300,Medium,518,1,0.0156837,0.983323,6.23751
HierarchySmart,300,Medium,519,1,0.0141806,0.983307,6.23751
HierarchySmart,300,Medium,520,3,0.0386728,0.983291,6.23817
HierarchySmart,300,Medium,521,1,0.0116797,0.983276,6.23819
HierarchySmart,300,Medium,522,1,0.0127416,0.983276,6.23831
HierarchySmart,300,Medium,523,1,0.0139314,0.983245,6.23838
HierarchySmart,300,Medium,524,1,0.0139652,0.983213,6.2385
HierarchySmart,300,Medium,525,1,0.0168508,0.983213,6.23852
HierarchySmart,300,Medium,526,1,0.0107708,0.983198,6.23859
HierarchySmart,300,Medium,527,1,1.26082,0.983245,6.23063
HierarchySmart,300,Medium,528,1,0.0321178,0.983229,6.23055
HierarchySmart,300,Medium,529,1,0.0315268,0.983213,6.23043
HierarchySmart,300,Medium,530,1,0.0129186,0.983213,6.23027
HierarchySmart,300,Medium,531,1,0.0149688,0.983213,6.23036
HierarchySmart,300,Medium,532,1,0.0217521,0.983213,6.23038
HierarchySmart,300,Medium,533,1,0.0151632,0.983198,6.23053
HierarchySmart,300,Medium,534,1,0.0321735,0.983198,6.23053
HierarchySmart,300,Medium,535,1,0.902228,0.983213,6.22963
HierarchySmart,300,Medium,536,1,0.0139326,0.983198,6.22965
HierarchySmart,300,Medium,537,1,0.014165,0.983198,6.22965
HierarchySmart,300,Medium,538,1,0.0130303,0.983198,6.22976
HierarchySmart,300,Medium,539,1,0.0126662,0.983198,6.22962
HierarchySmart,300,Medium,540,1,0.0149303,0.983213,6.22957
HierarchySmart,300,Medium,541,1,0.0124509,0.983213,6.22957
HierarchySmart,300,Medium,542,1,0.0150191,0.983213,6.22955
HierarchySmart,300,Medium,543,1,0.0279853,0.983198,6.22949
HierarchySmart,300,Medium,544,1,0.0150644,0.983198,6.22946
HierarchySmart,300,Medium,545,1,0.0203729,0.983198,6.22941
HierarchySmart,300,Medium,546,1,0.01235,0.983198,6.22941
HierarchySmart,300,Medium,547,9,1.82785,0.983479,6.20724
HierarchySmart,300,Medium,548,1,1.82863,0.983479,6.20608
HierarchySmart,300,Medium,549,1,0.0270704,0.983479,6.20616
HierarchySmart,300,Medium,550,1,0.00878304,0.983479,6.20618
HierarchySmart,300,Medium,551,1,0.028671,0.983479,6.20618
HierarchySmart,300,Medium,552,1,0.0520789,0.983432,6.20571
HierarchySmart,300,Medium,553,2,0.0265772,0.983432,6.20587
HierarchySmart,300,Medium,554,1,0.00890532,0.983432,6.2059
HierarchySmart,300,Medium,555,1,0.0149703,0.983432,6.20593
HierarchySmart,300,Medium,556,1,0.00900677,0.983432,6.20522
HierarchySmart,300,Medium,557,2,1.68011,0.983432,6.20593
HierarchySmart,300,Medium,558,1,0.0125463,0.983416,6.20589
HierarchySmart,300,Medium,559,1,0.0105195,0.983416,6.20587
HierarchySmart,300,Medium,560,2,2.55984,0.983416,6.20603
HierarchySmart,300,Medium,561,3,1.73832,0.983401,6.20664
HierarchySmart,300,Medium,562,1,0.0121992,0.983401,6.20664
HierarchySmart,300,Medium,563,1,0.0219253,0.983401,6.20665
HierarchySmart,300,Medium,564,1,0.0155742,0.983401,6.20661
HierarchySmart,300,Medium,565,1,0.0258453,0.983385,6.20672
HierarchySmart,300,Medium,566,1,0.0113606,0.983385,6.20672
HierarchySmart,300,Medium,567,1,0.0100379,0.983385,6.20674
HierarchySmart,300,Medium,568,1,0.0143808,0.983385,6.20605
HierarchySmart,300,Medium,569,1,0.0381185,0.98337,6.20598
HierarchySmart,300,Medium,570,1,0.0101034,0.983291,6.20555
HierarchySmart,300,Medium,571,1,0.0178088,0.983307,6.20559
HierarchySmart,300,Medium,572,1,0.0139699,0.983323,6.20556
HierarchySmart,300,Medium,573,1,0.013494,0.983323,6.20562
HierarchySmart,300,Medium,574,1,0.017878,0.983323,6.20562
HierarchySmart,300,Medium,575,1,0.0195899,0.983323,6.20562
HierarchySmart,300,Medium,576,1,0.0136722,0.983323,6.20551
HierarchySmart,300,Medium,577,1,0.0235267,0.983323,6.20535
HierarchySmart,300,Medium,578,1,0.0154929,0.983307,6.20535
HierarchySmart,300,Medium,579,1,0.00650289,0.983307,6.20537
HierarchySmart,300,Medium,580,1,0.0157939,0.983307,6.2054
HierarchySmart,300,Medium,581,1,2.3624,0.983432,6.20911
HierarchySmart,300,Medium,582,1,0.0275982,0.983432,6.20905
HierarchySmart,300,Medium,583,1,0.0293288,0.983448,6.20919
HierarchySmart,300,Medium,584,1,1.10487,0.983479,6.20653
HierarchySmart,300,Medium,585,1,0.0148714,0.983479,6.20651
HierarchySmart,300,Medium,586,1,0.00950375,0.983479,6.20648
HierarchySmart,300,Medium,587,1,0.0155922,0.983479,6.20648
HierarchySmart,300,Medium,588,2,2.96534,0.983667,6.19285
HierarchySmart,300,Medium,589,1,0.015975,0.983667,6.19296
HierarchySmart,300,Medium,590,1,0.0116626,0.983604,6.1931
HierarchySmart,300,Medium,591,1,0.0161323,0.983604,6.19326
HierarchySmart,300,Medium,592,1,0.0140646,0.983479,6.19364
HierarchySmart,300,Medium,593,1,0.0197006,0.983463,6.19353
HierarchySmart,300,Medium,594,2,1.1526,0.983526,6.18711
HierarchySmart,300,Medium,595,1,0.0147385,0.98351,6.18713
HierarchySmart,300,Medium,596,2,0.0536559,0.983354,6.18486
HierarchySmart,300,Medium,597,1,0.027498,0.983354,6.18492
HierarchySmart,300,Medium,598,1,0.0310689,0.983338,6.18478
HierarchySmart,300,Medium,599,1,0.0237215,0.983338,6.18483
HierarchySmart,300,Medium,600,1,0.0120405,0.983338,6.18476
A* Static,300,Hard,0,0,0,0.998676,6.85866
A* Static,300,Hard,1,1,0,0.998547,6.85857
A* Static,300,Hard,2,1,0,0.998456,6.85845
A* Static,300,Hard,3,1,0,0.998437,6.85837
A* Static,300,Hard,4,1,0,0.9984,6.85849
A* Static,300,Hard,5,1,0,0.998382,6.85858
A* Static,300,Hard,6,1,0,0.998364,6.85847
A* Static,300,Hard,7,1,0,0.998364,6.85847
A* Static,300,Hard,8,1,0,0.998345,6.85843
A* Static,300,Hard,9,1,0,0.998253,6.85735
A* Static,300,Hard,10,1,0,0.99818,6.85732
A* Static,300,Hard,11,1,0,0.998143,6.85728
A* Static,300,Hard,12,1,0,0.998125,6.85715
A* Static,300,Hard,13,1,0,0.998106,6.85707
A* Static,300,Hard,14,1,0,0.998088,6.85699
A* Static,300,Hard,15,2,0,0.998051,6.85673
A* Static,300,Hard,16,1,0,0.998033,6.85678
A* Static,300,Hard,17,1,0,0.998014,6.85685
A* Static,300,Hard,18,1,0,0.997959,6.85692
A* Static,300,Hard,19,2,0,0.997904,6.85684
A* Static,300,Hard,20,1,0,0.997812,6.85684
A* Static,300,Hard,21,1,0,0.997757,6.85652
A* Static,300,Hard,22,1,0,0.99772,6.8565
A* Static,300,Hard,23,1,0,0.997647,6.85663
A* Static,300,Hard,24,1,0,0.997628,6.85658
A* Static,300,Hard,25,1,0,0.99761,6.85652
A* Static,300,Hard,26,2,0,0.997555,6.85673
A* Static,300,Hard,27,1,0,0.997536,6.85667
A* Static,300,Hard,28,1,0,0.997077,6.8567
A* Static,300,Hard,29,1,0,0.997021,6.85662
A* Static,300,Hard,30,1,0,0.997003,6.8566
A* Static,300,Hard,31,1,0,0.996985,6.85654
A* Static,300,Hard,32,1,0,0.996929,6.85651
A* Static,300,Hard,33,1,0,0.996893,6.8566
A* Static,300,Hard,34,1,0,0.996746,6.85656
A* Static,300,Hard,35,1,0,0.99669,6.85663
A* Static,300,Hard,36,1,0,0.996654,6.85658
A* Static,300,Hard,37,1,0,0.996635,6.85658
A* Static,300,Hard,38,2,0,0.99647,6.85641
A* Static,300,Hard,39,1,0,0.996433,6.85642
A* Static,300,Hard,40,1,0,0.996415,6.85646
A* Static,300,Hard,41,1,0,0.9959,6.85498
A* Static,300,Hard,42,1,0,0.995716,6.85383
A* Static,300,Hard,43,9,0,0.995311,6.85286
A* Static,300,Hard,44,1,0,0.995109,6.85254
A* Static,300,Hard,45,1,0,0.99487,6.85189
A* Static,300,Hard,46,1,0,0.994227,6.85272
A* Static,300,Hard,47,1,0,0.994208,6.85268
A* Static,300,Hard,48,1,0,0.99419,6.85277
A* Static,300,Hard,49,1,0,0.994172,6.85282
A* Static,300,Hard,50,1,0,0.994153,6.85284
A* Static,300,Hard,51,1,0,0.994135,6.85273
A* Static,300,Hard,52,1,0,0.993675,6.85353
A* Static,300,Hard,53,1,0,0.993638,6.85335
A* Static,300,Hard,54,1,0,0.993363,6.85317
A* Static,300,Hard,55,1,0,0.993344,6.85318
A* Static,300,Hard,56,1,0,0.993252,6.85315
A* Static,300,Hard,57,1,0,0.993234,6.85322
A* Static,300,Hard,58,1,0,0.993068,6.85233
A* Static,300,Hard,59,1,0,0.99305,6.85227
A* Static,300,Hard,60,1,0,0.992995,6.8522
A* Static,300,Hard,61,1,0,0.992884,6.85182
A* Static,300,Hard,62,1,0,0.992866,6.85193
A* Static,300,Hard,63,1,0,0.992811,6.85147
A* Static,300,Hard,64,1,0,0.992793,6.85147
A* Static,300,Hard,65,1,0,0.992535,6.85091
A* Static,300,Hard,66,1,0,0.992517,6.85093
A* Static,300,Hard,67,1,0,0.992039,6.84715
A* Static,300,Hard,68,1,0,0.991928,6.84704
A* Static,300,Hard,69,1,0,0.991726,6.8474
A* Static,300,Hard,70,1,0,0.991175,6.8459
A* Static,300,Hard,71,1,0,0.991083,6.84596
A* Static,300,Hard,72,1,0,0.991064,6.846
A* Static,300,Hard,73,1,0,0.990807,6.84473
A* Static,300,Hard,74,2,0,0.990623,6.84452
A* Static,300,Hard,75,1,0,0.990439,6.84404
A* Static,300,Hard,76,1,0,0.990421,6.84402
A* Static,300,Hard,77,1,0,0.990402,6.84402
A* Static,300,Hard,78,1,0,0.990366,6.84392
A* Static,300,Hard,79,1,0,0.990347,6.84388
A* Static,300,Hard,80,1,0,0.990329,6.84382
A* Static,300,Hard,81,3,0,0.990145,6.84311
A* Static,300,Hard,82,1,0,0.990053,6.84274
A* Static,300,Hard,83,6,0,0.98974,6.84206
A* Static,300,Hard,84,1,0,0.989722,6.84207
A* Static,300,Hard,85,1,0,0.989704,6.84189
A* Static,300,Hard,86,1,0,0.988692,6.83283
A* Static,300,Hard,87,1,0,0.988674,6.83276
A* Static,300,Hard,88,1,0,0.988656,6.83287
A* Static,300,Hard,89,1,0,0.988545,6.83218
A* Static,300,Hard,90,1,0,0.988527,6.83208
A* Static,300,Hard,91,1,0,0.988398,6.83204
A* Static,300,Hard,92,1,0,0.98838,6.83196
A* Static,300,Hard,93,1,0,0.988361,6.8319
A* Static,300,Hard,94,1,0,0.988251,6.83075
A* Static,300,Hard,95,1,0,0.988196,6.8305
A* Static,300,Hard,96,1,0,0.988141,6.83038
A* Static,300,Hard,97,1,0,0.98803,6.83019
A* Static,300,Hard,98,1,0,0.988012,6.8301
A* Static,300,Hard,99,1,0,0.988012,6.8301
A* Static,300,Hard,100,1,0,0.987994,6.83009
A* Static,300,Hard,101,1,0,0.987975,6.83005
A* Static,300,Hard,102,1,0,0.987865,6.83055
A* Static,300,Hard,103,1,0,0.987847,6.83053
A* Static,300,Hard,104,1,0,0.98781,6.83032
A* Static,300,Hard,105,1,0,0.987791,6.8303
A* Static,300,Hard,106,1,0,0.987773,6.83028
A* Static,300,Hard,107,1,0,0.987552,6.82882
A* Static,300,Hard,108,1,0,0.987479,6.82864
A* Static,300,Hard,109,1,0,0.986817,6.82847
A* Static,300,Hard,110,1,0,0.986799,6.82845
A* Static,300,Hard,111,1,0,0.986707,6.82832
A* Static,300,Hard,112,1,0,0.98667,6.82841
A* Static,300,Hard,113,1,0,0.986633,6.82833
A* Static,300,Hard,114,1,0,0.986449,6.82703
A* Static,300,Hard,115,1,0,0.985842,6.82739
A* Static,300,Hard,116,1,0,0.985787,6.82718
A* Static,300,Hard,117,1,0,0.985732,6.82722
A* Static,300,Hard,118,4,0,0.98553,6.82614
A* Static,300,Hard,119,1,0,0.985512,6.82621
A* Static,300,Hard,120,1,0,0.985475,6.82608
A* Static,300,Hard,121,1,0,0.985456,6.82596
A* Static,300,Hard,122,1,0,0.985438,6.82594
A* Static,300,Hard,123,1,0,0.985328,6.82609
A* Static,300,Hard,124,1,0,0.985272,6.82626
A* Static,300,Hard,125,1,0,0.985199,6.82591
A* Static,300,Hard,126,1,0,0.984776,6.82582
A* Static,300,Hard,127,1,0,0.984408,6.82492
A* Static,300,Hard,128,1,0,0.98439,6.82502
A* Static,300,Hard,129,1,0,0.984372,6.82502
A* Static,300,Hard,130,1,0,0.984335,6.82505
A* Static,300,Hard,131,1,0,0.984316,6.82499
A* Static,300,Hard,132,1,0,0.984298,6.82499
A* Static,300,Hard,133,5,0,0.983802,6.82451
A* Static,300,Hard,134,1,0,0.98371,6.82449
A* Static,300,Hard,135,1,0,0.983673,6.82458
A* Static,300,Hard,136,1,0,0.983581,6.82389
A* Static,300,Hard,137,1,0,0.983563,6.82387
A* Static,300,Hard,138,1,0,0.983452,6.82362
A* Static,300,Hard,139,3,0,0.982845,6.82148
A* Static,300,Hard,140,1,0,0.982257,6.82178
A* Static,300,Hard,141,1,0,0.982239,6.82174
A* Static,300,Hard,142,1,0,0.98222,6.82176
A* Static,300,Hard,143,1,0,0.981687,6.8213
A* Static,300,Hard,144,1,0,0.981558,6.82154
A* Static,300,Hard,145,1,0,0.981558,6.82154
A* Static,300,Hard,146,1,0,0.981411,6.82118
A* Static,300,Hard,147,1,0,0.981393,6.82123
A* Static,300,Hard,148,1,0,0.981375,6.82123
A* Static,300,Hard,149,1,0,0.981338,6.82098
A* Static,300,Hard,150,1,0,0.981301,6.82091
A* Static,300,Hard,151,1,0,0.981191,6.82063
A* Static,300,Hard,152,1,0,0.981172,6.82063
A* Static,300,Hard,153,1,0,0.981154,6.82064
A* Static,300,Hard,154,1,0,0.981117,6.82039
A* Static,300,Hard,155,1,0,0.98108,6.82018
A* Static,300,Hard,156,1,0,0.980529,6.81804
A* Static,300,Hard,157,1,0,0.98051,6.81792
A* Static,300,Hard,158,1,0,0.980492,6.81792
A* Static,300,Hard,159,1,0,0.980455,6.81774
A* Static,300,Hard,160,3,0,0.980124,6.81586
A* Static,300,Hard,161,1,0,0.980051,6.81592
A* Static,300,Hard,162,1,0,0.980032,6.8159
A* Static,300,Hard,163,1,0,0.979996,6.81591
A* Static,300,Hard,164,1,0,0.979977,6.81585
A* Static,300,Hard,165,1,0,0.979922,6.81582
A* Static,300,Hard,166,2,0,0.979628,6.81539
A* Static,300,Hard,167,1,0,0.979481,6.81544
A* Static,300,Hard,168,1,0,0.979426,6.81545
A* Static,300,Hard,169,1,0,0.979407,6.81539
A* Static,300,Hard,170,5,0,0.979297,6.81533
A* Static,300,Hard,171,1,0,0.979279,6.81529
A* Static,300,Hard,172,1,0,0.97926,6.81536
A* Static,300,Hard,173,1,0,0.979168,6.81485
A* Static,300,Hard,174,1,0,0.978911,6.81415
A* Static,300,Hard,175,2,0,0.978819,6.81404
A* Static,300,Hard,176,1,0,0.9788,6.81407
A* Static,300,Hard,177,1,0,0.977771,6.80628
A* Static,300,Hard,178,1,0,0.977697,6.80617
A* Static,300,Hard,179,1,0,0.977661,6.80624
A* Static,300,Hard,180,2,0,0.977219,6.8044
A* Static,300,Hard,181,1,0,0.977201,6.80447
A* Static,300,Hard,182,1,0,0.976392,6.8019
A* Static,300,Hard,183,3,0,0.976337,6.802
A* Static,300,Hard,184,1,0,0.976079,6.80151
A* Static,300,Hard,185,2,0,0.975951,6.80154
A* Static,300,Hard,186,1,0,0.975712,6.80095
A* Static,300,Hard,187,1,0,0.975656,6.80084
A* Static,300,Hard,188,1,0,0.97527,6.79997
A* Static,300,Hard,189,2,0,0.975013,6.79956
A* Static,300,Hard,190,1,0,0.974994,6.7995
A* Static,300,Hard,191,1,0,0.974774,6.79812
A* Static,300,Hard,192,1,0,0.974755,6.79815
A* Static,300,Hard,193,3,0,0.974627,6.79786
A* Static,300,Hard,194,1,0,0.97459,6.79772
A* Static,300,Hard,195,1,0,0.974572,6.79772
A* Static,300,Hard,196,1,0,0.974259,6.79737
A* Static,300,Hard,197,1,0,0.974241,6.79729
A* Static,300,Hard,198,1,0,0.974185,6.79717
A* Static,300,Hard,199,1,0,0.974094,6.79718
A* Static,300,Hard,200,2,0,0.973799,6.79671
A* Static,300,Hard,201,3,0,0.973524,6.79593
A* Static,300,Hard,202,1,0,0.973468,6.79581
A* Static,300,Hard,203,2,0,0.973229,6.79493
A* Static,300,Hard,204,1,0,0.973211,6.79488
A* Static,300,Hard,205,2,0,0.973174,6.79471
A* Static,300,Hard,206,1,0,0.973064,6.79408
A* Static,300,Hard,207,1,0,0.973046,6.79396
A* Static,300,Hard,208,1,0,0.973027,6.79392
A* Static,300,Hard,209,5,0,0.971979,6.79283
A* Static,300,Hard,210,1,0,0.971869,6.79307
A* Static,300,Hard,211,1,0,0.97185,6.79314
A* Static,300,Hard,212,1,0,0.971795,6.79313
A* Static,300,Hard,213,1,0,0.971777,6.7932
A* Static,300,Hard,214,2,0,0.971722,6.79313
A* Static,300,Hard,215,1,0,0.971703,6.79313
A* Static,300,Hard,216,1,0,0.971593,6.79327
A* Static,300,Hard,217,1,0,0.971244,6.7922
A* Static,300,Hard,218,1,0,0.971152,6.79221
A* Static,300,Hard,219,1,0,0.971078,6.79209
A* Static,300,Hard,220,1,0,0.971041,6.7921
A* Static,300,Hard,221,1,0,0.970508,6.78804
A* Static,300,Hard,222,1,0,0.970453,6.78763
A* Static,300,Hard,223,1,0,0.970435,6.78759
A* Static,300,Hard,224,1,0,0.970398,6.78766
A* Static,300,Hard,225,2,0,0.969221,6.78651
A* Static,300,Hard,226,2,0,0.969166,6.7867
A* Static,300,Hard,227,1,0,0.968835,6.7858
A* Static,300,Hard,228,3,0,0.968614,6.7851
A* Static,300,Hard,229,1,0,0.968559,6.78501
A* Static,300,Hard,230,1,0,0.968486,6.78485
A* Static,300,Hard,231,1,0,0.968449,6.78452
A* Static,300,Hard,232,1,0,0.968431,6.78453
A* Static,300,Hard,233,1,0,0.968394,6.78473
A* Static,300,Hard,234,1,0,0.968283,6.78444
A* Static,300,Hard,235,1,0,0.968265,6.78432
A* Static,300,Hard,236,1,0,0.96821,6.7842
A* Static,300,Hard,237,1,0,0.968136,6.78401
A* Static,300,Hard,238,1,0,0.968118,6.78393
A* Static,300,Hard,239,1,0,0.967934,6.78429
A* Static,300,Hard,240,1,0,0.967805,6.78399
A* Static,300,Hard,241,1,0,0.967787,6.78378
A* Static,300,Hard,242,1,0,0.967125,6.78519
A* Static,300,Hard,243,1,0,0.967052,6.78527
A* Static,300,Hard,244,1,0,0.967033,6.7853
A* Static,300,Hard,245,1,0,0.967015,6.78524
A* Static,300,Hard,246,1,0,0.966868,6.78451
A* Static,300,Hard,247,1,0,0.966279,6.78561
A* Static,300,Hard,248,1,0,0.966077,6.78574
A* Static,300,Hard,249,1,0,0.965948,6.78573
A* Static,300,Hard,250,1,0,0.96593,6.7857
A* Static,300,Hard,251,1,0,0.965912,6.78562
A* Static,300,Hard,252,1,0,0.965893,6.78554
A* Static,300,Hard,253,1,0,0.96582,6.78572
A* Static,300,Hard,254,4,0,0.965415,6.78475
A* Static,300,Hard,255,1,0,0.965213,6.7848
A* Static,300,Hard,256,1,0,0.965011,6.784
A* Static,300,Hard,257,3,0,0.964937,6.78377
A* Static,300,Hard,258,1,0,0.9649,6.78363
A* Static,300,Hard,259,1,0,0.964845,6.78373
A* Static,300,Hard,260,1,0,0.96468,6.78373
A* Static,300,Hard,261,1,0,0.964643,6.78378
A* Static,300,Hard,262,1,0,0.964625,6.78378
A* Static,300,Hard,263,1,0,0.964606,6.78362
A* Static,300,Hard,264,1,0,0.96433,6.7827
A* Static,300,Hard,265,1,0,0.964202,6.78267
A* Static,300,Hard,266,1,0,0.963797,6.78376
A* Static,300,Hard,267,2,0,0.963393,6.7835
A* Static,300,Hard,268,1,0,0.963301,6.78338
A* Static,300,Hard,269,1,0,0.963264,6.78339
A* Static,300,Hard,270,1,0,0.963246,6.78339
A* Static,300,Hard,271,1,0,0.963227,6.78337
A* Static,300,Hard,272,1,0,0.96308,6.7832
A* Static,300,Hard,273,1,0,0.962289,6.77901
A* Static,300,Hard,274,1,0,0.962087,6.7782
A* Static,300,Hard,275,1,0,0.962106,6.77815
A* Static,300,Hard,276,2,0,0.96183,6.77627
A* Static,300,Hard,277,1,0,0.961811,6.77626
A* Static,300,Hard,278,1,0,0.961775,6.7762
A* Static,300,Hard,279,1,0,0.961683,6.7765
A* Static,300,Hard,280,1,0,0.961278,6.7751
A* Static,300,Hard,281,1,0,0.961205,6.77509
A* Static,300,Hard,282,1,0,0.961186,6.77487
A* Static,300,Hard,283,1,0,0.961058,6.77473
A* Static,300,Hard,284,2,0,0.960046,6.76719
A* Static,300,Hard,285,1,0,0.96001,6.76717
A* Static,300,Hard,286,1,0,0.959899,6.76744
A* Static,300,Hard,287,1,0,0.959881,6.76748
A* Static,300,Hard,288,2,0,0.959568,6.76746
A* Static,300,Hard,289,1,0,0.95955,6.76732
A* Static,300,Hard,290,2,0,0.959366,6.76745
A* Static,300,Hard,291,1,0,0.959348,6.76743
A* Static,300,Hard,292,1,0,0.959329,6.76723
A* Static,300,Hard,293,1,0,0.959256,6.76712
A* Static,300,Hard,294,2,0,0.959219,6.76705
A* Static,300,Hard,295,1,0,0.959201,6.76712
A* Static,300,Hard,296,1,0,0.959182,6.76716
A* Static,300,Hard,297,1,0,0.959164,6.76704
A* Static,300,Hard,298,1,0,0.959109,6.76695
A* Static,300,Hard,299,1,0,0.959035,6.76678
A* Static,300,Hard,300,1,0,0.958814,6.76569
A* Static,300,Hard,301,1,0,0.958667,6.76534
A* Static,300,Hard,302,1,0,0.958631,6.76547
A* Static,300,Hard,303,1,0,0.958539,6.76514
A* Static,300,Hard,304,1,0,0.95852,6.76512
A* Static,300,Hard,305,1,0,0.958447,6.76491
A* Static,300,Hard,306,1,0,0.958226,6.76487
A* Static,300,Hard,307,1,0,0.958208,6.76477
A* Static,300,Hard,308,1,0,0.958189,6.76475
A* Static,300,Hard,309,1,0,0.958116,6.7644
A* Static,300,Hard,310,1,0,0.957987,6.76435
A* Static,300,Hard,311,1,0,0.957969,6.76425
A* Static,300,Hard,312,1,0,0.95795,6.76428
A* Static,300,Hard,313,1,0,0.95795,6.76428
A* Static,300,Hard,314,1,0,0.957803,6.76402
A* Static,300,Hard,315,1,0,0.957601,6.76426
A* Static,300,Hard,316,1,0,0.957583,6.76431
A* Static,300,Hard,317,2,0,0.957325,6.7638
A* Static,300,Hard,318,1,0,0.957307,6.76388
A* Static,300,Hard,319,1,0,0.957252,6.76381
A* Static,300,Hard,320,1,0,0.957233,6.76361
A* Static,300,Hard,321,1,0,0.957233,6.76361
A* Static,300,Hard,322,1,0,0.956737,6.76208
A* Static,300,Hard,323,1,0,0.956718,6.76202
A* Static,300,Hard,324,1,0,0.9567,6.76202
A* Static,300,Hard,325,2,0,0.95659,6.76226
A* Static,300,Hard,326,1,0,0.956553,6.762
A* Static,300,Hard,327,1,0,0.956535,6.76182
A* Static,300,Hard,328,1,0,0.956535,6.76182
A* Static,300,Hard,329,1,0,0.956516,6.7618
A* Static,300,Hard,330,2,0,0.956424,6.76212
A* Static,300,Hard,331,3,0,0.955707,6.76275
A* Static,300,Hard,332,1,0,0.955615,6.76296
A* Static,300,Hard,333,1,0,0.955597,6.76295
A* Static,300,Hard,334,1,0,0.955578,6.76297
A* Static,300,Hard,335,1,0,0.955542,6.76313
A* Static,300,Hard,336,1,0,0.955468,6.76294
A* Static,300,Hard,337,1,0,0.95545,6.76288
A* Static,300,Hard,338,1,0,0.955413,6.76272
A* Static,300,Hard,339,2,0,0.955321,6.76227
A* Static,300,Hard,340,1,0,0.955266,6.76216
A* Static,300,Hard,341,1,0,0.955247,6.76206
A* Static,300,Hard,342,1,0,0.955192,6.76201
A* Static,300,Hard,343,1,0,0.955082,6.76208
A* Static,300,Hard,344,2,0,0.955064,6.76215
A* Static,300,Hard,345,1,0,0.955045,6.76214
A* Static,300,Hard,346,2,0,0.954861,6.76204
A* Static,300,Hard,347,1,0,0.954825,6.76193
A* Static,300,Hard,348,1,0,0.954788,6.76175
A* Static,300,Hard,349,1,0,0.954769,6.76169
A* Static,300,Hard,350,1,0,0.954696,6.76181
A* Static,300,Hard,351,1,0,0.953335,6.75921
A* Static,300,Hard,352,1,0,0.953317,6.75911
A* Static,300,Hard,353,1,0,0.95328,6.7592
A* Static,300,Hard,354,1,0,0.953243,6.75901
A* Static,300,Hard,355,1,0,0.953243,6.75901
A* Static,300,Hard,356,1,0,0.953225,6.75891
A* Static,300,Hard,357,1,0,0.953225,6.75891
A* Static,300,Hard,358,1,0,0.953151,6.75885
A* Static,300,Hard,359,3,0,0.953078,6.7587
A* Static,300,Hard,360,1,0,0.953059,6.75879
A* Static,300,Hard,361,1,0,0.953041,6.7589
A* Static,300,Hard,362,1,0,0.952784,6.75838
A* Static,300,Hard,363,1,0,0.952747,6.75792
A* Static,300,Hard,364,1,0,0.952673,6.75788
A* Static,300,Hard,365,1,0,0.952655,6.75778
A* Static,300,Hard,366,1,0,0.952637,6.75778
A* Static,300,Hard,367,1,0,0.952526,6.75812
A* Static,300,Hard,368,1,0,0.95249,6.75793
A* Static,300,Hard,369,1,0,0.951717,6.75756
A* Static,300,Hard,370,1,0,0.951681,6.75746
A* Static,300,Hard,371,2,0,0.951441,6.7573
A* Static,300,Hard,372,1,0,0.951441,6.7573
A* Static,300,Hard,373,1,0,0.951276,6.75757
A* Static,300,Hard,374,1,0,0.951276,6.75757
A* Static,300,Hard,375,1,0,0.950945,6.7581
A* Static,300,Hard,376,1,0,0.950357,6.75681
A* Static,300,Hard,377,1,0,0.950338,6.75659
A* Static,300,Hard,378,1,0,0.949971,6.75648
A* Static,300,Hard,379,1,0,0.949934,6.75641
A* Static,300,Hard,380,1,0,0.949915,6.75635
A* Static,300,Hard,381,1,0,0.949897,6.75636
A* Static,300,Hard,382,1,0,0.949456,6.75559
A* Static,300,Hard,383,3,0,0.949235,6.75519
A* Static,300,Hard,384,1,0,0.949217,6.7551
A* Static,300,Hard,385,1,0,0.948739,6.75091
A* Static,300,Hard,386,1,0,0.948684,6.7509
A* Static,300,Hard,387,1,0,0.948408,6.74985
A* Static,300,Hard,388,2,0,0.948389,6.74987
A* Static,300,Hard,389,2,0,0.948077,6.74996
A* Static,300,Hard,390,1,0,0.948058,6.74996
A* Static,300,Hard,391,2,0,0.948022,6.74997
A* Static,300,Hard,392,1,0,0.947911,6.7497
A* Static,300,Hard,393,1,0,0.94793,6.74973
A* Static,300,Hard,394,1,0,0.94793,6.74973
A* Static,300,Hard,395,1,0,0.94793,6.74973
A* Static,300,Hard,396,1,0,0.947727,6.74968
A* Static,300,Hard,397,1,0,0.947544,6.74924
A* Static,300,Hard,398,1,0,0.947525,6.74918
A* Static,300,Hard,399,1,0,0.947525,6.74918
A* Static,300,Hard,400,1,0,0.94747,6.74939
A* Static,300,Hard,401,1,0,0.947231,6.74919
A* Static,300,Hard,402,1,0,0.947102,6.74866
A* Static,300,Hard,403,1,0,0.9469,6.74891
A* Static,300,Hard,404,1,0,0.946863,6.74904
A* Static,300,Hard,405,1,0,0.946459,6.74887
A* Static,300,Hard,406,1,0,0.94644,6.74877
A* Static,300,Hard,407,1,0,0.946404,6.7487
A* Static,300,Hard,408,1,0,0.946385,6.74874
A* Static,300,Hard,409,1,0,0.945907,6.74072
A* Static,300,Hard,410,1,0,0.945889,6.74073
A* Static,300,Hard,411,1,0,0.945852,6.74074
A* Static,300,Hard,412,1,0,0.945834,6.74066
A* Static,300,Hard,413,1,0,0.945815,6.74062
A* Static,300,Hard,414,1,0,0.945778,6.74055
A* Static,300,Hard,415,1,0,0.945705,6.74031
A* Static,300,Hard,416,1,0,0.945668,6.74017
A* Static,300,Hard,417,1,0,0.945631,6.74012
A* Static,300,Hard,418,1,0,0.945576,6.74022
A* Static,300,Hard,419,1,0,0.945503,6.73999
A* Static,300,Hard,420,1,0,0.945484,6.73992
A* Static,300,Hard,421,2,0,0.945429,6.73991
A* Static,300,Hard,422,1,0,0.945209,6.73979
A* Static,300,Hard,423,2,0,0.945061,6.73981
A* Static,300,Hard,424,1,0,0.945043,6.73982
A* Static,300,Hard,425,1,0,0.945025,6.7398
A* Static,300,Hard,426,1,0,0.945006,6.73969
A* Static,300,Hard,427,1,0,0.944767,6.73875
A* Static,300,Hard,428,1,0,0.944749,6.73869
A* Static,300,Hard,429,1,0,0.94473,6.73855
A* Static,300,Hard,430,2,0,0.944694,6.7384
A* Static,300,Hard,431,1,0,0.944473,6.73818
A* Static,300,Hard,432,1,0,0.944455,6.7382
A* Static,300,Hard,433,1,0,0.944344,6.73807
A* Static,300,Hard,434,1,0,0.944326,6.73808
A* Static,300,Hard,435,1,0,0.944308,6.73806
A* Static,300,Hard,436,1,0,0.944013,6.73837
A* Static,300,Hard,437,1,0,0.943995,6.73842
A* Static,300,Hard,438,1,0,0.943977,6.73847
A* Static,300,Hard,439,1,0,0.943903,6.73845
A* Static,300,Hard,440,1,0,0.943866,6.73846
A* Static,300,Hard,441,1,0,0.943811,6.73792
A* Static,300,Hard,442,1,0,0.943793,6.73796
A* Static,300,Hard,443,1,0,0.943774,6.73781
A* Static,300,Hard,444,1,0,0.943168,6.73763
A* Static,300,Hard,445,1,0,0.943168,6.73763
A* Static,300,Hard,446,1,0,0.943094,6.73747
A* Static,300,Hard,447,1,0,0.943076,6.73737
A* Static,300,Hard,448,1,0,0.943076,6.73737
A* Static,300,Hard,449,1,0,0.942781,6.7376
A* Static,300,Hard,450,1,0,0.942763,6.73753
A* Static,300,Hard,451,1,0,0.942634,6.73678
A* Static,300,Hard,452,1,0,0.942524,6.73667
A* Static,300,Hard,453,1,0,0.942524,6.73667
A* Static,300,Hard,454,1,0,0.942506,6.73656
A* Static,300,Hard,455,8,0,0.94212,6.73532
A* Static,300,Hard,456,1,0,0.942101,6.73524
A* Static,300,Hard,457,1,0,0.941568,6.73378
A* Static,300,Hard,458,1,0,0.941568,6.73378
A* Static,300,Hard,459,1,0,0.941476,6.73397
A* Static,300,Hard,460,1,0,0.941403,6.73366
A* Static,300,Hard,461,1,0,0.941366,6.73371
A* Static,300,Hard,462,1,0,0.941311,6.73367
A* Static,300,Hard,463,1,0,0.940833,6.73219
A* Static,300,Hard,464,1,0,0.940796,6.73208
A* Static,300,Hard,465,1,0,0.940336,6.7296
A* Static,300,Hard,466,1,0,0.940263,6.72938
A* Static,300,Hard,467,1,0,0.940207,6.72966
A* Static,300,Hard,468,1,0,0.940042,6.73032
A* Static,300,Hard,469,1,0,0.940005,6.73025
A* Static,300,Hard,470,1,0,0.939987,6.73024
A* Static,300,Hard,471,1,0,0.93995,6.73002
A* Static,300,Hard,472,1,0,0.939932,6.72997
A* Static,300,Hard,473,1,0,0.939876,6.72955
A* Static,300,Hard,474,2,0,0.939766,6.72905
A* Static,300,Hard,475,1,0,0.938884,6.72773
A* Static,300,Hard,476,1,0,0.938773,6.7276
A* Static,300,Hard,477,1,0,0.938589,6.72816
A* Static,300,Hard,478,1,0,0.938589,6.72816
A* Static,300,Hard,479,1,0,0.938497,6.72841
A* Static,300,Hard,480,1,0,0.938479,6.72836
A* Static,300,Hard,481,1,0,0.938461,6.72838
A* Static,300,Hard,482,1,0,0.938148,6.72721
A* Static,300,Hard,483,1,0,0.93813,6.72724
A* Static,300,Hard,484,1,0,0.938019,6.72752
A* Static,300,Hard,485,1,0,0.938001,6.7275
A* Static,300,Hard,486,1,0,0.938001,6.7275
A* Static,300,Hard,487,1,0,0.937486,6.72619
A* Static,300,Hard,488,1,0,0.937468,6.72611
A* Static,300,Hard,489,1,0,0.937376,6.72608
A* Static,300,Hard,490,1,0,0.93721,6.72538
A* Static,300,Hard,491,1,0,0.937192,6.72528
A* Static,300,Hard,492,1,0,0.9371,6.72516
A* Static,300,Hard,493,1,0,0.937063,6.72497
A* Static,300,Hard,494,1,0,0.937045,6.72508
A* Static,300,Hard,495,1,0,0.937027,6.72511
A* Static,300,Hard,496,1,0,0.936916,6.72479
A* Static,300,Hard,497,1,0,0.936861,6.72465
A* Static,300,Hard,498,1,0,0.936843,6.72457
A* Static,300,Hard,499,1,0,0.936585,6.72314
A* Static,300,Hard,500,1,0,0.936291,6.72396
A* Static,300,Hard,501,1,0,0.935942,6.72311
A* Static,300,Hard,502,1,0,0.935813,6.72205
A* Static,300,Hard,503,1,0,0.935776,6.7219
A* Static,300,Hard,504,1,0,0.935721,6.72165
A* Static,300,Hard,505,1,0,0.935261,6.71917
A* Static,300,Hard,506,1,0,0.935243,6.71922
A* Static,300,Hard,507,1,0,0.934949,6.71843
A* Static,300,Hard,508,1,0,0.934857,6.71795
A* Static,300,Hard,509,1,0,0.934839,6.71798
A* Static,300,Hard,510,1,0,0.93482,6.71796
A* Static,300,Hard,511,1,0,0.934783,6.71773
A* Static,300,Hard,512,1,0,0.934728,6.71753
A* Static,300,Hard,513,1,0,0.934471,6.71679
A* Static,300,Hard,514,1,0,0.934452,6.71676
A* Static,300,Hard,515,1,0,0.934397,6.71677
A* Static,300,Hard,516,1,0,0.934379,6.7167
A* Static,300,Hard,517,1,0,0.934342,6.71639
A* Static,300,Hard,518,1,0,0.93403,6.71524
A* Static,300,Hard,519,1,0,0.934011,6.71509
A* Static,300,Hard,520,3,0,0.933827,6.71425
A* Static,300,Hard,521,1,0,0.933607,6.71265
A* Static,300,Hard,522,1,0,0.933533,6.71286
A* Static,300,Hard,523,1,0,0.933404,6.71276
A* Static,300,Hard,524,1,0,0.933312,6.71289
A* Static,300,Hard,525,5,0,0.93311,6.71299
A* Static,300,Hard,526,1,0,0.933037,6.71312
A* Static,300,Hard,527,1,0,0.933,6.71297
A* Static,300,Hard,528,1,0,0.932632,6.71311
A* Static,300,Hard,529,1,0,0.93254,6.7134
A* Static,300,Hard,530,2,0,0.93243,6.71268
A* Static,300,Hard,531,1,0,0.932173,6.71102
A* Static,300,Hard,532,1,0,0.932154,6.71094
A* Static,300,Hard,533,3,0,0.931786,6.71066
A* Static,300,Hard,534,1,0,0.931694,6.7102
A* Static,300,Hard,535,1,0,0.931676,6.71021
A* Static,300,Hard,536,2,0,0.931621,6.71014
A* Static,300,Hard,537,2,0,0.931529,6.71013
A* Static,300,Hard,538,1,0,0.931511,6.71018
A* Static,300,Hard,539,1,0,0.9314,6.71037
A* Static,300,Hard,540,1,0,0.931382,6.71038
A* Static,300,Hard,541,1,0,0.931345,6.70987
A* Static,300,Hard,542,1,0,0.931327,6.70985
A* Static,300,Hard,543,1,0,0.93129,6.70966
A* Static,300,Hard,544,1,0,0.930646,6.70156
A* Static,300,Hard,545,1,0,0.93015,6.69936
A* Static,300,Hard,546,1,0,0.930095,6.69911
A* Static,300,Hard,547,1,0,0.930076,6.69898
A* Static,300,Hard,548,1,0,0.930058,6.69886
A* Static,300,Hard,549,1,0,0.930003,6.69884
A* Static,300,Hard,550,1,0,0.929985,6.69875
A* Static,300,Hard,551,3,0,0.929911,6.69849
A* Static,300,Hard,552,1,0,0.929819,6.69827
A* Static,300,Hard,553,1,0,0.929746,6.69769
A* Static,300,Hard,554,1,0,0.929746,6.69769
A* Static,300,Hard,555,1,0,0.929709,6.69758
A* Static,300,Hard,556,1,0,0.92969,6.69745
A* Static,300,Hard,557,1,0,0.929672,6.69745
A* Static,300,Hard,558,1,0,0.929654,6.69738
A* Static,300,Hard,559,1,0,0.929635,6.69734
A* Static,300,Hard,560,2,0,0.929543,6.69653
A* Static,300,Hard,561,1,0,0.929507,6.6963
A* Static,300,Hard,562,1,0,0.92947,6.69637
A* Static,300,Hard,563,1,0,0.929451,6.69623
A* Static,300,Hard,564,1,0,0.929231,6.69414
A* Static,300,Hard,565,1,0,0.929065,6.6944
A* Static,300,Hard,566,1,0,0.929047,6.69437
A* Static,300,Hard,567,3,0,0.928863,6.69334
A* Static,300,Hard,568,1,0,0.928845,6.6933
A* Static,300,Hard,569,1,0,0.928734,6.69336
A* Static,300,Hard,570,1,0,0.928734,6.69336
A* Static,300,Hard,571,1,0,0.928716,6.69343
A* Static,300,Hard,572,1,0,0.928606,6.69334
A* Static,300,Hard,573,1,0,0.928587,6.69325
A* Static,300,Hard,574,1,0,0.928532,6.69308
A* Static,300,Hard,575,1,0,0.928514,6.69311
A* Static,300,Hard,576,1,0,0.928422,6.69241
A* Static,300,Hard,577,1,0,0.928367,6.69215
A* Static,300,Hard,578,1,0,0.928219,6.69163
A* Static,300,Hard,579,1,0,0.927944,6.68991
A* Static,300,Hard,580,1,0,0.927944,6.68991
A* Static,300,Hard,581,1,0,0.927907,6.68976
A* Static,300,Hard,582,1,0,0.927889,6.68969
A* Static,300,Hard,583,1,0,0.927521,6.69032
A* Static,300,Hard,584,1,0,0.927484,6.69037
A* Static,300,Hard,585,1,0,0.927466,6.69032
A* Static,300,Hard,586,1,0,0.927429,6.69037
A* Static,300,Hard,587,1,0,0.927429,6.69037
A* Static,300,Hard,588,1,0,0.927374,6.69047
A* Static,300,Hard,589,1,0,0.927116,6.69005
A* Static,300,Hard,590,1,0,0.926896,6.69033
A* Static,300,Hard,591,1,0,0.92673,6.69063
A* Static,300,Hard,592,1,0,0.926712,6.69065
A* Static,300,Hard,593,1,0,0.926693,6.6906
A* Static,300,Hard,594,1,0,0.926675,6.69056
A* Static,300,Hard,595,1,0,0.926657,6.69057
A* Static,300,Hard,596,1,0,0.926565,6.69074
A* Static,300,Hard,597,1,0,0.926234,6.69023
A* Static,300,Hard,598,1,0,0.925976,6.6906
A* Static,300,Hard,599,1,0,0.925921,6.69088
A* Static,300,Hard,600,1,0,0.925553,6.69084
A* Oracle,300,Hard,0,0,0,0.998676,6.85866
A* Oracle,300,Hard,1,1,7.30325,0.998676,6.85868
A* Oracle,300,Hard,2,1,7.3119,0.998676,6.8587
A* Oracle,300,Hard,3,1,7.30017,0.998676,6.8587
A* Oracle,300,Hard,4,1,7.30356,0.998676,6.85868
A* Oracle,300,Hard,5,1,7.31059,0.998676,6.85765
A* Oracle,300,Hard,6,1,7.33229,0.998676,6.85649
A* Oracle,300,Hard,7,1,7.34261,0.998676,6.85649
A* Oracle,300,Hard,8,1,7.32524,0.998676,6.85651
A* Oracle,300,Hard,9,1,7.36243,0.998676,6.85651
A* Oracle,300,Hard,10,1,7.33031,0.998676,6.85652
A* Oracle,300,Hard,11,1,7.37616,0.998676,6.85627
A* Oracle,300,Hard,12,1,7.34599,0.998676,6.85621
A* Oracle,300,Hard,13,1,7.35158,0.998676,6.85621
A* Oracle,300,Hard,14,1,7.34876,0.998676,6.85619
A* Oracle,300,Hard,15,2,7.35562,0.998676,6.85621
A* Oracle,300,Hard,16,1,7.36317,0.998676,6.85617
A* Oracle,300,Hard,17,1,7.35005,0.998676,6.85617
A* Oracle,300,Hard,18,1,7.35301,0.998676,6.85617
A* Oracle,300,Hard,19,2,7.34719,0.998676,6.85617
A* Oracle,300,Hard,20,1,7.345,0.998676,6.85621
A* Oracle,300,Hard,21,1,7.35126,0.998676,6.85621
A* Oracle,300,Hard,22,1,7.36119,0.998676,6.85627
A* Oracle,300,Hard,23,1,7.35733,0.998676,6.85625
A* Oracle,300,Hard,24,1,7.36235,0.998676,6.85625
A* Oracle,300,Hard,25,1,7.35761,0.998676,6.85627
A* Oracle,300,Hard,26,2,7.36195,0.998676,6.85627
A* Oracle,300,Hard,27,1,7.38549,0.998676,6.85625
A* Oracle,300,Hard,28,1,7.36479,0.998676,6.85625
A* Oracle,300,Hard,29,1,7.37022,0.998676,6.85625
A* Oracle,300,Hard,30,1,7.34731,0.998658,6.85623
A* Oracle,300,Hard,31,1,7.35743,0.998658,6.85621
A* Oracle,300,Hard,32,1,7.35821,0.998658,6.85623
A* Oracle,300,Hard,33,1,7.34888,0.998658,6.85621
A* Oracle,300,Hard,34,1,7.34881,0.998658,6.85628
A* Oracle,300,Hard,35,1,7.37006,0.998658,6.85634
A* Oracle,300,Hard,36,1,7.35779,0.998658,6.85636
A* Oracle,300,Hard,37,1,7.37786,0.998639,6.85635
A* Oracle,300,Hard,38,2,7.36303,0.998639,6.85634
A* Oracle,300,Hard,39,1,7.37199,0.998639,6.85604
A* Oracle,300,Hard,40,1,7.36037,0.998639,6.85604
A* Oracle,300,Hard,41,1,7.35481,0.998639,6.85608
A* Oracle,300,Hard,42,1,7.35308,0.998639,6.85621
A* Oracle,300,Hard,43,9,7.36608,0.998603,6.85578
A* Oracle,300,Hard,44,1,7.37067,0.998603,6.85578
A* Oracle,300,Hard,45,1,7.37193,0.998603,6.85558
A* Oracle,300,Hard,46,1,7.34688,0.998603,6.85583
A* Oracle,300,Hard,47,1,7.36437,0.998603,6.85585
A* Oracle,300,Hard,48,1,7.35884,0.998603,6.85593
A* Oracle,300,Hard,49,1,7.36449,0.998603,6.85591
A* Oracle,300,Hard,50,1,7.35219,0.998603,6.85593
A* Oracle,300,Hard,51,1,7.34703,0.998603,6.85593
A* Oracle,300,Hard,52,1,7.3511,0.998603,6.85683
A* Oracle,300,Hard,53,1,7.36366,0.998603,6.85683
A* Oracle,300,Hard,54,1,7.35074,0.998603,6.85688
A* Oracle,300,Hard,55,1,7.35482,0.998603,6.85686
A* Oracle,300,Hard,56,1,7.3495,0.998603,6.85672
A* Oracle,300,Hard,57,1,7.35986,0.998603,6.85672
A* Oracle,300,Hard,58,1,7.36242,0.998603,6.85629
A* Oracle,300,Hard,59,1,7.36886,0.998603,6.85631
A* Oracle,300,Hard,60,1,7.35551,0.998603,6.85635
A* Oracle,300,Hard,61,1,7.35516,0.998603,6.85561
A* Oracle,300,Hard,62,1,7.3539,0.998603,6.85563
A* Oracle,300,Hard,63,1,7.37282,0.998603,6.85561
A* Oracle,300,Hard,64,1,7.36398,0.998603,6.85561
A* Oracle,300,Hard,65,1,7.37837,0.998603,6.85554
A* Oracle,300,Hard,66,1,7.36185,0.998603,6.85556
A* Oracle,300,Hard,67,1,7.36207,0.998603,6.85569
A* Oracle,300,Hard,68,1,7.37352,0.998603,6.85565
A* Oracle,300,Hard,69,1,7.34378,0.998603,6.85581
A* Oracle,300,Hard,70,1,7.359,0.998603,6.85639
A* Oracle,300,Hard,71,1,7.36739,0.998603,6.85615
A* Oracle,300,Hard,72,1,7.36771,0.998603,6.85602
A* Oracle,300,Hard,73,1,7.36478,0.998603,6.85602
A* Oracle,300,Hard,74,2,7.34427,0.998603,6.85602
A* Oracle,300,Hard,75,1,7.35966,0.998603,6.85616
A* Oracle,300,Hard,76,1,7.35996,0.998603,6.8562
A* Oracle,300,Hard,77,1,7.34546,0.998603,6.8562
A* Oracle,300,Hard,78,1,7.36875,0.998603,6.85622
A* Oracle,300,Hard,79,1,7.35935,0.998603,6.85622
A* Oracle,300,Hard,80,1,7.35175,0.998603,6.8562
A* Oracle,300,Hard,81,3,7.35352,0.998603,6.85618
A* Oracle,300,Hard,82,1,7.3541,0.998603,6.85622
A* Oracle,300,Hard,83,6,7.35494,0.998603,6.85618
A* Oracle,300,Hard,84,1,7.3596,0.998603,6.85609
A* Oracle,300,Hard,85,1,7.36052,0.998603,6.85541
A* Oracle,300,Hard,86,1,7.35644,0.998603,6.85543
A* Oracle,300,Hard,87,1,7.37253,0.998603,6.85541
A* Oracle,300,Hard,88,1,7.353,0.998603,6.85541
A* Oracle,300,Hard,89,1,7.36657,0.998603,6.85541
A* Oracle,300,Hard,90,1,7.35872,0.998584,6.85531
A* Oracle,300,Hard,91,1,7.35956,0.998584,6.85537
A* Oracle,300,Hard,92,1,7.35485,0.998584,6.85537
A* Oracle,300,Hard,93,1,7.36618,0.998584,6.85535
A* Oracle,300,Hard,94,1,7.34642,0.998584,6.85535
A* Oracle,300,Hard,95,1,7.33965,0.998584,6.85533
A* Oracle,300,Hard,96,1,7.35415,0.998584,6.85537
A* Oracle,300,Hard,97,1,7.35893,0.998584,6.8555
A* Oracle,300,Hard,98,1,7.34481,0.998584,6.85537
A* Oracle,300,Hard,99,1,7.36077,0.998584,6.85541
A* Oracle,300,Hard,100,1,7.35625,0.998584,6.85539
A* Oracle,300,Hard,101,1,7.34808,0.998584,6.85541
A* Oracle,300,Hard,102,1,7.36202,0.998584,6.85546
A* Oracle,300,Hard,103,1,7.34271,0.998584,6.85544
A* Oracle,300,Hard,104,1,7.36087,0.998584,6.85548
A* Oracle,300,Hard,105,1,7.34546,0.998584,6.85546
A* Oracle,300,Hard,106,1,7.35575,0.998584,6.85509
A* Oracle,300,Hard,107,1,7.33946,0.998603,6.85526
A* Oracle,300,Hard,108,1,7.37898,0.998603,6.85528
A* Oracle,300,Hard,109,1,7.35309,0.998603,6.85534
A* Oracle,300,Hard,110,1,7.35645,0.998603,6.85535
A* Oracle,300,Hard,111,1,7.35664,0.998603,6.85535
A* Oracle,300,Hard,112,1,7.34302,0.998603,6.85535
A* Oracle,300,Hard,113,1,7.35824,0.998603,6.85537
A* Oracle,300,Hard,114,1,7.36052,0.998603,6.85559
A* Oracle,300,Hard,115,1,7.35948,0.998603,6.85616
A* Oracle,300,Hard,116,1,7.33873,0.998603,6.85618
A* Oracle,300,Hard,117,1,7.35668,0.998603,6.85616
A* Oracle,300,Hard,118,4,7.35558,0.998658,6.85625
A* Oracle,300,Hard,119,1,7.34419,0.998658,6.85623
A* Oracle,300,Hard,120,1,7.35608,0.998658,6.85623
A* Oracle,300,Hard,121,1,7.35376,0.998658,6.85626
A* Oracle,300,Hard,122,1,7.34623,0.998658,6.85614
A* Oracle,300,Hard,123,1,7.33811,0.998658,6.8561
A* Oracle,300,Hard,124,1,7.33473,0.998658,6.85601
A* Oracle,300,Hard,125,1,7.33149,0.998658,6.85603
A* Oracle,300,Hard,126,1,7.33023,0.998658,6.8563
A* Oracle,300,Hard,127,1,7.33291,0.998658,6.8563
A* Oracle,300,Hard,128,1,7.33665,0.998658,6.85632
A* Oracle,300,Hard,129,1,7.33249,0.998658,6.85628
A* Oracle,300,Hard,130,1,7.33425,0.998658,6.85626
A* Oracle,300,Hard,131,1,7.33699,0.998658,6.85619
A* Oracle,300,Hard,132,1,7.33376,0.998658,6.85617
A* Oracle,300,Hard,133,5,7.34779,0.998658,6.85621
A* Oracle,300,Hard,134,1,7.33033,0.998658,6.85621
A* Oracle,300,Hard,135,1,7.33971,0.998658,6.85623
A* Oracle,300,Hard,136,1,7.34521,0.998658,6.85621
A* Oracle,300,Hard,137,1,7.33568,0.998658,6.85619
A* Oracle,300,Hard,138,1,7.33345,0.998658,6.85617
A* Oracle,300,Hard,139,3,7.32573,0.998658,6.85649
A* Oracle,300,Hard,140,1,7.33715,0.998658,6.8558
A* Oracle,300,Hard,141,1,7.34363,0.998658,6.85577
A* Oracle,300,Hard,142,1,7.34526,0.998658,6.85575
A* Oracle,300,Hard,143,1,7.34262,0.998658,6.85608
A* Oracle,300,Hard,144,1,7.34765,0.998658,6.85591
A* Oracle,300,Hard,145,1,7.34593,0.998658,6.85591
A* Oracle,300,Hard,146,1,7.34737,0.998658,6.85593
A* Oracle,300,Hard,147,1,7.34089,0.998658,6.85595
A* Oracle,300,Hard,148,1,7.34402,0.998658,6.85595
A* Oracle,300,Hard,149,1,7.34571,0.998658,6.85595
A* Oracle,300,Hard,150,1,7.32855,0.998658,6.85597
A* Oracle,300,Hard,151,1,7.34656,0.998658,6.85599
A* Oracle,300,Hard,152,1,7.3326,0.998658,6.85595
A* Oracle,300,Hard,153,1,7.3361,0.998658,6.85599
A* Oracle,300,Hard,154,1,7.34741,0.998658,6.85599
A* Oracle,300,Hard,155,1,7.34201,0.998658,6.85599
A* Oracle,300,Hard,156,1,7.35455,0.998658,6.85593
A* Oracle,300,Hard,157,1,7.35342,0.998658,6.85595
A* Oracle,300,Hard,158,1,7.34682,0.998658,6.85593
A* Oracle,300,Hard,159,1,7.35952,0.998658,6.85595
A* Oracle,300,Hard,160,3,7.3585,0.998658,6.85595
A* Oracle,300,Hard,161,1,7.35426,0.998658,6.85601
A* Oracle,300,Hard,162,1,7.33947,0.998658,6.85547
A* Oracle,300,Hard,163,1,7.34178,0.998658,6.85542
A* Oracle,300,Hard,164,1,7.35339,0.998658,6.85545
A* Oracle,300,Hard,165,1,7.34141,0.998658,6.85544
A* Oracle,300,Hard,166,2,7.34711,0.998658,6.85547
A* Oracle,300,Hard,167,1,7.33872,0.998658,6.85549
A* Oracle,300,Hard,168,1,7.33763,0.998658,6.85549
A* Oracle,300,Hard,169,1,7.35335,0.998658,6.85549
A* Oracle,300,Hard,170,5,7.3571,0.998658,6.85545
A* Oracle,300,Hard,171,1,7.35461,0.998658,6.85533
A* Oracle,300,Hard,172,1,7.3558,0.998658,6.85534
A* Oracle,300,Hard,173,1,7.33544,0.998658,6.85542
A* Oracle,300,Hard,174,1,7.35613,0.998658,6.85544
A* Oracle,300,Hard,175,2,7.34891,0.998658,6.85544
A* Oracle,300,Hard,176,1,7.33743,0.998658,6.85538
A* Oracle,300,Hard,177,1,7.35698,0.998658,6.85538
A* Oracle,300,Hard,178,1,7.34149,0.998658,6.85544
A* Oracle,300,Hard,179,1,7.33663,0.998658,6.85512
A* Oracle,300,Hard,180,2,7.34936,0.998658,6.85448
A* Oracle,300,Hard,181,1,7.35373,0.998658,6.8545
A* Oracle,300,Hard,182,1,7.35835,0.998658,6.85468
A* Oracle,300,Hard,183,3,7.34779,0.998658,6.8538
A* Oracle,300,Hard,184,1,7.34698,0.998658,6.85369
A* Oracle,300,Hard,185,2,7.35473,0.998658,6.85376
A* Oracle,300,Hard,186,1,7.3522,0.998658,6.85382
A* Oracle,300,Hard,187,1,7.35008,0.998658,6.85382
A* Oracle,300,Hard,188,1,7.35625,0.998658,6.85402
A* Oracle,300,Hard,189,2,7.35921,0.998658,6.85406
A* Oracle,300,Hard,190,1,7.34281,0.998658,6.85404
A* Oracle,300,Hard,191,1,7.33967,0.998658,6.85382
A* Oracle,300,Hard,192,1,7.3418,0.998658,6.85369
A* Oracle,300,Hard,193,3,7.34389,0.998658,6.85372
A* Oracle,300,Hard,194,1,7.3585,0.998658,6.85374
A* Oracle,300,Hard,195,1,7.33673,0.998658,6.85374
A* Oracle,300,Hard,196,1,7.34763,0.998658,6.85374
A* Oracle,300,Hard,197,1,7.34981,0.998658,6.85376
A* Oracle,300,Hard,198,1,7.35035,0.998658,6.85376
A* Oracle,300,Hard,199,1,7.36059,0.998658,6.85374
A* Oracle,300,Hard,200,2,7.3464,0.998658,6.85407
A* Oracle,300,Hard,201,3,7.40944,0.998658,6.85413
A* Oracle,300,Hard,202,1,7.34893,0.998658,6.85415
A* Oracle,300,Hard,203,2,7.33352,0.998658,6.85413
A* Oracle,300,Hard,204,1,7.34947,0.998658,6.85415
A* Oracle,300,Hard,205,2,7.34131,0.998658,6.85415
A* Oracle,300,Hard,206,1,7.34829,0.998658,6.85415
A* Oracle,300,Hard,207,1,7.34353,0.998658,6.85411
A* Oracle,300,Hard,208,1,7.34391,0.998658,6.85411
A* Oracle,300,Hard,209,5,7.35209,0.998658,6.85437
A* Oracle,300,Hard,210,1,7.33502,0.998658,6.85442
A* Oracle,300,Hard,211,1,7.33965,0.998658,6.85444
A* Oracle,300,Hard,212,1,7.34685,0.998658,6.85442
A* Oracle,300,Hard,213,1,7.3435,0.998658,6.85446
A* Oracle,300,Hard,214,2,7.34778,0.998658,6.85444
A* Oracle,300,Hard,215,1,7.34855,0.998658,6.85439
A* Oracle,300,Hard,216,1,7.34449,0.998658,6.85444
A* Oracle,300,Hard,217,1,7.3404,0.998658,6.85481
A* Oracle,300,Hard,218,1,7.35282,0.998658,6.85479
A* Oracle,300,Hard,219,1,7.33409,0.998658,6.85295
A* Oracle,300,Hard,220,1,7.33602,0.998658,6.85295
A* Oracle,300,Hard,221,1,7.33015,0.998658,6.85286
A* Oracle,300,Hard,222,1,7.33691,0.998658,6.85284
A* Oracle,300,Hard,223,1,7.34669,0.998658,6.85282
A* Oracle,300,Hard,224,1,7.35384,0.998658,6.85282
A* Oracle,300,Hard,225,2,7.35536,0.998658,6.85413
A* Oracle,300,Hard,226,2,7.35424,0.998658,6.85407
A* Oracle,300,Hard,227,1,7.35043,0.998658,6.85461
A* Oracle,300,Hard,228,3,7.34241,0.998658,6.85461
A* Oracle,300,Hard,229,1,7.33693,0.998658,6.85459
A* Oracle,300,Hard,230,1,7.3454,0.998658,6.85461
A* Oracle,300,Hard,231,1,7.34578,0.998658,6.85463
A* Oracle,300,Hard,232,1,7.35612,0.998658,6.85457
A* Oracle,300,Hard,233,1,7.33666,0.998658,6.85413
A* Oracle,300,Hard,234,1,7.36814,0.998658,6.85415
A* Oracle,300,Hard,235,1,7.35355,0.998658,6.85413
A* Oracle,300,Hard,236,1,7.35445,0.998658,6.85413
A* Oracle,300,Hard,237,1,7.348,0.998658,6.85415
A* Oracle,300,Hard,238,1,7.33909,0.998658,6.85413
A* Oracle,300,Hard,239,1,7.3447,0.998658,6.85439
A* Oracle,300,Hard,240,1,7.34756,0.998658,6.85452
A* Oracle,300,Hard,241,1,7.35612,0.998658,6.85453
A* Oracle,300,Hard,242,1,7.36275,0.998658,6.85453
A* Oracle,300,Hard,243,1,7.35482,0.998658,6.85453
A* Oracle,300,Hard,244,1,7.34232,0.998658,6.85455
A* Oracle,300,Hard,245,1,7.35683,0.998658,6.85452
A* Oracle,300,Hard,246,1,7.35568,0.998658,6.85455
A* Oracle,300,Hard,247,1,7.35586,0.998658,6.85483
A* Oracle,300,Hard,248,1,7.35667,0.998658,6.85483
A* Oracle,300,Hard,249,1,7.33211,0.998658,6.85492
A* Oracle,300,Hard,250,1,7.34559,0.998658,6.85492
A* Oracle,300,Hard,251,1,7.34109,0.998658,6.85488
A* Oracle,300,Hard,252,1,7.33889,0.998658,6.85488
A* Oracle,300,Hard,253,1,7.33628,0.998658,6.8549
A* Oracle,300,Hard,254,4,7.33428,0.998658,6.85512
A* Oracle,300,Hard,255,1,7.35053,0.998658,6.85512
A* Oracle,300,Hard,256,1,7.35026,0.998658,6.8554
A* Oracle,300,Hard,257,3,7.34035,0.998658,6.8554
A* Oracle,300,Hard,258,1,7.36395,0.998676,6.85555
A* Oracle,300,Hard,259,1,7.36425,0.998676,6.85553
A* Oracle,300,Hard,260,1,7.36777,0.998676,6.85555
A* Oracle,300,Hard,261,1,7.34498,0.998676,6.85557
A* Oracle,300,Hard,262,1,7.36356,0.998676,6.85564
A* Oracle,300,Hard,263,1,7.35667,0.998676,6.85564
A* Oracle,300,Hard,264,1,7.34072,0.998676,6.85553
A* Oracle,300,Hard,265,1,7.3513,0.998676,6.85555
A* Oracle,300,Hard,266,1,7.36078,0.998676,6.85555
A* Oracle,300,Hard,267,2,7.35131,0.998676,6.85557
A* Oracle,300,Hard,268,1,7.35861,0.998676,6.85555
A* Oracle,300,Hard,269,1,7.36213,0.998676,6.85553
A* Oracle,300,Hard,270,1,7.35629,0.998676,6.85548
A* Oracle,300,Hard,271,1,7.36881,0.998676,6.85548
A* Oracle,300,Hard,272,1,7.37005,0.998676,6.85551
A* Oracle,300,Hard,273,1,7.35568,0.998676,6.85546
A* Oracle,300,Hard,274,1,7.34224,0.998676,6.85544
A* Oracle,300,Hard,275,1,7.34011,0.998676,6.85549
A* Oracle,300,Hard,276,2,7.35024,0.998676,6.85544
A* Oracle,300,Hard,277,1,7.33137,0.998676,6.85546
A* Oracle,300,Hard,278,1,7.35272,0.998676,6.85546
A* Oracle,300,Hard,279,1,7.3533,0.998676,6.85546
A* Oracle,300,Hard,280,1,7.35327,0.998676,6.85551
A* Oracle,300,Hard,281,1,7.34897,0.998676,6.85551
A* Oracle,300,Hard,282,1,7.34536,0.998676,6.85549
A* Oracle,300,Hard,283,1,7.33168,0.998676,6.85549
A* Oracle,300,Hard,284,2,7.34781,0.998676,6.85559
A* Oracle,300,Hard,285,1,7.35294,0.998695,6.85564
A* Oracle,300,Hard,286,1,7.35096,0.998695,6.85568
A* Oracle,300,Hard,287,1,7.33342,0.998695,6.85564
A* Oracle,300,Hard,288,2,7.33305,0.998695,6.85563
A* Oracle,300,Hard,289,1,7.34357,0.998695,6.85563
A* Oracle,300,Hard,290,2,7.33545,0.998695,6.85577
A* Oracle,300,Hard,291,1,7.34342,0.998695,6.85575
A* Oracle,300,Hard,292,1,7.34733,0.998695,6.85577
A* Oracle,300,Hard,293,1,7.3392,0.998695,6.85577
A* Oracle,300,Hard,294,2,7.33043,0.998695,6.85572
A* Oracle,300,Hard,295,1,7.34728,0.998695,6.85572
A* Oracle,300,Hard,296,1,7.3449,0.998695,6.85572
A* Oracle,300,Hard,297,1,7.34233,0.998695,6.85568
A* Oracle,300,Hard,298,1,7.33475,0.998695,6.8557
A* Oracle,300,Hard,299,1,7.35014,0.998695,6.85577
A* Oracle,300,Hard,300,1,7.33377,0.998695,6.85605
A* Oracle,300,Hard,301,1,7.32316,0.998695,6.85612
A* Oracle,300,Hard,302,1,7.32856,0.998695,6.8561
A* Oracle,300,Hard,303,1,7.33251,0.998695,6.8561
A* Oracle,300,Hard,304,1,7.32761,0.998695,6.85607
A* Oracle,300,Hard,305,1,7.34405,0.998695,6.85607
A* Oracle,300,Hard,306,1,7.32316,0.998695,6.85607
A* Oracle,300,Hard,307,1,7.35307,0.998695,6.85607
A* Oracle,300,Hard,308,1,7.3479,0.998695,6.85581
A* Oracle,300,Hard,309,1,7.32671,0.998695,6.85577
A* Oracle,300,Hard,310,1,7.33364,0.998676,6.85586
A* Oracle,300,Hard,311,1,7.34189,0.998695,6.85594
A* Oracle,300,Hard,312,1,7.33286,0.998676,6.85597
A* Oracle,300,Hard,313,1,7.32652,0.998676,6.85594
A* Oracle,300,Hard,314,1,7.34111,0.998676,6.85579
A* Oracle,300,Hard,315,1,7.33327,0.998676,6.8556
A* Oracle,300,Hard,316,1,7.32879,0.998676,6.85562
A* Oracle,300,Hard,317,2,7.35566,0.998676,6.85559
A* Oracle,300,Hard,318,1,7.32759,0.998676,6.85566
A* Oracle,300,Hard,319,1,7.3402,0.998676,6.8556
A* Oracle,300,Hard,320,1,7.34446,0.998676,6.85564
A* Oracle,300,Hard,321,1,7.33955,0.998731,6.85576
A* Oracle,300,Hard,322,1,7.35391,0.998731,6.85611
A* Oracle,300,Hard,323,1,7.3317,0.998731,6.85611
A* Oracle,300,Hard,324,1,7.33056,0.998731,6.85611
A* Oracle,300,Hard,325,2,7.33074,0.998731,6.8558
A* Oracle,300,Hard,326,1,7.33752,0.998731,6.85565
A* Oracle,300,Hard,327,1,7.3311,0.998731,6.85561
A* Oracle,300,Hard,328,1,7.34433,0.998731,6.85559
A* Oracle,300,Hard,329,1,7.35012,0.998731,6.85558
A* Oracle,300,Hard,330,2,7.34432,0.998731,6.8553
A* Oracle,300,Hard,331,3,7.34433,0.998731,6.85009
A* Oracle,300,Hard,332,1,7.32483,0.998731,6.85009
A* Oracle,300,Hard,333,1,7.31761,0.998731,6.84981
A* Oracle,300,Hard,334,1,7.33865,0.998731,6.84979
A* Oracle,300,Hard,335,1,7.32725,0.998731,6.84979
A* Oracle,300,Hard,336,1,7.34065,0.998731,6.84996
A* Oracle,300,Hard,337,1,7.336,0.998731,6.84998
A* Oracle,300,Hard,338,1,7.3407,0.998731,6.84996
A* Oracle,300,Hard,339,2,7.34749,0.998731,6.84998
A* Oracle,300,Hard,340,1,7.33083,0.998731,6.85009
A* Oracle,300,Hard,341,1,7.33064,0.998731,6.85009
A* Oracle,300,Hard,342,1,7.34484,0.998731,6.85009
A* Oracle,300,Hard,343,1,7.34376,0.998731,6.85009
A* Oracle,300,Hard,344,2,7.32488,0.99875,6.85009
A* Oracle,300,Hard,345,1,7.34441,0.99875,6.85006
A* Oracle,300,Hard,346,2,7.33623,0.99875,6.85004
A* Oracle,300,Hard,347,1,7.34924,0.99875,6.85006
A* Oracle,300,Hard,348,1,7.339,0.99875,6.8502
A* Oracle,300,Hard,349,1,7.34238,0.99875,6.8502
A* Oracle,300,Hard,350,1,7.34703,0.99875,6.8502
A* Oracle,300,Hard,351,1,7.34067,0.99875,6.85295
A* Oracle,300,Hard,352,1,7.36132,0.99875,6.85293
A* Oracle,300,Hard,353,1,7.33823,0.99875,6.85293
A* Oracle,300,Hard,354,1,7.34772,0.99875,6.85293
A* Oracle,300,Hard,355,1,7.35322,0.998768,6.85297
A* Oracle,300,Hard,356,1,7.34226,0.998768,6.85297
A* Oracle,300,Hard,357,1,7.34052,0.998768,6.85302
A* Oracle,300,Hard,358,1,7.33722,0.998768,6.85284
A* Oracle,300,Hard,359,3,7.34457,0.998768,6.85282
A* Oracle,300,Hard,360,1,7.34785,0.998768,6.8528
A* Oracle,300,Hard,361,1,7.33554,0.998768,6.85203
A* Oracle,300,Hard,362,1,7.35743,0.998768,6.85218
A* Oracle,300,Hard,363,1,7.33525,0.998768,6.85219
A* Oracle,300,Hard,364,1,7.35135,0.998768,6.85216
A* Oracle,300,Hard,365,1,7.35987,0.998768,6.85216
A* Oracle,300,Hard,366,1,7.34899,0.998768,6.85218
A* Oracle,300,Hard,367,1,7.35053,0.998768,6.85218
A* Oracle,300,Hard,368,1,7.3677,0.998768,6.85179
A* Oracle,300,Hard,369,1,7.35433,0.998768,6.85184
A* Oracle,300,Hard,370,1,7.34491,0.998768,6.85184
A* Oracle,300,Hard,371,2,7.34267,0.998768,6.85181
A* Oracle,300,Hard,372,1,7.33992,0.998768,6.85297
A* Oracle,300,Hard,373,1,7.34586,0.998768,6.85297
A* Oracle,300,Hard,374,1,7.3437,0.998768,6.85299
A* Oracle,300,Hard,375,1,7.34019,0.998768,6.8531
A* Oracle,300,Hard,376,1,7.34084,0.998768,6.85308
A* Oracle,300,Hard,377,1,7.35724,0.998768,6.85317
A* Oracle,300,Hard,378,1,7.34438,0.998768,6.85293
A* Oracle,300,Hard,379,1,7.33849,0.998768,6.85304
A* Oracle,300,Hard,380,1,7.35854,0.998768,6.85304
A* Oracle,300,Hard,381,1,7.34201,0.998768,6.85306
A* Oracle,300,Hard,382,1,7.34511,0.998768,6.85361
A* Oracle,300,Hard,383,3,7.35905,0.998768,6.85361
A* Oracle,300,Hard,384,1,7.36683,0.998768,6.85361
A* Oracle,300,Hard,385,1,7.36793,0.998768,6.85403
A* Oracle,300,Hard,386,1,7.34815,0.998768,6.85407
A* Oracle,300,Hard,387,1,7.35608,0.998768,6.85448
A* Oracle,300,Hard,388,2,7.36832,0.998768,6.85451
A* Oracle,300,Hard,389,2,7.35749,0.998768,6.85453
A* Oracle,300,Hard,390,1,7.35944,0.998768,6.85453
A* Oracle,300,Hard,391,2,7.35751,0.998768,6.85451
A* Oracle,300,Hard,392,1,7.34998,0.998768,6.85451
A* Oracle,300,Hard,393,1,7.35314,0.998768,6.85453
A* Oracle,300,Hard,394,1,7.36163,0.998768,6.85453
A* Oracle,300,Hard,395,1,7.3406,0.998768,6.85413
A* Oracle,300,Hard,396,1,7.34407,0.998768,6.85409
A* Oracle,300,Hard,397,1,7.34621,0.998768,6.85411
A* Oracle,300,Hard,398,1,7.35329,0.998768,6.85411
A* Oracle,300,Hard,399,1,7.34712,0.998768,6.85407
A* Oracle,300,Hard,400,1,7.35327,0.998768,6.85402
A* Oracle,300,Hard,401,1,7.34856,0.998768,6.85464
A* Oracle,300,Hard,402,1,7.35438,0.998768,6.8547
A* Oracle,300,Hard,403,1,7.35344,0.998768,6.85486
A* Oracle,300,Hard,404,1,7.34757,0.998768,6.85488
A* Oracle,300,Hard,405,1,7.35106,0.998768,6.85501
A* Oracle,300,Hard,406,1,7.35336,0.998768,6.85501
A* Oracle,300,Hard,407,1,7.34991,0.998768,6.85505
A* Oracle,300,Hard,408,1,7.35677,0.998768,6.85503
A* Oracle,300,Hard,409,1,7.36007,0.998768,6.85501
A* Oracle,300,Hard,410,1,7.3591,0.998768,6.85497
A* Oracle,300,Hard,411,1,7.34567,0.998768,6.85499
A* Oracle,300,Hard,412,1,7.35433,0.998768,6.85499
A* Oracle,300,Hard,413,1,7.35438,0.998768,6.85497
A* Oracle,300,Hard,414,1,7.34935,0.998768,6.85519
A* Oracle,300,Hard,415,1,7.35276,0.998768,6.8553
A* Oracle,300,Hard,416,1,7.36121,0.998768,6.8553
A* Oracle,300,Hard,417,1,7.34649,0.998768,6.85532
A* Oracle,300,Hard,418,1,7.34388,0.998768,6.85534
A* Oracle,300,Hard,419,1,7.36082,0.998768,6.85529
A* Oracle,300,Hard,420,1,7.36278,0.998768,6.85525
A* Oracle,300,Hard,421,2,7.35112,0.998768,6.85527
A* Oracle,300,Hard,422,1,7.3475,0.998768,6.85519
A* Oracle,300,Hard,423,2,7.3547,0.998768,6.85521
A* Oracle,300,Hard,424,1,7.34721,0.998768,6.85523
A* Oracle,300,Hard,425,1,7.34706,0.998768,6.85529
A* Oracle,300,Hard,426,1,7.36168,0.998768,6.85529
A* Oracle,300,Hard,427,1,7.35596,0.998768,6.85525
A* Oracle,300,Hard,428,1,7.35689,0.998768,6.85521
A* Oracle,300,Hard,429,1,7.34501,0.998768,6.85523
A* Oracle,300,Hard,430,2,7.35847,0.99875,6.8551
A* Oracle,300,Hard,431,1,7.35843,0.99875,6.85512
A* Oracle,300,Hard,432,1,7.35835,0.998768,6.85516
A* Oracle,300,Hard,433,1,7.34158,0.998768,6.85514
A* Oracle,300,Hard,434,1,7.35708,0.998768,6.85507
A* Oracle,300,Hard,435,1,7.3559,0.998768,6.85507
A* Oracle,300,Hard,436,1,7.35088,0.998768,6.85481
A* Oracle,300,Hard,437,1,7.36021,0.998768,6.85481
A* Oracle,300,Hard,438,1,7.35761,0.998768,6.85483
A* Oracle,300,Hard,439,1,7.34393,0.998768,6.85479
A* Oracle,300,Hard,440,1,7.35238,0.998768,6.85481
A* Oracle,300,Hard,441,1,7.35198,0.998768,6.85481
A* Oracle,300,Hard,442,1,7.3547,0.998768,6.85481
A* Oracle,300,Hard,443,1,7.33854,0.998768,6.84927
A* Oracle,300,Hard,444,1,7.32289,0.998768,6.84958
A* Oracle,300,Hard,445,1,7.34061,0.998768,6.8496
A* Oracle,300,Hard,446,1,7.32124,0.998768,6.8496
A* Oracle,300,Hard,447,1,7.34083,0.998768,6.8493
A* Oracle,300,Hard,448,1,7.32222,0.998768,6.84932
A* Oracle,300,Hard,449,1,7.33106,0.998768,6.84936
A* Oracle,300,Hard,450,1,7.33396,0.998768,6.84917
A* Oracle,300,Hard,451,1,7.33626,0.998768,6.84917
A* Oracle,300,Hard,452,1,7.31409,0.998768,6.84917
A* Oracle,300,Hard,453,1,7.32433,0.998768,6.84917
A* Oracle,300,Hard,454,1,7.33057,0.998768,6.84917
A* Oracle,300,Hard,455,8,7.33886,0.998786,6.84886
A* Oracle,300,Hard,456,1,7.32328,0.998805,6.84896
A* Oracle,300,Hard,457,1,7.32895,0.998805,6.84916
A* Oracle,300,Hard,458,1,7.33118,0.998805,6.84916
A* Oracle,300,Hard,459,1,7.31774,0.998768,6.84928
A* Oracle,300,Hard,460,1,7.32427,0.998768,6.84928
A* Oracle,300,Hard,461,1,7.33945,0.998768,6.84928
A* Oracle,300,Hard,462,1,7.31894,0.998768,6.84932
A* Oracle,300,Hard,463,1,7.32478,0.998768,6.84928
A* Oracle,300,Hard,464,1,7.31993,0.998768,6.84928
A* Oracle,300,Hard,465,1,7.31382,0.998768,6.8493
A* Oracle,300,Hard,466,1,7.33566,0.998768,6.84936
A* Oracle,300,Hard,467,1,7.31795,0.998768,6.84938
A* Oracle,300,Hard,468,1,7.33739,0.998768,6.84954
A* Oracle,300,Hard,469,1,7.32751,0.998768,6.84951
A* Oracle,300,Hard,470,1,7.32949,0.998768,6.84941
A* Oracle,300,Hard,471,1,7.34024,0.998768,6.84938
A* Oracle,300,Hard,472,1,7.33808,0.998768,6.8493
A* Oracle,300,Hard,473,1,7.33947,0.998768,6.84928
A* Oracle,300,Hard,474,2,7.32706,0.998768,6.84927
A* Oracle,300,Hard,475,1,7.33658,0.998768,6.8494
A* Oracle,300,Hard,476,1,7.3382,0.998768,6.84941
A* Oracle,300,Hard,477,1,7.3376,0.998768,6.84945
A* Oracle,300,Hard,478,1,7.32924,0.998768,6.84945
A* Oracle,300,Hard,479,1,7.33762,0.998768,6.84945
A* Oracle,300,Hard,480,1,7.34648,0.998768,6.84897
A* Oracle,300,Hard,481,1,7.32998,0.998768,6.84895
A* Oracle,300,Hard,482,1,7.35392,0.998768,6.84895
A* Oracle,300,Hard,483,1,7.33276,0.998768,6.84897
A* Oracle,300,Hard,484,1,7.34663,0.998768,6.84875
A* Oracle,300,Hard,485,1,7.33294,0.998768,6.84875
A* Oracle,300,Hard,486,1,7.32887,0.998768,6.84875
A* Oracle,300,Hard,487,1,7.34465,0.998768,6.84875
A* Oracle,300,Hard,488,1,7.33786,0.998768,6.84877
A* Oracle,300,Hard,489,1,7.33451,0.998768,6.84877
A* Oracle,300,Hard,490,1,7.33109,0.998768,6.84879
A* Oracle,300,Hard,491,1,7.34486,0.998768,6.84879
A* Oracle,300,Hard,492,1,7.33787,0.998768,6.84881
A* Oracle,300,Hard,493,1,7.34598,0.998768,6.84882
A* Oracle,300,Hard,494,1,7.34338,0.998768,6.84882
A* Oracle,300,Hard,495,1,7.34711,0.998768,6.84882
A* Oracle,300,Hard,496,1,7.34178,0.998768,6.84871
A* Oracle,300,Hard,497,1,7.34171,0.998768,6.84873
A* Oracle,300,Hard,498,1,7.34889,0.998768,6.84871
A* Oracle,300,Hard,499,1,7.3385,0.998768,6.84871
A* Oracle,300,Hard,500,1,7.35032,0.998768,6.84862
A* Oracle,300,Hard,501,1,7.34354,0.998768,6.84866
A* Oracle,300,Hard,502,1,7.33404,0.998768,6.84873
A* Oracle,300,Hard,503,1,7.33671,0.998786,6.84881
A* Oracle,300,Hard,504,1,7.34641,0.998786,6.84881
A* Oracle,300,Hard,505,1,7.3305,0.998786,6.84897
A* Oracle,300,Hard,506,1,7.33596,0.998786,6.84905
A* Oracle,300,Hard,507,1,7.3275,0.998786,6.84899
A* Oracle,300,Hard,508,1,7.33028,0.998786,6.84899
A* Oracle,300,Hard,509,1,7.32486,0.998786,6.84907
A* Oracle,300,Hard,510,1,7.34543,0.998786,6.84901
A* Oracle,300,Hard,511,1,7.34983,0.998786,6.84897
A* Oracle,300,Hard,512,1,7.32262,0.998786,6.84901
A* Oracle,300,Hard,513,1,7.32842,0.998786,6.84899
A* Oracle,300,Hard,514,1,7.31979,0.998786,6.84899
A* Oracle,300,Hard,515,1,7.32997,0.998786,6.84899
A* Oracle,300,Hard,516,1,7.32281,0.998786,6.8489
A* Oracle,300,Hard,517,1,7.32366,0.998786,6.84888
A* Oracle,300,Hard,518,1,7.33428,0.998786,6.8489
A* Oracle,300,Hard,519,1,7.32334,0.998786,6.84892
A* Oracle,300,Hard,520,3,7.31934,0.998786,6.8489
A* Oracle,300,Hard,521,1,7.33641,0.998786,6.84899
A* Oracle,300,Hard,522,1,7.33926,0.998786,6.84905
A* Oracle,300,Hard,523,1,7.33875,0.998786,6.84903
A* Oracle,300,Hard,524,1,7.31789,0.998786,6.84901
A* Oracle,300,Hard,525,5,7.32015,0.998786,6.84804
A* Oracle,300,Hard,526,1,7.34037,0.998786,6.84804
A* Oracle,300,Hard,527,1,7.32174,0.998786,6.84805
A* Oracle,300,Hard,528,1,7.31796,0.998786,6.84789
A* Oracle,300,Hard,529,1,7.31561,0.998786,6.84778
A* Oracle,300,Hard,530,2,7.33002,0.998786,6.84774
A* Oracle,300,Hard,531,1,7.3317,0.998786,6.84802
A* Oracle,300,Hard,532,1,7.32263,0.998786,6.848
A* Oracle,300,Hard,533,3,7.31764,0.998786,6.84787
A* Oracle,300,Hard,534,1,7.33021,0.998786,6.84791
A* Oracle,300,Hard,535,1,7.31952,0.998786,6.84791
A* Oracle,300,Hard,536,2,7.33102,0.998786,6.84794
A* Oracle,300,Hard,537,2,7.32544,0.998786,6.84794
A* Oracle,300,Hard,538,1,7.32846,0.998786,6.84794
A* Oracle,300,Hard,539,1,7.32782,0.998786,6.84794
A* Oracle,300,Hard,540,1,7.32725,0.998786,6.84791
A* Oracle,300,Hard,541,1,7.33576,0.998786,6.84787
A* Oracle,300,Hard,542,1,7.34236,0.998786,6.84791
A* Oracle,300,Hard,543,1,7.33395,0.998786,6.84789
A* Oracle,300,Hard,544,1,7.33499,0.998786,6.8505
A* Oracle,300,Hard,545,1,7.33606,0.998786,6.85448
A* Oracle,300,Hard,546,1,7.32971,0.998786,6.85446
A* Oracle,300,Hard,547,1,7.33746,0.998786,6.85448
A* Oracle,300,Hard,548,1,7.33717,0.998786,6.85446
A* Oracle,300,Hard,549,1,7.3445,0.998786,6.85452
A* Oracle,300,Hard,550,1,7.34202,0.998786,6.85452
A* Oracle,300,Hard,551,3,7.34765,0.998786,6.85455
A* Oracle,300,Hard,552,1,7.32738,0.998786,6.85461
A* Oracle,300,Hard,553,1,7.32417,0.998786,6.85468
A* Oracle,300,Hard,554,1,7.32986,0.998786,6.85455
A* Oracle,300,Hard,555,1,7.33836,0.998786,6.85455
A* Oracle,300,Hard,556,1,7.33258,0.998786,6.85457
A* Oracle,300,Hard,557,1,7.3368,0.998786,6.85453
A* Oracle,300,Hard,558,1,7.33777,0.998786,6.85453
A* Oracle,300,Hard,559,1,7.34943,0.998786,6.85453
A* Oracle,300,Hard,560,2,7.33605,0.998786,6.85455
A* Oracle,300,Hard,561,1,7.34576,0.998786,6.85453
A* Oracle,300,Hard,562,1,7.33662,0.998786,6.85422
A* Oracle,300,Hard,563,1,7.33126,0.998786,6.8542
A* Oracle,300,Hard,564,1,7.35179,0.998786,6.85422
A* Oracle,300,Hard,565,1,7.34879,0.998786,6.85444
A* Oracle,300,Hard,566,1,7.35397,0.998786,6.85442
A* Oracle,300,Hard,567,3,7.34892,0.998786,6.85358
A* Oracle,300,Hard,568,1,7.34521,0.998786,6.8536
A* Oracle,300,Hard,569,1,7.34004,0.998786,6.85361
A* Oracle,300,Hard,570,1,7.34813,0.998786,6.85363
A* Oracle,300,Hard,571,1,7.36071,0.998786,6.85365
A* Oracle,300,Hard,572,1,7.36075,0.998786,6.85317
A* Oracle,300,Hard,573,1,7.36171,0.998786,6.85315
A* Oracle,300,Hard,574,1,7.34838,0.998786,6.85253
A* Oracle,300,Hard,575,1,7.34375,0.998786,6.85253
A* Oracle,300,Hard,576,1,7.33458,0.998786,6.85255
A* Oracle,300,Hard,577,1,7.35703,0.998786,6.85249
A* Oracle,300,Hard,578,1,7.33872,0.998786,6.85247
A* Oracle,300,Hard,579,1,7.34366,0.998786,6.85247
A* Oracle,300,Hard,580,1,7.35607,0.998786,6.85255
A* Oracle,300,Hard,581,1,7.34173,0.998786,6.85255
A* Oracle,300,Hard,582,1,7.33812,0.998786,6.85253
A* Oracle,300,Hard,583,1,7.34512,0.998786,6.85277
A* Oracle,300,Hard,584,1,7.4472,0.998786,6.85273
A* Oracle,300,Hard,585,1,7.60542,0.998786,6.85275
A* Oracle,300,Hard,586,1,7.51659,0.998786,6.85275
A* Oracle,300,Hard,587,1,7.50229,0.998786,6.85277
A* Oracle,300,Hard,588,1,7.40661,0.998786,6.85275
A* Oracle,300,Hard,589,1,7.46965,0.998786,6.85277
A* Oracle,300,Hard,590,1,7.34811,0.998786,6.8528
A* Oracle,300,Hard,591,1,7.34366,0.998786,6.85293
A* Oracle,300,Hard,592,1,7.35488,0.998786,6.85301
A* Oracle,300,Hard,593,1,7.35233,0.998786,6.85299
A* Oracle,300,Hard,594,1,7.34587,0.998786,6.85284
A* Oracle,300,Hard,595,1,7.33692,0.998786,6.85286
A* Oracle,300,Hard,596,1,7.34919,0.998786,6.85286
A* Oracle,300,Hard,597,1,7.3416,0.998786,6.85284
A* Oracle,300,Hard,598,1,7.34727,0.998786,6.85288
A* Oracle,300,Hard,599,1,7.34473,0.998786,6.8529
A* Oracle,300,Hard,600,1,7.33791,0.998786,6.85238
HierarchySmart,300,Hard,0,0,0,0.977532,8.68495
HierarchySmart,300,Hard,1,1,0.0147673,0.977513,8.68502
HierarchySmart,300,Hard,2,1,0.0168141,0.977513,8.685
HierarchySmart,300,Hard,3,1,0.0210124,0.977513,8.68506
HierarchySmart,300,Hard,4,1,0.00670902,0.977513,8.68506
HierarchySmart,300,Hard,5,1,0.0118685,0.977495,8.68518
HierarchySmart,300,Hard,6,1,0.0175752,0.977495,8.68507
HierarchySmart,300,Hard,7,1,581.122,0.993491,8.34345
HierarchySmart,300,Hard,8,1,0.0132472,0.993491,8.34347
HierarchySmart,300,Hard,9,1,0.0230367,0.993491,8.3436
HierarchySmart,300,Hard,10,1,0.0156702,0.993491,8.34362
HierarchySmart,300,Hard,11,1,0.019577,0.993491,8.34375
HierarchySmart,300,Hard,12,1,11.7413,0.993491,8.34834
HierarchySmart,300,Hard,13,1,3.40356,0.993363,8.35956
HierarchySmart,300,Hard,14,1,2.92745,0.993363,8.36126
HierarchySmart,300,Hard,15,2,0.0429748,0.993344,8.36107
HierarchySmart,300,Hard,16,1,0.0120534,0.993344,8.36105
HierarchySmart,300,Hard,17,1,0.00936782,0.993344,8.36109
HierarchySmart,300,Hard,18,1,0.0134801,0.993344,8.3611
HierarchySmart,300,Hard,19,2,0.031133,0.993326,8.36113
HierarchySmart,300,Hard,20,1,9.62619,0.993326,8.3587
HierarchySmart,300,Hard,21,1,0.0301405,0.993326,8.35876
HierarchySmart,300,Hard,22,1,0.0144489,0.993307,8.35878
HierarchySmart,300,Hard,23,1,0.0162467,0.993307,8.35878
HierarchySmart,300,Hard,24,1,0.0558206,0.993307,8.35877
HierarchySmart,300,Hard,25,1,0.0162671,0.993307,8.3588
HierarchySmart,300,Hard,26,2,0.028691,0.993307,8.35886
HierarchySmart,300,Hard,27,1,2.81423,0.993307,8.35521
HierarchySmart,300,Hard,28,1,0.0133069,0.993307,8.35527
HierarchySmart,300,Hard,29,1,0.0213812,0.993307,8.35532
HierarchySmart,300,Hard,30,1,0.0293067,0.993289,8.35533
HierarchySmart,300,Hard,31,1,0.0159782,0.993289,8.3562
HierarchySmart,300,Hard,32,1,0.0220726,0.993289,8.35637
HierarchySmart,300,Hard,33,1,0.0136517,0.993271,8.3565
HierarchySmart,300,Hard,34,1,0.00993589,0.993252,8.35668
HierarchySmart,300,Hard,35,1,0.89352,0.993252,8.35658
HierarchySmart,300,Hard,36,1,0.0238421,0.993252,8.3566
HierarchySmart,300,Hard,37,1,0.0174243,0.993234,8.35663
HierarchySmart,300,Hard,38,2,0.0567112,0.993234,8.35685
HierarchySmart,300,Hard,39,1,0.01403,0.993234,8.35687
HierarchySmart,300,Hard,40,1,0.0261428,0.993234,8.35689
HierarchySmart,300,Hard,41,1,0.0249733,0.993215,8.35704
HierarchySmart,300,Hard,42,1,1.77683,0.993215,8.35717
HierarchySmart,300,Hard,43,9,2.60812,0.993013,8.35689
HierarchySmart,300,Hard,44,1,0.020004,0.993013,8.35691
HierarchySmart,300,Hard,45,1,0.017459,0.993013,8.35747
HierarchySmart,300,Hard,46,1,3.42207,0.993142,8.35729
HierarchySmart,300,Hard,47,1,0.0156767,0.993105,8.35714
HierarchySmart,300,Hard,48,1,0.0203069,0.993105,8.35721
HierarchySmart,300,Hard,49,1,2.37512,0.993105,8.36234
HierarchySmart,300,Hard,50,1,0.0283578,0.993105,8.36247
HierarchySmart,300,Hard,51,1,0.0240744,0.993105,8.36247
HierarchySmart,300,Hard,52,1,0.0157129,0.993068,8.36272
HierarchySmart,300,Hard,53,1,0.0203114,0.993068,8.36272
HierarchySmart,300,Hard,54,1,0.0234415,0.99305,8.36282
HierarchySmart,300,Hard,55,1,0.00998321,0.99305,8.36282
HierarchySmart,300,Hard,56,1,0.022,0.993032,8.36298
HierarchySmart,300,Hard,57,1,0.0236551,0.993032,8.363
HierarchySmart,300,Hard,58,1,0.0219175,0.993032,8.36346
HierarchySmart,300,Hard,59,1,0.0247278,0.992976,8.36324
HierarchySmart,300,Hard,60,1,0.0102029,0.992976,8.36331
HierarchySmart,300,Hard,61,1,0.0186232,0.992976,8.36333
HierarchySmart,300,Hard,62,1,0.0232579,0.992976,8.36335
HierarchySmart,300,Hard,63,1,8.8881,0.992976,8.36087
HierarchySmart,300,Hard,64,1,0.00989487,0.992976,8.36089
HierarchySmart,300,Hard,65,1,0.0244181,0.992976,8.36092
HierarchySmart,300,Hard,66,1,0.00898824,0.992976,8.36109
HierarchySmart,300,Hard,67,1,0.0717743,0.992737,8.35999
HierarchySmart,300,Hard,68,1,1.58419,0.992737,8.36031
HierarchySmart,300,Hard,69,1,1.74309,0.992811,8.36282
HierarchySmart,300,Hard,70,1,0.0205783,0.992811,8.36369
HierarchySmart,300,Hard,71,1,0.00938804,0.992811,8.36372
HierarchySmart,300,Hard,72,1,0.00950614,0.992793,8.36379
HierarchySmart,300,Hard,73,1,3.3999,0.992793,8.36327
HierarchySmart,300,Hard,74,2,0.0249193,0.992793,8.36332
HierarchySmart,300,Hard,75,1,0.0131095,0.992793,8.36355
HierarchySmart,300,Hard,76,1,0.0182402,0.992793,8.36358
HierarchySmart,300,Hard,77,1,0.0145422,0.992793,8.36362
HierarchySmart,300,Hard,78,1,0.0230801,0.992793,8.36373
HierarchySmart,300,Hard,79,1,0.0245549,0.992793,8.36373
HierarchySmart,300,Hard,80,1,0.036071,0.992774,8.36409
HierarchySmart,300,Hard,81,3,0.0738466,0.992774,8.36409
HierarchySmart,300,Hard,82,1,0.0127896,0.992774,8.36409
HierarchySmart,300,Hard,83,6,0.122565,0.992737,8.3641
HierarchySmart,300,Hard,84,1,0.0101319,0.992737,8.36405
HierarchySmart,300,Hard,85,1,0.0326789,0.992737,8.3641
HierarchySmart,300,Hard,86,1,0.0318586,0.992737,8.36412
HierarchySmart,300,Hard,87,1,0.0239781,0.992737,8.3641
HierarchySmart,300,Hard,88,1,0.0116083,0.992737,8.3641
HierarchySmart,300,Hard,89,1,0.0302789,0.992719,8.36409
HierarchySmart,300,Hard,90,1,0.014108,0.992701,8.36402
HierarchySmart,300,Hard,91,1,0.0259821,0.992701,8.36402
HierarchySmart,300,Hard,92,1,0.0107855,0.992241,8.35926
HierarchySmart,300,Hard,93,1,0.0182273,0.992241,8.35928
HierarchySmart,300,Hard,94,1,0.0247366,0.992241,8.35928
HierarchySmart,300,Hard,95,1,0.0277668,0.992241,8.35934
HierarchySmart,300,Hard,96,1,1.93763,0.992241,8.35871
HierarchySmart,300,Hard,97,1,9.24468,0.992186,8.34731
HierarchySmart,300,Hard,98,1,0.0189258,0.992186,8.34731
HierarchySmart,300,Hard,99,1,0.0154447,0.992167,8.34732
HierarchySmart,300,Hard,100,1,0.00850216,0.992167,8.34732
HierarchySmart,300,Hard,101,1,0.0203744,0.992149,8.34731
HierarchySmart,300,Hard,102,1,0.0458916,0.992131,8.34763
HierarchySmart,300,Hard,103,1,0.0204937,0.992131,8.34776
HierarchySmart,300,Hard,104,1,0.0777425,0.992112,8.34767
HierarchySmart,300,Hard,105,1,0.0132461,0.992112,8.34765
HierarchySmart,300,Hard,106,1,0.0101289,0.992094,8.34766
HierarchySmart,300,Hard,107,1,0.0246473,0.992075,8.34772
HierarchySmart,300,Hard,108,1,0.0136073,0.992075,8.34793
HierarchySmart,300,Hard,109,1,1.57089,0.992075,8.34798
HierarchySmart,300,Hard,110,1,0.0202409,0.992075,8.34804
HierarchySmart,300,Hard,111,1,0.0208036,0.992075,8.34805
HierarchySmart,300,Hard,112,1,0.0249187,0.992075,8.3482
HierarchySmart,300,Hard,113,1,0.0278344,0.992057,8.3481
HierarchySmart,300,Hard,114,1,13.1726,0.99237,8.35525
HierarchySmart,300,Hard,115,1,0.0254255,0.992333,8.35632
HierarchySmart,300,Hard,116,1,0.111789,0.992333,8.35634
HierarchySmart,300,Hard,117,1,0.0157081,0.992333,8.35632
HierarchySmart,300,Hard,118,4,0.0540895,0.992296,8.35652
HierarchySmart,300,Hard,119,1,0.0149073,0.992296,8.3565
HierarchySmart,300,Hard,120,1,0.0230751,0.992296,8.35654
HierarchySmart,300,Hard,121,1,0.0549895,0.992223,8.35512
HierarchySmart,300,Hard,122,1,0.0103863,0.992223,8.35521
HierarchySmart,300,Hard,123,1,0.0148822,0.992223,8.35523
HierarchySmart,300,Hard,124,1,0.028712,0.992223,8.35525
HierarchySmart,300,Hard,125,1,0.024787,0.992223,8.35523
HierarchySmart,300,Hard,126,1,0.0138585,0.992223,8.35529
HierarchySmart,300,Hard,127,1,0.0510889,0.992223,8.35529
HierarchySmart,300,Hard,128,1,0.00926704,0.992223,8.3553
HierarchySmart,300,Hard,129,1,0.0177693,0.992223,8.35532
HierarchySmart,300,Hard,130,1,0.0150232,0.992204,8.35539
HierarchySmart,300,Hard,131,1,0.0205208,0.992204,8.35539
HierarchySmart,300,Hard,132,1,0.0150342,0.992204,8.3557
HierarchySmart,300,Hard,133,5,0.0936386,0.992149,8.35592
HierarchySmart,300,Hard,134,1,0.0259982,0.992149,8.35598
HierarchySmart,300,Hard,135,1,0.0141562,0.992149,8.35603
HierarchySmart,300,Hard,136,1,0.0349799,0.992149,8.35611
HierarchySmart,300,Hard,137,1,0.0121012,0.992149,8.35613
HierarchySmart,300,Hard,138,1,0.0240572,0.992149,8.35535
HierarchySmart,300,Hard,139,3,4.70822,0.992039,8.35181
HierarchySmart,300,Hard,140,1,1.82228,0.992039,8.35235
HierarchySmart,300,Hard,141,1,0.0176015,0.992039,8.35235
HierarchySmart,300,Hard,142,1,0.0218059,0.99202,8.35239
HierarchySmart,300,Hard,143,1,0.0283517,0.99202,8.35339
HierarchySmart,300,Hard,144,1,0.0134358,0.99202,8.35339
HierarchySmart,300,Hard,145,1,0.0491356,0.99202,8.35341
HierarchySmart,300,Hard,146,1,0.0351788,0.99202,8.35347
HierarchySmart,300,Hard,147,1,0.0113575,0.99202,8.35349
HierarchySmart,300,Hard,148,1,0.0159296,0.992002,8.35351
HierarchySmart,300,Hard,149,1,0.0508376,0.992002,8.35351
HierarchySmart,300,Hard,150,1,2.61907,0.992002,8.35488
HierarchySmart,300,Hard,151,1,4.89971,0.992131,8.34698
HierarchySmart,300,Hard,152,1,0.00778568,0.992131,8.34702
HierarchySmart,300,Hard,153,1,0.011229,0.992112,8.34706
HierarchySmart,300,Hard,154,1,0.0179143,0.992112,8.34752
HierarchySmart,300,Hard,155,1,0.0183233,0.992112,8.34754
HierarchySmart,300,Hard,156,1,2.5818,0.992112,8.34745
HierarchySmart,300,Hard,157,1,0.0254479,0.992112,8.34743
HierarchySmart,300,Hard,158,1,0.0322653,0.992112,8.34758
HierarchySmart,300,Hard,159,1,0.0191539,0.992112,8.3476
HierarchySmart,300,Hard,160,3,0.0562381,0.992112,8.34767
HierarchySmart,300,Hard,161,1,0.0117074,0.992112,8.34775
HierarchySmart,300,Hard,162,1,0.0197058,0.992094,8.34775
HierarchySmart,300,Hard,163,1,0.0131267,0.992094,8.34773
HierarchySmart,300,Hard,164,1,0.0305448,0.992112,8.34802
HierarchySmart,300,Hard,165,1,0.02092,0.992112,8.34802
HierarchySmart,300,Hard,166,2,0.0541099,0.992112,8.34789
HierarchySmart,300,Hard,167,1,0.0101888,0.992112,8.34791
HierarchySmart,300,Hard,168,1,0.0191494,0.992112,8.34784
HierarchySmart,300,Hard,169,1,0.0111092,0.992112,8.34784
HierarchySmart,300,Hard,170,5,0.0784862,0.992094,8.3481
HierarchySmart,300,Hard,171,1,0.0438554,0.992075,8.34757
HierarchySmart,300,Hard,172,1,0.0123774,0.992075,8.34752
HierarchySmart,300,Hard,173,1,0.0282642,0.992075,8.34759
HierarchySmart,300,Hard,174,1,0.0136234,0.992075,8.34761
HierarchySmart,300,Hard,175,2,0.0460623,0.992039,8.34753
HierarchySmart,300,Hard,176,1,0.0121356,0.99202,8.34759
HierarchySmart,300,Hard,177,1,0.0463894,0.991818,8.34852
HierarchySmart,300,Hard,178,1,0.01893,0.9918,8.34865
HierarchySmart,300,Hard,179,1,0.0137626,0.9918,8.34869
HierarchySmart,300,Hard,180,2,2.64604,0.9918,8.349
HierarchySmart,300,Hard,181,1,0.00791438,0.9918,8.34906
HierarchySmart,300,Hard,182,1,2.46085,0.991671,8.34784
HierarchySmart,300,Hard,183,3,0.0781961,0.991653,8.34794
HierarchySmart,300,Hard,184,1,1.98297,0.991597,8.34739
HierarchySmart,300,Hard,185,2,0.0380976,0.991579,8.34771
HierarchySmart,300,Hard,186,1,0.0196953,0.991579,8.34866
HierarchySmart,300,Hard,187,1,1.72168,0.991597,8.34915
HierarchySmart,300,Hard,188,1,0.0287156,0.991597,8.34987
HierarchySmart,300,Hard,189,2,0.0411564,0.991597,8.34998
HierarchySmart,300,Hard,190,1,0.0125947,0.991597,8.35
HierarchySmart,300,Hard,191,1,0.0263128,0.991597,8.34976
HierarchySmart,300,Hard,192,1,0.0119183,0.991597,8.3498
HierarchySmart,300,Hard,193,3,0.0541239,0.991597,8.34978
HierarchySmart,300,Hard,194,1,0.0232175,0.991579,8.34975
HierarchySmart,300,Hard,195,1,2.50364,0.991597,8.3571
HierarchySmart,300,Hard,196,1,0.0120712,0.991597,8.3571
HierarchySmart,300,Hard,197,1,0.013942,0.991597,8.35712
HierarchySmart,300,Hard,198,1,0.0128685,0.991579,8.35713
HierarchySmart,300,Hard,199,1,0.0134437,0.991579,8.35711
HierarchySmart,300,Hard,200,2,0.0633624,0.991561,8.35706
HierarchySmart,300,Hard,201,3,2.2799,0.991561,8.3578
HierarchySmart,300,Hard,202,1,0.0194388,0.991561,8.35767
HierarchySmart,300,Hard,203,2,0.0432535,0.991561,8.35769
HierarchySmart,300,Hard,204,1,0.0228455,0.991542,8.35768
HierarchySmart,300,Hard,205,2,0.0357957,0.991524,8.35756
HierarchySmart,300,Hard,206,1,0.0350198,0.991524,8.35759
HierarchySmart,300,Hard,207,1,0.0327514,0.991524,8.35759
HierarchySmart,300,Hard,208,1,0.0359467,0.991524,8.35763
HierarchySmart,300,Hard,209,5,3.66574,0.991505,8.35864
HierarchySmart,300,Hard,210,1,1.8509,0.991505,8.35903
HierarchySmart,300,Hard,211,1,0.0172693,0.991505,8.35908
HierarchySmart,300,Hard,212,1,0.0312373,0.991505,8.35908
HierarchySmart,300,Hard,213,1,0.00949005,0.991505,8.3592
HierarchySmart,300,Hard,214,2,0.0338635,0.991487,8.35946
HierarchySmart,300,Hard,215,1,0.0318109,0.991469,8.35941
HierarchySmart,300,Hard,216,1,0.0115171,0.991469,8.35951
HierarchySmart,300,Hard,217,1,0.0239155,0.991432,8.36052
HierarchySmart,300,Hard,218,1,3.10473,0.991432,8.35969
HierarchySmart,300,Hard,219,1,4.89947,0.991487,8.35153
HierarchySmart,300,Hard,220,1,0.00750468,0.991469,8.35162
HierarchySmart,300,Hard,221,1,0.0177377,0.991469,8.3524
HierarchySmart,300,Hard,222,1,2.35744,0.991469,8.35531
HierarchySmart,300,Hard,223,1,0.0231114,0.991469,8.3553
HierarchySmart,300,Hard,224,1,0.010392,0.991469,8.35544
HierarchySmart,300,Hard,225,2,2.82339,0.991469,8.35724
HierarchySmart,300,Hard,226,2,0.0284135,0.991487,8.35722
HierarchySmart,300,Hard,227,1,3.47241,0.991487,8.36104
HierarchySmart,300,Hard,228,3,0.0568669,0.991487,8.36115
HierarchySmart,300,Hard,229,1,0.034553,0.991469,8.36101
HierarchySmart,300,Hard,230,1,3.6145,0.991487,8.3733
HierarchySmart,300,Hard,231,1,0.025227,0.991487,8.37331
HierarchySmart,300,Hard,232,1,0.0370339,0.991487,8.37333
HierarchySmart,300,Hard,233,1,2.31508,0.991487,8.37204
HierarchySmart,300,Hard,234,1,0.0183893,0.991487,8.37207
HierarchySmart,300,Hard,235,1,0.0331713,0.991487,8.37211
HierarchySmart,300,Hard,236,1,0.0230954,0.991469,8.37213
HierarchySmart,300,Hard,237,1,0.0154629,0.991469,8.37215
HierarchySmart,300,Hard,238,1,0.0264718,0.991469,8.37215
HierarchySmart,300,Hard,239,1,0.0309285,0.991469,8.37202
HierarchySmart,300,Hard,240,1,0.0137248,0.991469,8.37201
HierarchySmart,300,Hard,241,1,0.0200573,0.991469,8.37202
HierarchySmart,300,Hard,242,1,0.0121484,0.991469,8.37277
HierarchySmart,300,Hard,243,1,0.0126341,0.991469,8.3728
HierarchySmart,300,Hard,244,1,0.0276826,0.99145,8.37264
HierarchySmart,300,Hard,245,1,0.0267665,0.99145,8.37264
HierarchySmart,300,Hard,246,1,0.0118707,0.99145,8.37268
HierarchySmart,300,Hard,247,1,1.20856,0.991469,8.37254
HierarchySmart,300,Hard,248,1,0.00934541,0.991469,8.37262
HierarchySmart,300,Hard,249,1,0.0096527,0.991469,8.37273
HierarchySmart,300,Hard,250,1,0.0168752,0.991469,8.3728
HierarchySmart,300,Hard,251,1,2.23176,0.991524,8.37252
HierarchySmart,300,Hard,252,1,0.0200263,0.991505,8.37245
HierarchySmart,300,Hard,253,1,0.0302499,0.991487,8.37244
HierarchySmart,300,Hard,254,4,4.89723,0.991469,8.35541
HierarchySmart,300,Hard,255,1,2.37899,0.991469,8.3571
HierarchySmart,300,Hard,256,1,0.0404178,0.99145,8.35708
HierarchySmart,300,Hard,257,3,8.00967,0.992296,8.34887
HierarchySmart,300,Hard,258,1,0.00866941,0.992278,8.34885
HierarchySmart,300,Hard,259,1,0.00674087,0.992278,8.34897
HierarchySmart,300,Hard,260,1,0.0253468,0.992278,8.349
HierarchySmart,300,Hard,261,1,0.0290208,0.992259,8.34892
HierarchySmart,300,Hard,262,1,0.0241439,0.992259,8.34901
HierarchySmart,300,Hard,263,1,0.0443813,0.992241,8.34887
HierarchySmart,300,Hard,264,1,0.0300184,0.991855,8.34808
HierarchySmart,300,Hard,265,1,0.0245052,0.991836,8.34816
HierarchySmart,300,Hard,266,1,0.0164577,0.991818,8.34861
HierarchySmart,300,Hard,267,2,0.0511709,0.991818,8.34865
HierarchySmart,300,Hard,268,1,0.0231884,0.991818,8.34863
HierarchySmart,300,Hard,269,1,0.018668,0.991818,8.34865
HierarchySmart,300,Hard,270,1,0.0200876,0.991818,8.34868
HierarchySmart,300,Hard,271,1,0.0280211,0.991818,8.34868
HierarchySmart,300,Hard,272,1,0.0223397,0.991818,8.34915
HierarchySmart,300,Hard,273,1,0.029027,0.991818,8.34926
HierarchySmart,300,Hard,274,1,0.0287749,0.9918,8.34928
HierarchySmart,300,Hard,275,1,0.0145847,0.9918,8.34932
HierarchySmart,300,Hard,276,2,2.47385,0.991836,8.3492
HierarchySmart,300,Hard,277,1,0.0142173,0.991836,8.34923
HierarchySmart,300,Hard,278,1,1.2794,0.991836,8.34947
HierarchySmart,300,Hard,279,1,0.01297,0.991818,8.34959
HierarchySmart,300,Hard,280,1,3.11522,0.991836,8.35131
HierarchySmart,300,Hard,281,1,0.0140494,0.991836,8.35131
HierarchySmart,300,Hard,282,1,0.0307739,0.991836,8.35138
HierarchySmart,300,Hard,283,1,0.00965098,0.991836,8.35138
HierarchySmart,300,Hard,284,2,1.86469,0.991836,8.35131
HierarchySmart,300,Hard,285,1,0.0125443,0.991818,8.35133
HierarchySmart,300,Hard,286,1,0.00964787,0.991818,8.35139
HierarchySmart,300,Hard,287,1,0.0132936,0.9918,8.35145
HierarchySmart,300,Hard,288,2,0.0239869,0.991763,8.35202
HierarchySmart,300,Hard,289,1,0.0240689,0.991763,8.35202
HierarchySmart,300,Hard,290,2,0.0349011,0.991708,8.35269
HierarchySmart,300,Hard,291,1,0.0198396,0.991708,8.35267
HierarchySmart,300,Hard,292,1,0.0267531,0.991689,8.35247
HierarchySmart,300,Hard,293,1,0.0193436,0.991689,8.35257
HierarchySmart,300,Hard,294,2,1.14672,0.991689,8.35227
HierarchySmart,300,Hard,295,1,1.69892,0.991763,8.35267
HierarchySmart,300,Hard,296,1,0.0148427,0.991745,8.35273
HierarchySmart,300,Hard,297,1,0.0243292,0.991745,8.35273
HierarchySmart,300,Hard,298,1,0.0142208,0.991745,8.35277
HierarchySmart,300,Hard,299,1,0.0392392,0.991745,8.35277
HierarchySmart,300,Hard,300,1,0.933183,0.991745,8.3526
HierarchySmart,300,Hard,301,1,0.0277247,0.991726,8.3527
HierarchySmart,300,Hard,302,1,0.0114269,0.991708,8.3528
HierarchySmart,300,Hard,303,1,0.0411929,0.991708,8.3528
HierarchySmart,300,Hard,304,1,0.0103749,0.991708,8.35276
HierarchySmart,300,Hard,305,1,0.0107084,0.991708,8.35276
HierarchySmart,300,Hard,306,1,0.0215695,0.991708,8.35284
HierarchySmart,300,Hard,307,1,0.0282391,0.991708,8.35295
HierarchySmart,300,Hard,308,1,0.0128046,0.991689,8.35296
HierarchySmart,300,Hard,309,1,0.0173296,0.991689,8.35294
HierarchySmart,300,Hard,310,1,0.0122986,0.991671,8.35305
HierarchySmart,300,Hard,311,1,0.0227404,0.991653,8.35297
HierarchySmart,300,Hard,312,1,0.0657412,0.991634,8.35303
HierarchySmart,300,Hard,313,1,4.87243,0.991634,8.35053
HierarchySmart,300,Hard,314,1,0.631644,0.991634,8.35025
HierarchySmart,300,Hard,315,1,0.017097,0.991634,8.35025
HierarchySmart,300,Hard,316,1,0.0137254,0.991634,8.35027
HierarchySmart,300,Hard,317,2,3.08769,0.991616,8.35018
HierarchySmart,300,Hard,318,1,0.0128168,0.991597,8.35028
HierarchySmart,300,Hard,319,1,0.0249274,0.991579,8.35016
HierarchySmart,300,Hard,320,1,0.0634192,0.991469,8.34725
HierarchySmart,300,Hard,321,1,1.72593,0.991542,8.34702
HierarchySmart,300,Hard,322,1,2.67453,0.991524,8.34751
HierarchySmart,300,Hard,323,1,0.0243746,0.991524,8.34754
HierarchySmart,300,Hard,324,1,0.0153697,0.991524,8.34756
HierarchySmart,300,Hard,325,2,0.0324085,0.991524,8.34758
HierarchySmart,300,Hard,326,1,0.0143809,0.991524,8.3476
HierarchySmart,300,Hard,327,1,0.0308581,0.991505,8.34731
HierarchySmart,300,Hard,328,1,0.0211965,0.991505,8.34729
HierarchySmart,300,Hard,329,1,0.0232741,0.991487,8.34722
HierarchySmart,300,Hard,330,2,3.74546,0.991505,8.3347
HierarchySmart,300,Hard,331,3,0.0380856,0.991505,8.33546
HierarchySmart,300,Hard,332,1,0.0132539,0.991505,8.3355
HierarchySmart,300,Hard,333,1,0.0130551,0.991487,8.33552
HierarchySmart,300,Hard,334,1,0.920211,0.991505,8.33453
HierarchySmart,300,Hard,335,1,0.00909226,0.991505,8.33455
HierarchySmart,300,Hard,336,1,5.18251,0.991505,8.33433
HierarchySmart,300,Hard,337,1,0.0148469,0.991505,8.33427
HierarchySmart,300,Hard,338,1,0.0291229,0.991487,8.33424
HierarchySmart,300,Hard,339,2,0.0585778,0.991487,8.33433
HierarchySmart,300,Hard,340,1,0.0279675,0.991469,8.33427
HierarchySmart,300,Hard,341,1,0.0183292,0.99145,8.3342
HierarchySmart,300,Hard,342,1,0.0159073,0.99145,8.33425
HierarchySmart,300,Hard,343,1,0.0259135,0.99145,8.33425
HierarchySmart,300,Hard,344,2,0.0314787,0.991469,8.33425
HierarchySmart,300,Hard,345,1,0.0295179,0.991469,8.33425
HierarchySmart,300,Hard,346,2,0.0382089,0.991469,8.33434
HierarchySmart,300,Hard,347,1,0.0153922,0.991469,8.3344
HierarchySmart,300,Hard,348,1,0.0152889,0.991432,8.33428
HierarchySmart,300,Hard,349,1,0.0205737,0.991414,8.33432
HierarchySmart,300,Hard,350,1,0.0132567,0.991414,8.33434
HierarchySmart,300,Hard,351,1,1.80017,0.991414,8.33686
HierarchySmart,300,Hard,352,1,0.0229107,0.991395,8.33683
HierarchySmart,300,Hard,353,1,0.0126662,0.991395,8.33687
HierarchySmart,300,Hard,354,1,3.17988,0.991395,8.33691
HierarchySmart,300,Hard,355,1,0.0119857,0.991395,8.33691
HierarchySmart,300,Hard,356,1,0.0130267,0.991395,8.33691
HierarchySmart,300,Hard,357,1,1.1952,0.991395,8.33696
HierarchySmart,300,Hard,358,1,0.0232016,0.991395,8.33694
HierarchySmart,300,Hard,359,3,2.89823,0.99134,8.33954
HierarchySmart,300,Hard,360,1,0.0089292,0.99134,8.33954
HierarchySmart,300,Hard,361,1,0.019631,0.991322,8.33968
HierarchySmart,300,Hard,362,1,0.0215742,0.991322,8.34005
HierarchySmart,300,Hard,363,1,0.0454159,0.991322,8.34008
HierarchySmart,300,Hard,364,1,0.0144299,0.991322,8.34031
HierarchySmart,300,Hard,365,1,0.0187732,0.991322,8.34036
HierarchySmart,300,Hard,366,1,0.0124695,0.991322,8.34038
HierarchySmart,300,Hard,367,1,0.00816864,0.991322,8.3404
HierarchySmart,300,Hard,368,1,0.0113664,0.991322,8.34031
HierarchySmart,300,Hard,369,1,0.0160657,0.991303,8.34044
HierarchySmart,300,Hard,370,1,0.0185634,0.991303,8.34048
HierarchySmart,300,Hard,371,2,0.0454146,0.991285,8.34045
HierarchySmart,300,Hard,372,1,0.01241,0.991266,8.34059
HierarchySmart,300,Hard,373,1,0.015601,0.991266,8.34068
HierarchySmart,300,Hard,374,1,0.022404,0.991248,8.34059
HierarchySmart,300,Hard,375,1,0.00922591,0.991248,8.34074
HierarchySmart,300,Hard,376,1,0.0295762,0.99123,8.34067
HierarchySmart,300,Hard,377,1,0.0286291,0.991211,8.34049
HierarchySmart,300,Hard,378,1,0.0176422,0.991193,8.3405
HierarchySmart,300,Hard,379,1,0.0244334,0.991193,8.3405
HierarchySmart,300,Hard,380,1,0.0113733,0.991193,8.34043
HierarchySmart,300,Hard,381,1,0.0352854,0.991175,8.34045
HierarchySmart,300,Hard,382,1,2.38481,0.991175,8.34167
HierarchySmart,300,Hard,383,3,0.0264882,0.991138,8.34184
HierarchySmart,300,Hard,384,1,0.0321786,0.991138,8.34185
HierarchySmart,300,Hard,385,1,0.0474406,0.991138,8.34187
HierarchySmart,300,Hard,386,1,0.0123007,0.991138,8.34191
HierarchySmart,300,Hard,387,1,0.0386629,0.991119,8.34188
HierarchySmart,300,Hard,388,2,0.0417496,0.991119,8.34193
HierarchySmart,300,Hard,389,2,0.0638872,0.991119,8.34208
HierarchySmart,300,Hard,390,1,1.94174,0.991119,8.34279
HierarchySmart,300,Hard,391,2,1.2378,0.991119,8.34281
HierarchySmart,300,Hard,392,1,0.0106962,0.991101,8.34283
HierarchySmart,300,Hard,393,1,0.0242756,0.991119,8.3429
HierarchySmart,300,Hard,394,1,1.71629,0.991064,8.34214
HierarchySmart,300,Hard,395,1,0.0346207,0.991064,8.34214
HierarchySmart,300,Hard,396,1,0.0137243,0.991064,8.34218
HierarchySmart,300,Hard,397,1,0.0292748,0.991064,8.34223
HierarchySmart,300,Hard,398,1,0.0185439,0.991064,8.34223
HierarchySmart,300,Hard,399,1,0.0358978,0.991064,8.34227
HierarchySmart,300,Hard,400,1,0.0126444,0.991064,8.34229
HierarchySmart,300,Hard,401,1,1.19139,0.991064,8.34351
HierarchySmart,300,Hard,402,1,0.015769,0.991064,8.34351
HierarchySmart,300,Hard,403,1,2.48256,0.990788,8.34365
HierarchySmart,300,Hard,404,1,0.0117122,0.990788,8.34366
HierarchySmart,300,Hard,405,1,2.46433,0.990788,8.34281
HierarchySmart,300,Hard,406,1,1.4895,0.990825,8.34259
HierarchySmart,300,Hard,407,1,1.76236,0.990825,8.34343
HierarchySmart,300,Hard,408,1,2.21647,0.990844,8.34661
HierarchySmart,300,Hard,409,1,1.83039,0.99077,8.34554
HierarchySmart,300,Hard,410,1,0.0126274,0.990752,8.34559
HierarchySmart,300,Hard,411,1,0.0145759,0.990752,8.346
HierarchySmart,300,Hard,412,1,0.0239993,0.990752,8.34598
HierarchySmart,300,Hard,413,1,0.0221874,0.990733,8.34597
HierarchySmart,300,Hard,414,1,2.09325,0.990733,8.34888
HierarchySmart,300,Hard,415,1,11.9453,0.990733,8.35612
HierarchySmart,300,Hard,416,1,0.0203778,0.990715,8.35609
HierarchySmart,300,Hard,417,1,0.0115911,0.990715,8.3561
HierarchySmart,300,Hard,418,1,2.28891,0.990752,8.35513
HierarchySmart,300,Hard,419,1,0.0144594,0.990752,8.35537
HierarchySmart,300,Hard,420,1,0.0205446,0.990752,8.35537
HierarchySmart,300,Hard,421,2,1.15922,0.990733,8.35534
HierarchySmart,300,Hard,422,1,0.0117795,0.990733,8.35541
HierarchySmart,300,Hard,423,2,0.02967,0.990733,8.35539
HierarchySmart,300,Hard,424,1,0.0473887,0.990715,8.35544
HierarchySmart,300,Hard,425,1,0.014092,0.990715,8.35549
HierarchySmart,300,Hard,426,1,0.0174827,0.990696,8.35537
HierarchySmart,300,Hard,427,1,0.023741,0.990678,8.35539
HierarchySmart,300,Hard,428,1,0.0191919,0.990678,8.35539
HierarchySmart,300,Hard,429,1,0.0267255,0.990678,8.35543
HierarchySmart,300,Hard,430,2,2.79704,0.990678,8.36323
HierarchySmart,300,Hard,431,1,0.00653607,0.990678,8.36328
HierarchySmart,300,Hard,432,1,0.0153816,0.990678,8.36323
HierarchySmart,300,Hard,433,1,0.0172229,0.990678,8.36297
HierarchySmart,300,Hard,434,1,0.0141895,0.990678,8.3631
HierarchySmart,300,Hard,435,1,0.0180096,0.990678,8.36308
HierarchySmart,300,Hard,436,1,0.0275096,0.990678,8.36308
HierarchySmart,300,Hard,437,1,0.0124981,0.990678,8.36312
HierarchySmart,300,Hard,438,1,0.0091179,0.99066,8.3632
HierarchySmart,300,Hard,439,1,0.018359,0.990678,8.36317
HierarchySmart,300,Hard,440,1,2.26842,0.990678,8.36445
HierarchySmart,300,Hard,441,1,0.0208745,0.990678,8.36449
HierarchySmart,300,Hard,442,1,0.017361,0.990678,8.36462
HierarchySmart,300,Hard,443,1,0.0435895,0.990678,8.36443
HierarchySmart,300,Hard,444,1,0.0187751,0.99066,8.36487
HierarchySmart,300,Hard,445,1,0.0357418,0.990678,8.36508
HierarchySmart,300,Hard,446,1,0.0252569,0.99066,8.36513
HierarchySmart,300,Hard,447,1,0.017604,0.99066,8.36503
HierarchySmart,300,Hard,448,1,0.0357947,0.99066,8.36507
HierarchySmart,300,Hard,449,1,2.00692,0.99066,8.36609
HierarchySmart,300,Hard,450,1,0.0305706,0.99066,8.36583
HierarchySmart,300,Hard,451,1,0.0272037,0.99066,8.36583
HierarchySmart,300,Hard,452,1,0.0107821,0.99066,8.36583
HierarchySmart,300,Hard,453,1,0.0212519,0.99066,8.36592
HierarchySmart,300,Hard,454,1,0.0362837,0.990605,8.36557
HierarchySmart,300,Hard,455,8,4.85887,0.99066,8.36477
HierarchySmart,300,Hard,456,1,0.018062,0.990641,8.36467
HierarchySmart,300,Hard,457,1,2.16504,0.990641,8.36649
HierarchySmart,300,Hard,458,1,0.0152295,0.990641,8.36658
HierarchySmart,300,Hard,459,1,0.0133074,0.990586,8.3672
HierarchySmart,300,Hard,460,1,0.0204946,0.990568,8.36718
HierarchySmart,300,Hard,461,1,0.0201384,0.990568,8.36718
HierarchySmart,300,Hard,462,1,0.0124173,0.990568,8.36722
HierarchySmart,300,Hard,463,1,0.0107825,0.990568,8.3672
HierarchySmart,300,Hard,464,1,0.0472984,0.990549,8.36721
HierarchySmart,300,Hard,465,1,0.0163033,0.990549,8.36754
HierarchySmart,300,Hard,466,1,0.0127638,0.990531,8.36757
HierarchySmart,300,Hard,467,1,0.0228614,0.990531,8.36761
HierarchySmart,300,Hard,468,1,0.0101695,0.990513,8.36776
HierarchySmart,300,Hard,469,1,0.0115855,0.990513,8.36778
HierarchySmart,300,Hard,470,1,0.0182237,0.990513,8.3677
HierarchySmart,300,Hard,471,1,0.0185536,0.990513,8.36752
HierarchySmart,300,Hard,472,1,0.0150032,0.990513,8.36754
HierarchySmart,300,Hard,473,1,0.0264557,0.990494,8.36738
HierarchySmart,300,Hard,474,2,0.0684636,0.990439,8.36725
HierarchySmart,300,Hard,475,1,2.36757,0.990439,8.36703
HierarchySmart,300,Hard,476,1,0.0379613,0.990421,8.36709
HierarchySmart,300,Hard,477,1,0.0160733,0.990421,8.36778
HierarchySmart,300,Hard,478,1,0.0207808,0.990421,8.36778
HierarchySmart,300,Hard,479,1,0.0106713,0.990421,8.36781
HierarchySmart,300,Hard,480,1,0.0180221,0.990421,8.36783
HierarchySmart,300,Hard,481,1,0.0317975,0.990421,8.36779
HierarchySmart,300,Hard,482,1,0.0172381,0.990421,8.36785
HierarchySmart,300,Hard,483,1,0.0268583,0.990421,8.36791
HierarchySmart,300,Hard,484,1,0.0149229,0.990421,8.36789
HierarchySmart,300,Hard,485,1,0.0195566,0.990421,8.36791
HierarchySmart,300,Hard,486,1,0.0125888,0.990402,8.36786
HierarchySmart,300,Hard,487,1,0.0135855,0.990384,8.36794
HierarchySmart,300,Hard,488,1,0.0125224,0.990384,8.36796
HierarchySmart,300,Hard,489,1,0.012363,0.990384,8.36798
HierarchySmart,300,Hard,490,1,0.0191458,0.990384,8.36798
HierarchySmart,300,Hard,491,1,0.0188133,0.990366,8.36789
HierarchySmart,300,Hard,492,1,0.0230403,0.990366,8.36795
HierarchySmart,300,Hard,493,1,0.0229013,0.990366,8.36796
HierarchySmart,300,Hard,494,1,0.00844583,0.990347,8.3681
HierarchySmart,300,Hard,495,1,0.020846,0.990329,8.36801
HierarchySmart,300,Hard,496,1,0.0194654,0.990329,8.36809
HierarchySmart,300,Hard,497,1,0.0390483,0.990347,8.36806
HierarchySmart,300,Hard,498,1,0.0170246,0.990329,8.36801
HierarchySmart,300,Hard,499,1,1.7767,0.990384,8.36887
HierarchySmart,300,Hard,500,1,0.00703062,0.990384,8.36909
HierarchySmart,300,Hard,501,1,2.64215,0.990384,8.36798
HierarchySmart,300,Hard,502,1,7.38492,0.990788,8.37321
HierarchySmart,300,Hard,503,1,3.05652,0.990807,8.37324
HierarchySmart,300,Hard,504,1,1.74324,0.990825,8.37295
HierarchySmart,300,Hard,505,1,2.91716,0.990862,8.37552
HierarchySmart,300,Hard,506,1,0.0105674,0.990862,8.37559
HierarchySmart,300,Hard,507,1,2.3804,0.990862,8.37522
HierarchySmart,300,Hard,508,1,0.0360091,0.990844,8.37526
HierarchySmart,300,Hard,509,1,0.0125762,0.990825,8.37533
HierarchySmart,300,Hard,510,1,0.0100211,0.990807,8.37528
HierarchySmart,300,Hard,511,1,0.0170974,0.990807,8.3753
HierarchySmart,300,Hard,512,1,0.0381256,0.990715,8.3745
HierarchySmart,300,Hard,513,1,0.0133742,0.990715,8.3745
HierarchySmart,300,Hard,514,1,0.0208822,0.990715,8.37437
HierarchySmart,300,Hard,515,1,0.0101808,0.990715,8.3744
HierarchySmart,300,Hard,516,1,0.0090196,0.990715,8.37435
HierarchySmart,300,Hard,517,1,0.0200754,0.990715,8.37433
HierarchySmart,300,Hard,518,1,0.0324123,0.990696,8.37445
HierarchySmart,300,Hard,519,1,0.0119824,0.990696,8.37456
HierarchySmart,300,Hard,520,3,0.0444848,0.99066,8.37457
HierarchySmart,300,Hard,521,1,0.0512928,0.99066,8.37468
HierarchySmart,300,Hard,522,1,1.02801,0.99066,8.37472
HierarchySmart,300,Hard,523,1,0.0137374,0.99066,8.37474
HierarchySmart,300,Hard,524,1,1.57931,0.99066,8.37506
HierarchySmart,300,Hard,525,5,0.0722974,0.990641,8.37512
HierarchySmart,300,Hard,526,1,1.92671,0.99066,8.37519
HierarchySmart,300,Hard,527,1,1.73414,0.990678,8.37501
HierarchySmart,300,Hard,528,1,1.81044,0.990678,8.37679
HierarchySmart,300,Hard,529,1,0.0314003,0.990678,8.37687
HierarchySmart,300,Hard,530,2,1.69337,0.990696,8.37636
HierarchySmart,300,Hard,531,1,0.116935,0.990678,8.37601
HierarchySmart,300,Hard,532,1,0.0123569,0.99066,8.37595
HierarchySmart,300,Hard,533,3,0.0934651,0.99066,8.37654
HierarchySmart,300,Hard,534,1,0.0139294,0.99066,8.37676
HierarchySmart,300,Hard,535,1,0.0183328,0.99066,8.37676
HierarchySmart,300,Hard,536,2,0.0424719,0.99066,8.37715
HierarchySmart,300,Hard,537,2,0.0247411,0.99066,8.37717
HierarchySmart,300,Hard,538,1,0.0110961,0.99066,8.37719
HierarchySmart,300,Hard,539,1,0.0115551,0.990641,8.37714
HierarchySmart,300,Hard,540,1,0.011544,0.990641,8.37714
HierarchySmart,300,Hard,541,1,0.0181313,0.990641,8.3771
HierarchySmart,300,Hard,542,1,0.0268448,0.990641,8.37716
HierarchySmart,300,Hard,543,1,0.0277844,0.990641,8.37718
HierarchySmart,300,Hard,544,1,7.2077,0.991358,8.37446
HierarchySmart,300,Hard,545,1,0.043992,0.991248,8.37617
HierarchySmart,300,Hard,546,1,0.0179254,0.991248,8.37632
HierarchySmart,300,Hard,547,1,0.0293444,0.991248,8.37632
HierarchySmart,300,Hard,548,1,0.0262478,0.991248,8.3763
HierarchySmart,300,Hard,549,1,0.0107978,0.991211,8.37633
HierarchySmart,300,Hard,550,1,0.0205368,0.991193,8.37628
HierarchySmart,300,Hard,551,3,0.052008,0.991193,8.37645
HierarchySmart,300,Hard,552,1,0.0131546,0.991193,8.37658
HierarchySmart,300,Hard,553,1,0.0250543,0.991193,8.37658
HierarchySmart,300,Hard,554,1,2.23947,0.991211,8.37704
HierarchySmart,300,Hard,555,1,0.0260201,0.991193,8.37689
HierarchySmart,300,Hard,556,1,0.057957,0.991193,8.37689
HierarchySmart,300,Hard,557,1,0.0375689,0.991193,8.37678
HierarchySmart,300,Hard,558,1,0.0274089,0.991193,8.37652
HierarchySmart,300,Hard,559,1,0.0216443,0.991193,8.37654
HierarchySmart,300,Hard,560,2,0.057512,0.991193,8.37652
HierarchySmart,300,Hard,561,1,4.73075,0.991211,8.36962
HierarchySmart,300,Hard,562,1,2.55201,0.991138,8.36775
HierarchySmart,300,Hard,563,1,0.0171762,0.991083,8.36729
HierarchySmart,300,Hard,564,1,0.0253623,0.991064,8.36754
HierarchySmart,300,Hard,565,1,0.877363,0.991064,8.36746
HierarchySmart,300,Hard,566,1,0.0318278,0.991064,8.36748
HierarchySmart,300,Hard,567,3,0.0927846,0.990641,8.36324
HierarchySmart,300,Hard,568,1,0.0161281,0.990641,8.3633
HierarchySmart,300,Hard,569,1,0.0317153,0.990641,8.36337
HierarchySmart,300,Hard,570,1,0.0312152,0.990623,8.36323
HierarchySmart,300,Hard,571,1,0.0147204,0.990623,8.36327
HierarchySmart,300,Hard,572,1,0.0253372,0.990623,8.36351
HierarchySmart,300,Hard,573,1,2.8745,0.990623,8.36627
HierarchySmart,300,Hard,574,1,2.84259,0.990972,8.36538
HierarchySmart,300,Hard,575,1,0.0120941,0.990972,8.36544
HierarchySmart,300,Hard,576,1,0.0607733,0.990954,8.36535
HierarchySmart,300,Hard,577,1,0.0338608,0.990954,8.36537
HierarchySmart,300,Hard,578,1,0.0201365,0.990936,8.36527
HierarchySmart,300,Hard,579,1,0.0916235,0.990917,8.36527
HierarchySmart,300,Hard,580,1,0.0289426,0.990917,8.36531
HierarchySmart,300,Hard,581,1,0.016999,0.990917,8.36535
HierarchySmart,300,Hard,582,1,0.0219937,0.990917,8.36537
HierarchySmart,300,Hard,583,1,0.0138907,0.990917,8.36594
HierarchySmart,300,Hard,584,1,1.32178,0.990917,8.36698
HierarchySmart,300,Hard,585,1,0.0199648,0.990917,8.36709
HierarchySmart,300,Hard,586,1,2.18541,0.990936,8.36482
HierarchySmart,300,Hard,587,1,0.00888425,0.990936,8.36488
HierarchySmart,300,Hard,588,1,0.0183151,0.990936,8.36473
HierarchySmart,300,Hard,589,1,0.0388763,0.990936,8.36419
HierarchySmart,300,Hard,590,1,0.0172404,0.990917,8.36438
HierarchySmart,300,Hard,591,1,0.0438295,0.990899,8.36459
HierarchySmart,300,Hard,592,1,0.0127697,0.99088,8.36464
HierarchySmart,300,Hard,593,1,0.0200071,0.99088,8.36466
HierarchySmart,300,Hard,594,1,0.0275591,0.99088,8.36469
HierarchySmart,300,Hard,595,1,0.0133787,0.99088,8.36473
HierarchySmart,300,Hard,596,1,0.0234226,0.99088,8.36464
HierarchySmart,300,Hard,597,1,0.00820753,0.99088,8.36462
HierarchySmart,300,Hard,598,1,0.0081724,0.99088,8.36467
HierarchySmart,300,Hard,599,1,0.0126817,0.99088,8.36471
HierarchySmart,300,Hard,600,1,0.0140333,0.99088,8.36469
